family,success_probability,delay_slots,capacity,capacity_ratio,method,seeds,total_excess_pct_mean,total_excess_pct_ci_low,total_excess_pct_ci_high,pre_excess_pct_mean,pre_excess_pct_ci_low,pre_excess_pct_ci_high,post_excess_pct_mean,post_excess_pct_ci_low,post_excess_pct_ci_high,delivery_rate_mean,delivery_rate_ci_low,delivery_rate_ci_high,detected_fraction_mean,detected_fraction_ci_low,detected_fraction_ci_high,calendar_delay_mean,calendar_delay_ci_low,calendar_delay_ci_high,observation_delay_mean,observation_delay_ci_low,observation_delay_ci_high,pre_alarms_mean,pre_alarms_ci_low,pre_alarms_ci_high,post_unchanged_alarms_mean,post_unchanged_alarms_ci_low,post_unchanged_alarms_ci_high
delivery,1.0,0,4,0.2,cumulative_ucb_cv,12,7.769984781043012,7.1365019159390535,8.40346764614697,6.303880072613723,5.43032918321816,7.177430962009287,9.53773388085792,8.58364171188621,10.491826049829628,1.0,1.0,1.0,nan,nan,nan,nan,nan,nan,nan,nan,nan,0.0,0.0,0.0,0.0,0.0,0.0
delivery,1.0,0,4,0.2,sco_reset_ucb,12,5.4802283578863475,4.875075707388265,6.08538100838443,6.324730820587296,5.443594593356269,7.205867047818322,4.5410905621821955,4.001039225543132,5.081141898821259,1.0,1.0,1.0,0.9614284971445359,0.9428749998838905,0.9799819944051814,37.18927498511227,36.37722164237934,38.0013283278452,7.455921546478354,7.380725480061094,7.531117612895614,1.25,0.76,1.74,1.0833333333333333,0.5196773382369616,1.6469893284297048
delivery,1.0,0,4,0.2,ps_forced_reset_ucb,12,7.274285612065015,6.642962216459881,7.905609007670148,8.290068829020079,7.406322624346484,9.173815033693675,6.14629602348009,5.598342233840709,6.694249813119471,1.0,1.0,1.0,0.9605199387256418,0.9435741900135594,0.9774656874377242,36.79729288599258,35.79198730360505,37.80259846838012,7.377795804752947,7.278531690578685,7.477059918927209,1.25,0.76,1.74,1.25,0.5623051240381077,1.9376948759618924
delivery,0.9,0,4,0.2,cumulative_ucb_cv,12,8.327581422607745,7.671067731654626,8.984095113560864,6.8944184618535855,5.933512536068136,7.855324387639035,10.09074955524549,9.079214952424246,11.102284158066732,0.9003255208333333,0.898530680176905,0.9021203614897616,nan,nan,nan,nan,nan,nan,nan,nan,nan,0.0,0.0,0.0,0.0,0.0,0.0
delivery,0.9,0,4,0.2,sco_reset_ucb,12,5.982453828753328,5.310770306072496,6.6541373514341595,6.909840521243201,5.965451173252652,7.854229869233749,4.977092123331817,4.300476378218649,5.653707868444984,0.9004882812499999,0.8987002534119871,0.9022763090880127,0.9604001247271513,0.9391249857042772,0.9816752637500255,41.31966765287557,40.171717064908954,42.46761824084219,7.448901989526052,7.358301658319442,7.539502320732663,1.8333333333333333,1.0034106157434861,2.6632560509231804,0.75,0.32350974290854023,1.1764902570914597
delivery,0.9,0,4,0.2,ps_forced_reset_ucb,12,7.790390331493789,7.136598316390742,8.444182346596836,8.853620484724766,7.86144031658083,9.845800652868704,6.623269124182479,6.009673094791841,7.236865153573117,0.90048828125,0.8987341532248603,0.9022424092751398,0.9536582555507649,0.9277270231596606,0.9795894879418692,40.905546162303466,40.100706586408556,41.710385738198376,7.411197246734282,7.379047214607514,7.443347278861051,1.75,0.90991162081095,2.59008837918905,1.1666666666666667,0.5839700444563148,1.7493632888770185
delivery,0.8,0,4,0.2,cumulative_ucb_cv,12,9.186964823783077,8.308227303562724,10.06570234400343,7.434871766978883,6.3200817358230506,8.549661798134716,11.284972605594156,9.969894946025562,12.60005026516275,0.7983528645833333,0.796514740363419,0.8001909888032477,nan,nan,nan,nan,nan,nan,nan,nan,nan,0.0,0.0,0.0,0.0,0.0,0.0
delivery,0.8,0,4,0.2,sco_reset_ucb,12,6.975442698463454,6.118389129205153,7.832496267721756,7.492254096371216,6.375452587034556,8.609055605707876,6.4287760066975395,5.285139932416246,7.572412080978833,0.7985481770833333,0.7964795328885051,0.8006168212781614,0.9536690137658574,0.9309666315564942,0.9763713959752207,45.60242178154368,44.7120686805551,46.49277488253227,7.362370532098592,7.3069794298244,7.417761634372784,1.5,0.7182304454868835,2.2817695545131165,1.4166666666666667,0.757788679464027,2.0755446538693065
delivery,0.8,0,4,0.2,ps_forced_reset_ucb,12,8.999379661895764,8.199676018909868,9.79908330488166,9.546534555047222,8.496954202636548,10.596114907457896,8.438036862962221,7.295671740880078,9.580401985044364,0.79849609375,0.7964213047921804,0.8005708827078195,0.9334742704003823,0.897967959811056,0.9689805809897086,45.32357570589931,44.582247058734,46.06490435306462,7.363994872367582,7.29407299944812,7.433916745287044,1.5833333333333333,0.841354679171151,2.3253119874955157,0.8333333333333334,0.4272333804680668,1.2394332861986
delivery,0.7,0,4,0.2,cumulative_ucb_cv,12,9.374705500385339,8.550997932089436,10.198413068681242,8.008743448332956,6.861237251167091,9.156249645498821,11.063092683580424,9.635398284973583,12.490787082187264,0.6991015625,0.6968919159660933,0.7013112090339066,nan,nan,nan,nan,nan,nan,nan,nan,nan,0.0,0.0,0.0,0.0,0.0,0.0
delivery,0.7,0,4,0.2,sco_reset_ucb,12,7.3050958954027685,6.567098062992598,8.043093727812938,8.049950710165223,6.906927251518095,9.192974168812352,6.513959970663347,5.254355274396484,7.77356466693021,0.6992057291666667,0.6970344939820863,0.7013769643512471,0.9660689776341678,0.9471731131390255,0.98496484212931,51.620638533170364,50.44129232056148,52.79998474577925,7.394135415933017,7.306052124003405,7.482218707862629,1.0833333333333333,0.4702149586175354,1.696451708049131,1.0833333333333333,0.6346731505714132,1.5319935160952534
delivery,0.7,0,4,0.2,ps_forced_reset_ucb,12,9.368238443831745,8.512291384112492,10.224185503550997,10.31321008236324,9.012972890231609,11.61344727449487,8.422807260767604,7.081758409695985,9.763856111839221,0.6992317708333333,0.6971045877679255,0.7013589538987411,0.9612083145933578,0.9420099438070354,0.9804066853796801,51.976843111767714,51.06312407343948,52.890562150095946,7.4134793207398815,7.314756409415058,7.512202232064705,1.1666666666666667,0.4496216643456582,1.8837116689876754,1.0,0.5821265959430035,1.4178734040569965
delay,0.9,0,4,0.2,cumulative_ucb_cv,12,8.327581422607745,7.671067731654626,8.984095113560864,6.8944184618535855,5.933512536068136,7.855324387639035,10.09074955524549,9.079214952424246,11.102284158066732,0.9003255208333333,0.898530680176905,0.9021203614897616,nan,nan,nan,nan,nan,nan,nan,nan,nan,0.0,0.0,0.0,0.0,0.0,0.0
delay,0.9,0,4,0.2,sco_reset_ucb,12,5.982453828753328,5.310770306072496,6.6541373514341595,6.909840521243201,5.965451173252652,7.854229869233749,4.977092123331817,4.300476378218649,5.653707868444984,0.9004882812499999,0.8987002534119871,0.9022763090880127,0.9604001247271513,0.9391249857042772,0.9816752637500255,41.31966765287557,40.171717064908954,42.46761824084219,7.448901989526052,7.358301658319442,7.539502320732663,1.8333333333333333,1.0034106157434861,2.6632560509231804,0.75,0.32350974290854023,1.1764902570914597
delay,0.9,0,4,0.2,ps_forced_reset_ucb,12,7.790390331493789,7.136598316390742,8.444182346596836,8.853620484724766,7.86144031658083,9.845800652868704,6.623269124182479,6.009673094791841,7.236865153573117,0.90048828125,0.8987341532248603,0.9022424092751398,0.9536582555507649,0.9277270231596606,0.9795894879418692,40.905546162303466,40.100706586408556,41.710385738198376,7.411197246734282,7.379047214607514,7.443347278861051,1.75,0.90991162081095,2.59008837918905,1.1666666666666667,0.5839700444563148,1.7493632888770185
delay,0.9,1,4,0.2,cumulative_ucb_cv,12,10.845999472352139,9.93316969237382,11.758829252330457,9.85834654951156,8.703174292867992,11.01351880615513,12.082897679569927,10.855294943280928,13.310500415858925,0.8992317708333332,0.8973622777431454,0.901101263923521,nan,nan,nan,nan,nan,nan,nan,nan,nan,0.0,0.0,0.0,0.0,0.0,0.0
delay,0.9,1,4,0.2,sco_reset_ucb,12,8.429276888689678,7.5589731292836895,9.299580648095667,9.859265027557843,8.709023835716323,11.009506219399363,6.908490140724311,6.003164972811965,7.813815308636657,0.8994661458333334,0.8975458447627549,0.9013864469039119,0.951019305233796,0.9263749224887519,0.9756636879788401,41.598933283127444,40.81781263624087,42.380053930014014,7.416023846003885,7.352598247382512,7.479449444625257,1.75,0.90991162081095,2.59008837918905,0.8333333333333334,0.3029284946211539,1.3637381720455128
delay,0.9,1,4,0.2,ps_forced_reset_ucb,12,7.4838041679138065,6.565464046384095,8.402144289443518,9.048313317162155,7.693908037901899,10.40271859642241,5.828058800605515,4.864708076484945,6.791409524726085,0.8994791666666667,0.8975847086683041,0.9013736246650293,0.9515077933119541,0.9264494269789982,0.97656615964491,41.2252360005386,40.54427546509213,41.906196535985075,7.352286723161709,7.27809587988963,7.426477566433787,1.8333333333333333,1.0034106157434861,2.6632560509231804,0.75,0.26,1.24
delay,0.9,3,4,0.2,cumulative_ucb_cv,12,12.951884592759571,12.00619601233134,13.897573173187801,12.652038626450796,11.19904665769333,14.105030595208262,13.420974374047601,12.296652286840489,14.545296461254713,0.8970507812500003,0.8952175275448947,0.8988840349551058,nan,nan,nan,nan,nan,nan,nan,nan,nan,0.0,0.0,0.0,0.0,0.0,0.0
delay,0.9,3,4,0.2,sco_reset_ucb,12,10.45214692489015,9.529107809822975,11.375186039957324,12.680823122931585,11.224483452371992,14.137162793491179,8.15372113413054,7.404581728575822,8.902860539685259,0.8970963541666667,0.895170049879777,0.8990226584535563,0.9651612677258302,0.945579508487477,0.9847430269641835,42.11033009634783,41.1315894270445,43.08907076565116,7.387827887284321,7.314063986244332,7.46159178832431,1.8333333333333333,1.0034106157434861,2.6632560509231804,1.0,0.40903776462758323,1.5909622353724169
delay,0.9,3,4,0.2,ps_forced_reset_ucb,12,5.279794244537062,4.288773297768942,6.270815191305181,7.623260234065076,6.2276325556548215,9.01888791247533,2.8548308778856,1.8445363850800933,3.8651253706911066,0.8970117187500001,0.8951953050057178,0.8988281324942824,0.9619399128523053,0.9440637202146485,0.9798161054899621,42.899557827332664,41.88906517256762,43.91005048209771,7.377766037289594,7.30949737353675,7.4460347010424375,1.8333333333333333,1.0034106157434861,2.6632560509231804,0.75,0.398307124343016,1.101692875656984
delay,0.9,5,4,0.2,cumulative_ucb_cv,12,13.789893118120895,12.073065368827102,15.506720867414689,13.398161883602441,11.298414512184625,15.497909255020257,14.337392862569352,12.735949044274538,15.938836680864167,0.89466796875,0.892876963055559,0.896458974444441,nan,nan,nan,nan,nan,nan,nan,nan,nan,0.0,0.0,0.0,0.0,0.0,0.0
delay,0.9,5,4,0.2,sco_reset_ucb,12,11.59407892365231,9.999984774733012,13.188173072571608,13.437793845103544,11.302054618096813,15.573533072110274,9.771051294337063,8.461430764012364,11.080671824661762,0.8947200520833333,0.8929494614502461,0.8964906427164204,0.9578048441906942,0.9374168661800281,0.9781928222013604,48.47611438028193,47.50889646320022,49.44333229736363,7.364318985062019,7.288465793107267,7.4401721770167715,1.8333333333333333,0.9690545717189003,2.6976120949477664,1.0,0.5174813553610156,1.4825186446389844
delay,0.9,5,4,0.2,ps_forced_reset_ucb,12,3.265304703746527,1.9743469472591166,4.5562624602339366,5.752489632010469,4.06568402211416,7.439295241906777,0.6992719592328821,-0.6782291393041063,2.0767730577698704,0.8947265624999999,0.8928325577455642,0.8966205672544356,0.9538051793431995,0.9300988379663273,0.9775115207200717,47.84320233702425,46.05731145650956,49.629093217538944,7.360565811007528,7.280609084392813,7.440522537622243,1.9166666666666667,1.0651089733478258,2.7682243599855076,0.6666666666666666,0.22618942319068175,1.1071439101426515
capacity,0.9,1,2,0.1,cumulative_ucb_cv,12,14.423169607412609,12.936538466298764,15.909800748526454,13.0239869311726,11.167932505950798,14.8800413563944,16.10492550342129,14.325330063049474,17.884520943793103,0.8980078125,0.8957779203524507,0.9002377046475492,nan,nan,nan,nan,nan,nan,nan,nan,nan,0.0,0.0,0.0,0.0,0.0,0.0
capacity,0.9,1,2,0.1,sco_reset_ucb,12,12.11850530651357,10.636817171049348,13.600193441977794,13.047016712211045,11.180914959324772,14.913118465097318,11.22568081389587,9.727631915753154,12.723729712038587,0.8978906249999999,0.8957364599589347,0.9000447900410652,0.9385112795626842,0.9209514127936719,0.9560711463316965,79.79340580319506,77.4699218184437,82.11688978794642,7.415282983069698,7.349126476820901,7.481439489318495,0.75,0.2038259795577415,1.2961740204422585,0.4166666666666667,0.038394411551519514,0.7949389217818139
capacity,0.9,1,2,0.1,ps_forced_reset_ucb,12,9.635452628886023,8.171987363198436,11.09891789457361,11.31952617605468,9.443132751552538,13.195919600556822,7.944701175583112,6.252635918883376,9.636766432282847,0.8982291666666667,0.8962091919388833,0.9002491413944502,0.9476644960710837,0.9212730319107999,0.9740559602313675,80.9514713743162,77.86888900696732,84.03405374166508,7.467147358257272,7.347650173810527,7.586644542704017,0.75,0.2038259795577415,1.2961740204422585,0.4166666666666667,-0.09274674128606891,0.9260800746194022
capacity,0.9,1,4,0.2,cumulative_ucb_cv,12,10.845999472352139,9.93316969237382,11.758829252330457,9.85834654951156,8.703174292867992,11.01351880615513,12.082897679569927,10.855294943280928,13.310500415858925,0.8992317708333332,0.8973622777431454,0.901101263923521,nan,nan,nan,nan,nan,nan,nan,nan,nan,0.0,0.0,0.0,0.0,0.0,0.0
capacity,0.9,1,4,0.2,sco_reset_ucb,12,8.429276888689678,7.5589731292836895,9.299580648095667,9.859265027557843,8.709023835716323,11.009506219399363,6.908490140724311,6.003164972811965,7.813815308636657,0.8994661458333334,0.8975458447627549,0.9013864469039119,0.951019305233796,0.9263749224887519,0.9756636879788401,41.598933283127444,40.81781263624087,42.380053930014014,7.416023846003885,7.352598247382512,7.479449444625257,1.75,0.90991162081095,2.59008837918905,0.8333333333333334,0.3029284946211539,1.3637381720455128
capacity,0.9,1,4,0.2,ps_forced_reset_ucb,12,7.4838041679138065,6.565464046384095,8.402144289443518,9.048313317162155,7.693908037901899,10.40271859642241,5.828058800605515,4.864708076484945,6.791409524726085,0.8994791666666667,0.8975847086683041,0.9013736246650293,0.9515077933119541,0.9264494269789982,0.97656615964491,41.2252360005386,40.54427546509213,41.906196535985075,7.352286723161709,7.27809587988963,7.426477566433787,1.8333333333333333,1.0034106157434861,2.6632560509231804,0.75,0.26,1.24
capacity,0.9,1,8,0.4,cumulative_ucb_cv,12,5.416348470289507,4.955446109826704,5.87725083075231,4.3328682801227325,3.746150222561041,4.919586337684424,6.729786285892085,6.0646881878355945,7.394884383948575,0.8983561197916665,0.8969060045825537,0.8998062350007794,nan,nan,nan,nan,nan,nan,nan,nan,nan,0.0,0.0,0.0,0.0,0.0,0.0
capacity,0.9,1,8,0.4,sco_reset_ucb,12,3.744043510578265,3.331762840823919,4.156324180332611,4.387275544947883,3.791446233352878,4.983104856542888,3.004495335010589,2.5896418360672633,3.4193488339539146,0.8984928385416667,0.8970099887289066,0.8999756883544269,0.949296222422591,0.9274410540008425,0.9711513908443395,21.73232435764457,21.161596451990345,22.30305226329879,7.4014039226592585,7.330813966499925,7.4719938788185924,3.6666666666666665,2.633655964344996,4.699677368988337,2.4166666666666665,1.2481560027370764,3.585177330596257
capacity,0.9,1,8,0.4,ps_forced_reset_ucb,12,4.072975532537288,3.667217228267424,4.478733836807152,4.934572827604598,4.35533012734223,5.513815527866967,3.08176171887712,2.7290602923369667,3.434463145417273,0.8985611979166666,0.8971047764811284,0.9000176193522047,0.9603793105322217,0.9440324677615118,0.9767261533029316,21.465467877321526,20.938693799730785,21.992241954912267,7.383649021985122,7.326606656331806,7.440691387638439,3.6666666666666665,2.633655964344996,4.699677368988337,1.5,0.6818498322620126,2.318150167737987
