family,success_probability,delay_slots,capacity,capacity_ratio,method,frozen_inflight_beta,seeds,post_cost_mean,post_cost_ci_low,post_cost_ci_high,total_cost_mean,total_cost_ci_low,total_cost_ci_high,post_ratio_to_reference_mean,post_ratio_to_reference_ci_low,post_ratio_to_reference_ci_high,total_ratio_to_reference_mean,total_ratio_to_reference_ci_low,total_ratio_to_reference_ci_high,delivery_rate_mean,delivery_rate_ci_low,delivery_rate_ci_high,redundant_attempt_rate_mean,redundant_attempt_rate_ci_low,redundant_attempt_rate_ci_high,max_inflight_count_mean,max_inflight_count_ci_low,max_inflight_count_ci_high,detected_fraction_mean,detected_fraction_ci_low,detected_fraction_ci_high,calendar_delay_mean,calendar_delay_ci_low,calendar_delay_ci_high,observation_delay_mean,observation_delay_ci_low,observation_delay_ci_high
delay,0.9,0,4,0.2,true,16.0,12,106.862075536948,101.07871712023412,112.64543395366188,114.71748230961775,109.45135832788287,119.98360629135263,1.0,1.0,1.0,1.0,1.0,1.0,0.9003125,0.8985491935812188,0.9020758064187812,0.0,0.0,0.0,1.0,1.0,1.0,nan,nan,nan,nan,nan,nan,nan,nan,nan
delay,0.9,0,4,0.2,sco_reset_ucb,16.0,12,112.07735178141554,106.39614538036422,117.75855818246687,121.48273639032764,116.13039519342928,126.83507758722601,1.0494002874200632,1.0429330098198863,1.05586756502024,1.059283704593691,1.0527146301193455,1.0658527790680363,0.9004882812499999,0.8987002534119871,0.9022763090880127,0.0,0.0,0.0,1.0,1.0,1.0,0.9604001247271513,0.9391249857042772,0.9816752637500255,41.31966765287557,40.171717064908954,42.46761824084219,7.448901989526052,7.358301658319442,7.539502320732663
delay,0.9,0,4,0.2,ps_forced_reset_ucb,16.0,12,113.86429614530557,108.01104540283698,119.71754688777416,123.57129615570547,118.09027539360933,129.0523169178016,1.0660137946125825,1.060158368356556,1.071869220868609,1.0774563413255365,1.0710304019636825,1.0838822806873905,0.90048828125,0.8987341532248603,0.9022424092751398,0.0,0.0,0.0,1.0,1.0,1.0,0.9536582555507649,0.9277270231596606,0.9795894879418692,40.905546162303466,40.100706586408556,41.710385738198376,7.411197246734282,7.379047214607514,7.443347278861051
delay,0.9,0,4,0.2,inflight_sco_ucb,16.0,12,112.07735178141554,106.39614538036422,117.75855818246687,121.48273639032764,116.13039519342928,126.83507758722601,1.0494002874200632,1.0429330098198863,1.05586756502024,1.059283704593691,1.0527146301193455,1.0658527790680363,0.9004882812499999,0.8987002534119871,0.9022763090880127,0.0,0.0,0.0,1.0,1.0,1.0,0.9604001247271513,0.9391249857042772,0.9816752637500255,41.31966765287557,40.171717064908954,42.46761824084219,7.448901989526052,7.358301658319442,7.539502320732663
delay,0.9,1,4,0.2,true,16.0,12,439.22065084527276,413.81841987630514,464.6228818142404,464.83368933730344,442.30862801937775,487.35875065522913,1.0,1.0,1.0,1.0,1.0,1.0,0.8991796874999999,0.8972916945796211,0.9010676804203787,0.5207096354166667,0.5201294668516856,0.5212898039816478,2.0,2.0,2.0,nan,nan,nan,nan,nan,nan,nan,nan,nan
delay,0.9,1,4,0.2,sco_reset_ucb,16.0,12,469.08578002395285,443.66058458765065,494.51097546025505,503.4492913823126,480.15147660561223,526.747106159013,1.0687526314897908,1.0600589801141158,1.0774462828654658,1.0835098749467635,1.075044932166992,1.0919748177265352,0.8994661458333334,0.8975458447627549,0.9013864469039119,0.5220833333333333,0.5214745178689039,0.5226921487977628,2.0,2.0,2.0,0.951019305233796,0.9263749224887519,0.9756636879788401,41.598933283127444,40.81781263624087,42.380053930014014,7.416023846003885,7.352598247382512,7.479449444625257
delay,0.9,1,4,0.2,ps_forced_reset_ucb,16.0,12,464.29454419757366,439.6999729784214,488.88911541672593,499.0288996311338,475.5881304901345,522.4696687721331,1.0580312764580855,1.048706443637064,1.067356109279107,1.0738935891177512,1.0648954665739256,1.0828917116615768,0.8994791666666667,0.8975847086683041,0.9013736246650293,0.5119075520833333,0.5111042352750182,0.5127108688916483,2.0,2.0,2.0,0.9515077933119541,0.9264494269789982,0.97656615964491,41.2252360005386,40.54427546509213,41.906196535985075,7.352286723161709,7.27809587988963,7.426477566433787
delay,0.9,1,4,0.2,inflight_sco_ucb,16.0,12,196.35986317781976,185.42239324303617,207.29733311260335,214.70217204561413,204.52413523132228,224.880208859906,0.4472826525147771,0.44326832896524093,0.4512969760643133,0.4620235715119671,0.45768286556470883,0.4663642774592254,0.8994596354166666,0.8976551589286776,0.9012641119046556,0.002779947916666667,0.002435244852044343,0.003124650981288991,2.0,2.0,2.0,0.9552634296788048,0.937250236863783,0.9732766224938267,41.89856366146689,41.211262329265594,42.58586499366818,7.400120851128915,7.3626911973674645,7.437550504890366
delay,0.9,3,4,0.2,true,16.0,12,2347.38146743632,2208.3280224051655,2486.434912467474,2443.229926057807,2318.607844791646,2567.852007323968,1.0,1.0,1.0,1.0,1.0,1.0,0.8970442708333336,0.8951520175574873,0.8989365241091799,0.7515559895833334,0.7512588907695904,0.7518530883970763,4.0,4.0,4.0,nan,nan,nan,nan,nan,nan,nan,nan,nan
delay,0.9,3,4,0.2,sco_reset_ucb,16.0,12,2534.9310898969416,2391.9206955098734,2677.9414842840097,2694.1458866723847,2562.945094476927,2825.3466788678425,1.0805150131204797,1.0733870243407473,1.0876430019002121,1.1031910649457608,1.0939312542940136,1.112450875597508,0.8970963541666667,0.895170049879777,0.8990226584535563,0.7527604166666667,0.7525255039837563,0.7529953293495771,4.0,4.0,4.0,0.9651612677258302,0.945579508487477,0.9847430269641835,42.11033009634783,41.1315894270445,43.08907076565116,7.387827887284321,7.314063986244332,7.46159178832431
delay,0.9,3,4,0.2,ps_forced_reset_ucb,16.0,12,2409.760207317855,2272.768432639509,2546.7519819962013,2567.5479284499365,2441.6712166387883,2693.4246402610847,1.0272042944213176,1.0171321911196427,1.0372763977229924,1.0513309216418627,1.0417464171353317,1.0609154261483937,0.8970117187500001,0.8951953050057178,0.8988281324942824,0.7422395833333333,0.7419011861467973,0.7425779805198692,4.0,4.0,4.0,0.9619399128523053,0.9440637202146485,0.9798161054899621,42.899557827332664,41.88906517256762,43.91005048209771,7.377766037289594,7.30949737353675,7.4460347010424375
delay,0.9,3,4,0.2,inflight_sco_ucb,16.0,12,527.1399588599536,494.14243761504383,560.1374801048634,580.6643791341646,550.7375646626771,610.5911936056522,0.22450189636951415,0.22209233919387417,0.22691145354515413,0.2377213081701436,0.2345332599328831,0.24090935640740413,0.8971028645833335,0.8953268647757895,0.8988788643908776,0.10986979166666667,0.10576165087714548,0.11397793245618787,4.0,4.0,4.0,0.9514833071661445,0.9284006691277199,0.9745659452045691,43.63563394335878,42.639419488774465,44.6318483979431,7.321987265079624,7.260256544595248,7.383717985564
delay,0.9,5,4,0.2,true,16.0,12,6854.003912611893,6429.514515655378,7278.493309568407,7045.254484210703,6677.767887267863,7412.741081153542,1.0,1.0,1.0,1.0,1.0,1.0,0.8947265624999999,0.8927614884644183,0.8966916365355816,0.8317643229166666,0.83141807735704,0.8321105684762932,6.0,6.0,6.0,nan,nan,nan,nan,nan,nan,nan,nan,nan
delay,0.9,5,4,0.2,sco_reset_ucb,16.0,12,7500.814222696573,7081.192353616102,7920.436091777044,7842.672792214635,7460.1623367636175,8225.183247665653,1.0957780884023036,1.0831213142997156,1.1084348625048916,1.1140914675703881,1.0986438948325938,1.1295390403081824,0.8947200520833333,0.8929494614502461,0.8964906427164204,0.8327864583333334,0.8324930444143979,0.833079872252269,6.0,6.0,6.0,0.9578048441906942,0.9374168661800281,0.9781928222013604,48.47611438028193,47.50889646320022,49.44333229736363,7.364318985062019,7.288465793107267,7.4401721770167715
delay,0.9,5,4,0.2,ps_forced_reset_ucb,16.0,12,6878.980301458446,6512.508825054125,7245.451777862767,7252.0143306934,6904.06204932587,7599.966612060929,1.0053917307765465,0.9912873814167175,1.0194960801363757,1.030227749766582,1.0172105031170937,1.0432449964160702,0.8947265624999999,0.8928325577455642,0.8966205672544356,0.8225911458333331,0.8223110501293015,0.8228712415373648,6.0,6.0,6.0,0.9538051793431995,0.9300988379663273,0.9775115207200717,47.84320233702425,46.05731145650956,49.629093217538944,7.360565811007528,7.280609084392813,7.440522537622243
delay,0.9,5,4,0.2,inflight_sco_ucb,16.0,12,1158.17457550654,1085.9324914468539,1230.416659566226,1277.086643296789,1210.3082315358506,1343.8650550577272,0.16903199929919754,0.16684173933708155,0.17122225926131354,0.18136398710439497,0.178141417277986,0.18458655693080395,0.8948828124999998,0.8931016152278868,0.8966640097721128,0.4403059895833333,0.4346934274525217,0.44591855171414485,6.0,6.0,6.0,0.9549101558225482,0.9328142272571301,0.9770060843879663,46.45498732301717,45.25305985583124,47.6569147902031,7.37567218142904,7.3013241622341685,7.450020200623911
capacity,0.9,1,2,0.1,true,16.0,12,2485.042615685264,2332.2632139354823,2637.822017435046,2585.181524795415,2449.615546243595,2720.747503347235,1.0,1.0,1.0,1.0,1.0,1.0,0.8980078125,0.8960144677306646,0.9000011572693353,0.5152994791666666,0.5142450079252765,0.5163539504080568,2.0,2.0,2.0,nan,nan,nan,nan,nan,nan,nan,nan,nan
capacity,0.9,1,2,0.1,sco_reset_ucb,16.0,12,2753.752612596061,2600.5926842733297,2906.9125409187927,2888.495938830892,2747.9629144138275,3029.0289632479567,1.1095458199464896,1.0953851541514856,1.1237064857414936,1.1182340343825867,1.1036837234062677,1.1327843453589057,0.8978906249999999,0.8957364599589347,0.9000447900410652,0.5169921875,0.5163783838447472,0.5176059911552527,2.0,2.0,2.0,0.9385112795626842,0.9209514127936719,0.9560711463316965,79.79340580319506,77.4699218184437,82.11688978794642,7.415282983069698,7.349126476820901,7.481439489318495
capacity,0.9,1,2,0.1,ps_forced_reset_ucb,16.0,12,2674.318133068909,2525.273731083114,2823.362535054704,2825.010091206632,2686.8721234807595,2963.1480589325042,1.0776029249534196,1.0607383948085747,1.0944674550982645,1.093620669998645,1.0791354977006358,1.1081058422966543,0.8982291666666667,0.8962091919388833,0.9002491413944502,0.5041666666666665,0.5030057938610715,0.5053275394722616,2.0,2.0,2.0,0.9476644960710837,0.9212730319107999,0.9740559602313675,80.9514713743162,77.86888900696732,84.03405374166508,7.467147358257272,7.347650173810527,7.586644542704017
capacity,0.9,1,2,0.1,inflight_sco_ucb,16.0,12,741.1492792533901,698.5094579032412,783.7891006035389,792.1750055178092,752.6115365719742,831.7384744636441,0.29857759735708667,0.29382646220515984,0.3033287325090135,0.30663514801934416,0.3021777875105134,0.31109250852817494,0.8979427083333333,0.895893919854986,0.8999914968116807,0.0,0.0,0.0,1.0,1.0,1.0,0.936506727741956,0.9129201313088605,0.9600933241750514,80.70697889808267,79.32921712288037,82.08474067328497,7.418631813093492,7.348995417520904,7.48826820866608
capacity,0.9,1,4,0.2,true,16.0,12,439.22065084527276,413.81841987630514,464.6228818142404,464.83368933730344,442.30862801937775,487.35875065522913,1.0,1.0,1.0,1.0,1.0,1.0,0.8991796874999999,0.8972916945796211,0.9010676804203787,0.5207096354166667,0.5201294668516856,0.5212898039816478,2.0,2.0,2.0,nan,nan,nan,nan,nan,nan,nan,nan,nan
capacity,0.9,1,4,0.2,sco_reset_ucb,16.0,12,469.08578002395285,443.66058458765065,494.51097546025505,503.4492913823126,480.15147660561223,526.747106159013,1.0687526314897908,1.0600589801141158,1.0774462828654658,1.0835098749467635,1.075044932166992,1.0919748177265352,0.8994661458333334,0.8975458447627549,0.9013864469039119,0.5220833333333333,0.5214745178689039,0.5226921487977628,2.0,2.0,2.0,0.951019305233796,0.9263749224887519,0.9756636879788401,41.598933283127444,40.81781263624087,42.380053930014014,7.416023846003885,7.352598247382512,7.479449444625257
capacity,0.9,1,4,0.2,ps_forced_reset_ucb,16.0,12,464.29454419757366,439.6999729784214,488.88911541672593,499.0288996311338,475.5881304901345,522.4696687721331,1.0580312764580855,1.048706443637064,1.067356109279107,1.0738935891177512,1.0648954665739256,1.0828917116615768,0.8994791666666667,0.8975847086683041,0.9013736246650293,0.5119075520833333,0.5111042352750182,0.5127108688916483,2.0,2.0,2.0,0.9515077933119541,0.9264494269789982,0.97656615964491,41.2252360005386,40.54427546509213,41.906196535985075,7.352286723161709,7.27809587988963,7.426477566433787
capacity,0.9,1,4,0.2,inflight_sco_ucb,16.0,12,196.35986317781976,185.42239324303617,207.29733311260335,214.70217204561413,204.52413523132228,224.880208859906,0.4472826525147771,0.44326832896524093,0.4512969760643133,0.4620235715119671,0.45768286556470883,0.4663642774592254,0.8994596354166666,0.8976551589286776,0.9012641119046556,0.002779947916666667,0.002435244852044343,0.003124650981288991,2.0,2.0,2.0,0.9552634296788048,0.937250236863783,0.9732766224938267,41.89856366146689,41.211262329265594,42.58586499366818,7.400120851128915,7.3626911973674645,7.437550504890366
capacity,0.9,1,8,0.4,true,16.0,12,109.02074241803126,103.2207464982563,114.82073833780622,117.83197092248822,112.49785388769929,123.16608795727716,1.0,1.0,1.0,1.0,1.0,1.0,0.8987434895833334,0.8973507535941734,0.9001362255724934,0.5454557291666666,0.5425503661866702,0.5483610921466631,2.0,2.0,2.0,nan,nan,nan,nan,nan,nan,nan,nan,nan
capacity,0.9,1,8,0.4,sco_reset_ucb,16.0,12,112.24473638033464,106.5513771460367,117.93809561463259,122.18467038320007,116.85704746342918,127.51229330297096,1.029982437964714,1.026049340844094,1.033915535085334,1.0371879850349326,1.0330566845642826,1.0413192855055826,0.8984928385416667,0.8970099887289066,0.8999756883544269,0.5323307291666667,0.530343959821337,0.5343174985119964,2.0,2.0,2.0,0.949296222422591,0.9274410540008425,0.9711513908443395,21.73232435764457,21.161596451990345,22.30305226329879,7.4014039226592585,7.330813966499925,7.4719938788185924
capacity,0.9,1,8,0.4,ps_forced_reset_ucb,16.0,12,112.33257917172311,106.58156781693552,118.0835905265107,122.57954788474905,117.22377344909067,127.93532232040742,1.030717734653314,1.0273551220551125,1.0340803472515157,1.0405225786846117,1.0364557098950937,1.0445894474741297,0.8985611979166666,0.8971047764811284,0.9000176193522047,0.52853515625,0.5267729960910443,0.5302973164089557,2.0,2.0,2.0,0.9603793105322217,0.9440324677615118,0.9767261533029316,21.465467877321526,20.938693799730785,21.992241954912267,7.383649021985122,7.326606656331806,7.440691387638439
capacity,0.9,1,8,0.4,inflight_sco_ucb,16.0,12,84.66189105017331,80.22604685043967,89.09773524990695,93.35241255137186,89.20527370554085,97.49955139720286,0.7766994304605789,0.7737851453322997,0.7796137155888581,0.7923851724678386,0.7881826084226619,0.7965877365130153,0.8985221354166667,0.8971230686562438,0.8999212021770896,0.056435546875,0.05451229284350315,0.058358800906496845,2.0,2.0,2.0,0.959180992175074,0.936400146827212,0.9819618375229361,22.186281619127083,21.34276449104478,23.029798747209387,7.531404725788787,7.2433003936083225,7.819509057969251
