seed,family,success_probability,delay_slots,capacity,capacity_ratio,method,total_excess_pct,pre_excess_pct,post_excess_pct,delivery_rate,detected_fraction,calendar_delay,observation_delay,pre_alarms,post_unchanged_alarms
20261000,delivery,1.0,0,4,0.2,cumulative_ucb_cv,7.151599462103775,6.949816194194474,7.279013432728748,1.0,nan,nan,nan,0,0
20261000,delivery,1.0,0,4,0.2,sco_reset_ucb,5.075439874511884,6.949816194194474,2.986852092522252,1.0,1.0,35.875,7.4375,0,3
20261000,delivery,1.0,0,4,0.2,ps_forced_reset_ucb,7.1967113311274264,9.142200634047377,5.034475492606133,1.0,0.9375,34.13333333333333,7.2,0,3
20261000,delivery,0.9,0,4,0.2,cumulative_ucb_cv,7.6598865548309245,6.821920949291977,8.371914407874604,0.900390625,nan,nan,nan,0,0
20261000,delivery,0.9,0,4,0.2,sco_reset_ucb,5.621239876283213,6.821920949291977,4.182113747920097,0.90015625,0.96875,39.064516129032256,7.258064516129032,0,0
20261000,delivery,0.9,0,4,0.2,ps_forced_reset_ucb,7.505665974671477,9.171376099616223,5.554016769609133,0.90046875,1.0,39.0625,7.375,0,1
20261000,delivery,0.8,0,4,0.2,cumulative_ucb_cv,7.89593198366053,7.182299534965758,8.41110541077683,0.800859375,nan,nan,nan,0,0
20261000,delivery,0.8,0,4,0.2,sco_reset_ucb,6.1321588643205525,7.342943393313085,4.655841947190398,0.80078125,1.0,45.21875,7.4375,2,1
20261000,delivery,0.8,0,4,0.2,ps_forced_reset_ucb,7.628646472420758,9.279946447831867,5.68301874891185,0.800859375,1.0,44.875,7.46875,2,2
20261000,delivery,0.7,0,4,0.2,cumulative_ucb_cv,7.914648090226195,8.900600139094001,6.638404788955777,0.702578125,nan,nan,nan,0,0
20261000,delivery,0.7,0,4,0.2,sco_reset_ucb,6.767269244241598,8.945476984374551,4.347071919561002,0.70109375,0.96875,50.903225806451616,7.419354838709677,1,2
20261000,delivery,0.7,0,4,0.2,ps_forced_reset_ucb,8.63079253979392,11.310134252701548,5.76900194897163,0.70140625,0.96875,50.87096774193548,7.354838709677419,1,2
20261000,delay,0.9,0,4,0.2,cumulative_ucb_cv,7.6598865548309245,6.821920949291977,8.371914407874604,0.900390625,nan,nan,nan,0,0
20261000,delay,0.9,0,4,0.2,sco_reset_ucb,5.621239876283213,6.821920949291977,4.182113747920097,0.90015625,0.96875,39.064516129032256,7.258064516129032,0,0
20261000,delay,0.9,0,4,0.2,ps_forced_reset_ucb,7.505665974671477,9.171376099616223,5.554016769609133,0.90046875,1.0,39.0625,7.375,0,1
20261000,delay,0.9,1,4,0.2,cumulative_ucb_cv,10.074884541616642,10.188809352305617,9.949747842681173,0.89921875,nan,nan,nan,0,0
20261000,delay,0.9,1,4,0.2,sco_reset_ucb,7.69507422632919,10.188809352305617,5.088206236935145,0.899609375,1.0,41.5,7.40625,0,0
20261000,delay,0.9,1,4,0.2,ps_forced_reset_ucb,6.514302134821875,8.722597234434465,4.125185968546457,0.899375,1.0,39.65625,7.15625,0,0
20261000,delay,0.9,3,4,0.2,cumulative_ucb_cv,12.690314528656538,14.599290001996383,10.596665464880157,0.89640625,nan,nan,nan,0,0
20261000,delay,0.9,3,4,0.2,sco_reset_ucb,10.703260595756886,14.599290001996383,6.647944229714237,0.896875,1.0,42.84375,7.46875,0,0
20261000,delay,0.9,3,4,0.2,ps_forced_reset_ucb,4.411445369401015,9.26330398185551,-0.43887737917867875,0.896640625,1.0,43.75,7.375,0,0
20261000,delay,0.9,5,4,0.2,cumulative_ucb_cv,11.160792399253422,10.87341997308015,11.340178013851489,0.894609375,nan,nan,nan,0,0
20261000,delay,0.9,5,4,0.2,sco_reset_ucb,9.073818604399452,10.87341997308015,7.346839839969654,0.894609375,1.0,47.5,7.375,0,1
20261000,delay,0.9,5,4,0.2,ps_forced_reset_ucb,2.0222183833841534,5.203312547918554,-1.4304274160733321,0.894296875,1.0,47.625,7.4375,0,0
20261000,capacity,0.9,1,2,0.1,cumulative_ucb_cv,11.943759922914447,13.201331530668913,10.350305617482753,0.8996875,nan,nan,nan,0,0
20261000,capacity,0.9,1,2,0.1,sco_reset_ucb,10.424202351457495,13.201331530668913,7.20532811877328,0.9,0.90625,78.24137931034483,7.517241379310345,0,2
20261000,capacity,0.9,1,2,0.1,ps_forced_reset_ucb,8.185354169397442,12.837059800209188,3.1423153429317257,0.9009375,0.90625,72.75862068965517,7.275862068965517,0,3
20261000,capacity,0.9,1,4,0.2,cumulative_ucb_cv,10.074884541616642,10.188809352305617,9.949747842681173,0.89921875,nan,nan,nan,0,0
20261000,capacity,0.9,1,4,0.2,sco_reset_ucb,7.69507422632919,10.188809352305617,5.088206236935145,0.899609375,1.0,41.5,7.40625,0,0
20261000,capacity,0.9,1,4,0.2,ps_forced_reset_ucb,6.514302134821875,8.722597234434465,4.125185968546457,0.899375,1.0,39.65625,7.15625,0,0
20261000,capacity,0.9,1,8,0.4,cumulative_ucb_cv,5.0326961682182985,4.752280260503921,5.334642537829993,0.900234375,nan,nan,nan,0,0
20261000,capacity,0.9,1,8,0.4,sco_reset_ucb,3.686130444401475,4.908591410735635,2.3471544494774066,0.8999609375,1.0,20.59375,7.46875,1,5
20261000,capacity,0.9,1,8,0.4,ps_forced_reset_ucb,4.166183429577214,5.458125279855181,2.7355027639683005,0.900078125,1.0,20.78125,7.46875,1,3
20261001,delivery,1.0,0,4,0.2,cumulative_ucb_cv,6.6954769538872085,6.49266278843832,6.8580368092775235,1.0,nan,nan,nan,0,0
20261001,delivery,1.0,0,4,0.2,sco_reset_ucb,5.072004918318035,6.49266278843832,3.412975410528457,1.0,1.0,36.61764705882353,7.470588235294118,1,1
20261001,delivery,1.0,0,4,0.2,ps_forced_reset_ucb,6.601825578019065,8.217428142532533,4.737253565483535,1.0,1.0,35.6764705882353,7.323529411764706,1,0
20261001,delivery,0.9,0,4,0.2,cumulative_ucb_cv,7.508191665026276,7.4296215804697585,7.529603115608785,0.900390625,nan,nan,nan,0,0
20261001,delivery,0.9,0,4,0.2,sco_reset_ucb,5.787371333576486,7.439761465424766,3.8457212570116357,0.90109375,1.0,39.294117647058826,7.235294117647059,1,0
20261001,delivery,0.9,0,4,0.2,ps_forced_reset_ucb,7.474938725799496,9.561340998988637,5.070211589323886,0.90109375,0.9705882352941176,40.27272727272727,7.393939393939394,1,0
20261001,delivery,0.8,0,4,0.2,cumulative_ucb_cv,8.090347665047853,7.863105516629171,8.297207805266037,0.797734375,nan,nan,nan,0,0
20261001,delivery,0.8,0,4,0.2,sco_reset_ucb,6.338907724746168,7.868917379328238,4.530794955441636,0.79859375,0.9705882352941176,43.484848484848484,7.333333333333333,1,0
20261001,delivery,0.8,0,4,0.2,ps_forced_reset_ucb,8.177665854889437,9.615481289916222,6.472972022419672,0.79859375,0.9705882352941176,43.515151515151516,7.2727272727272725,1,1
20261001,delivery,0.7,0,4,0.2,cumulative_ucb_cv,8.42549141932124,8.64141039588962,8.351980251880914,0.699296875,nan,nan,nan,0,0
20261001,delivery,0.7,0,4,0.2,sco_reset_ucb,7.022894464159206,8.531456526324977,5.4320580032703845,0.699375,0.9705882352941176,49.60606060606061,7.2727272727272725,1,1
20261001,delivery,0.7,0,4,0.2,ps_forced_reset_ucb,9.05751182195495,11.069760017761602,6.943630069825824,0.699609375,0.9705882352941176,51.39393939393939,7.484848484848484,1,2
20261001,delay,0.9,0,4,0.2,cumulative_ucb_cv,7.508191665026276,7.4296215804697585,7.529603115608785,0.900390625,nan,nan,nan,0,0
20261001,delay,0.9,0,4,0.2,sco_reset_ucb,5.787371333576486,7.439761465424766,3.8457212570116357,0.90109375,1.0,39.294117647058826,7.235294117647059,1,0
20261001,delay,0.9,0,4,0.2,ps_forced_reset_ucb,7.474938725799496,9.561340998988637,5.070211589323886,0.90109375,0.9705882352941176,40.27272727272727,7.393939393939394,1,0
20261001,delay,0.9,1,4,0.2,cumulative_ucb_cv,10.060304997226766,10.134621144007511,9.94436269084618,0.899765625,nan,nan,nan,0,0
20261001,delay,0.9,1,4,0.2,sco_reset_ucb,7.876350189284703,10.163944027659188,5.305063212981959,0.900234375,0.9411764705882353,41.65625,7.40625,1,2
20261001,delay,0.9,1,4,0.2,ps_forced_reset_ucb,6.817153139771765,9.50937135037198,3.768912569441735,0.90015625,0.9411764705882353,40.96875,7.25,1,0
20261001,delay,0.9,3,4,0.2,cumulative_ucb_cv,12.322272920466398,14.041257742153018,10.355478419927167,0.89703125,nan,nan,nan,0,0
20261001,delay,0.9,3,4,0.2,sco_reset_ucb,10.768674773036652,14.059572125625383,7.1480061495951706,0.897421875,0.9705882352941176,39.75757575757576,7.515151515151516,1,1
20261001,delay,0.9,3,4,0.2,ps_forced_reset_ucb,5.938141281799203,9.672649731385746,1.917854714676745,0.897578125,0.9705882352941176,40.21212121212121,7.363636363636363,1,1
20261001,delay,0.9,5,4,0.2,cumulative_ucb_cv,12.181849106369564,12.618583306029718,11.619588350749197,0.89515625,nan,nan,nan,0,0
20261001,delay,0.9,5,4,0.2,sco_reset_ucb,10.400067194032726,12.618583306029718,7.934686652825107,0.894765625,0.9411764705882353,49.71875,7.5,1,1
20261001,delay,0.9,5,4,0.2,ps_forced_reset_ucb,2.062236732702427,4.7814366178760945,-0.8782421092092568,0.89578125,1.0,44.11764705882353,7.352941176470588,1,0
20261001,capacity,0.9,1,2,0.1,cumulative_ucb_cv,13.695197925289476,14.931934117882127,12.20428313644604,0.894375,nan,nan,nan,0,0
20261001,capacity,0.9,1,2,0.1,sco_reset_ucb,11.904333822963498,14.931934117882127,8.648201488979357,0.894375,0.9705882352941176,76.0,7.303030303030303,0,1
20261001,capacity,0.9,1,2,0.1,ps_forced_reset_ucb,8.93695241560805,12.16148830660459,5.313109757320395,0.89484375,0.9705882352941176,78.87878787878788,7.454545454545454,0,1
20261001,capacity,0.9,1,4,0.2,cumulative_ucb_cv,10.060304997226766,10.134621144007511,9.94436269084618,0.899765625,nan,nan,nan,0,0
20261001,capacity,0.9,1,4,0.2,sco_reset_ucb,7.876350189284703,10.163944027659188,5.305063212981959,0.900234375,0.9411764705882353,41.65625,7.40625,1,2
20261001,capacity,0.9,1,4,0.2,ps_forced_reset_ucb,6.817153139771765,9.50937135037198,3.768912569441735,0.90015625,0.9411764705882353,40.96875,7.25,1,0
20261001,capacity,0.9,1,8,0.4,cumulative_ucb_cv,4.82094841718625,4.572140008377584,5.0398721729781215,0.9022265625,nan,nan,nan,0,0
20261001,capacity,0.9,1,8,0.4,sco_reset_ucb,3.4786833339978225,4.61537520758315,2.1316543994039208,0.902421875,1.0,21.529411764705884,7.5588235294117645,2,2
20261001,capacity,0.9,1,8,0.4,ps_forced_reset_ucb,3.831179106927979,5.116212155788796,2.3512159486262787,0.90203125,0.9705882352941176,21.333333333333332,7.303030303030303,2,0
20261002,delivery,1.0,0,4,0.2,cumulative_ucb_cv,6.699885252131876,4.427829814980077,9.533049184328801,1.0,nan,nan,nan,0,0
20261002,delivery,1.0,0,4,0.2,sco_reset_ucb,4.1997129138525375,4.419225077942896,3.9244227129004385,1.0,0.9393939393939394,34.87096774193548,7.387096774193548,1,1
20261002,delivery,1.0,0,4,0.2,ps_forced_reset_ucb,6.026270378576782,6.391977058148096,5.569501538545585,1.0,0.9696969696969697,34.375,7.09375,1,2
20261002,delivery,0.9,0,4,0.2,cumulative_ucb_cv,7.052142239914244,4.885985526491027,9.818965914807848,0.90578125,nan,nan,nan,0,0
20261002,delivery,0.9,0,4,0.2,sco_reset_ucb,4.464885361584675,4.929168164662212,3.898562171380604,0.90625,0.9393939393939394,40.064516129032256,7.483870967741935,1,2
20261002,delivery,0.9,0,4,0.2,ps_forced_reset_ucb,6.686430262350391,6.696810715174461,6.688188628821401,0.90609375,0.8787878787878788,39.03448275862069,7.310344827586207,1,3
20261002,delivery,0.8,0,4,0.2,cumulative_ucb_cv,7.312572591733824,4.644848515097088,10.646739689192824,0.806328125,nan,nan,nan,0,0
20261002,delivery,0.8,0,4,0.2,sco_reset_ucb,4.792144187677684,4.644848515097088,4.98431831637961,0.807734375,0.8787878787878788,42.51724137931034,7.275862068965517,0,2
20261002,delivery,0.8,0,4,0.2,ps_forced_reset_ucb,7.0847446782627275,6.923831238104539,7.280668129554968,0.8078125,0.8181818181818182,43.22222222222222,7.333333333333333,0,1
20261002,delivery,0.7,0,4,0.2,cumulative_ucb_cv,7.820742562139005,4.949654364148865,11.53249185609408,0.70515625,nan,nan,nan,0,0
20261002,delivery,0.7,0,4,0.2,sco_reset_ucb,5.7544842159782,5.055207226453773,6.6947444924279615,0.705546875,0.9393939393939394,50.67741935483871,7.580645161290323,2,1
20261002,delivery,0.7,0,4,0.2,ps_forced_reset_ucb,7.369097716297241,6.839458716158504,8.089994766001091,0.70578125,0.9090909090909091,51.56666666666667,7.633333333333334,2,1
20261002,delay,0.9,0,4,0.2,cumulative_ucb_cv,7.052142239914244,4.885985526491027,9.818965914807848,0.90578125,nan,nan,nan,0,0
20261002,delay,0.9,0,4,0.2,sco_reset_ucb,4.464885361584675,4.929168164662212,3.898562171380604,0.90625,0.9393939393939394,40.064516129032256,7.483870967741935,1,2
20261002,delay,0.9,0,4,0.2,ps_forced_reset_ucb,6.686430262350391,6.696810715174461,6.688188628821401,0.90609375,0.8787878787878788,39.03448275862069,7.310344827586207,1,3
20261002,delay,0.9,1,4,0.2,cumulative_ucb_cv,8.812628637674662,6.968975345894152,11.140891305728124,0.905234375,nan,nan,nan,0,0
20261002,delay,0.9,1,4,0.2,sco_reset_ucb,6.596985072467826,6.837215170681876,6.330023509502936,0.905625,0.8787878787878788,39.93103448275862,7.310344827586207,1,3
20261002,delay,0.9,1,4,0.2,ps_forced_reset_ucb,5.6918870073183525,5.8118808530737915,5.582647586577827,0.9053125,0.8787878787878788,40.827586206896555,7.413793103448276,2,1
20261002,delay,0.9,3,4,0.2,cumulative_ucb_cv,11.097777249186642,9.318228951084357,13.331073110739387,0.902734375,nan,nan,nan,0,0
20261002,delay,0.9,3,4,0.2,sco_reset_ucb,8.160187610810127,8.850055060507533,7.37844153764622,0.903125,0.9090909090909091,40.8,7.466666666666667,2,1
20261002,delay,0.9,3,4,0.2,ps_forced_reset_ucb,3.0159855472370767,3.9090720372381926,1.9695607203648131,0.9025,0.9090909090909091,41.1,7.233333333333333,2,1
20261002,delay,0.9,5,4,0.2,cumulative_ucb_cv,10.580494232968608,8.832655706887971,12.728024224058782,0.90015625,nan,nan,nan,0,0
20261002,delay,0.9,5,4,0.2,sco_reset_ucb,8.334838177892529,8.790548299051526,7.91700637435277,0.90015625,0.9090909090909091,46.56666666666667,7.2,2,2
20261002,delay,0.9,5,4,0.2,ps_forced_reset_ucb,2.6210619943416393,3.032955119052411,2.201438588987947,0.900234375,0.8787878787878788,47.206896551724135,7.344827586206897,2,0
20261002,capacity,0.9,1,2,0.1,cumulative_ucb_cv,12.54744578819798,10.07840540980024,15.659821832910358,0.90390625,nan,nan,nan,0,0
20261002,capacity,0.9,1,2,0.1,sco_reset_ucb,10.096492275364888,9.941829800078583,10.341562480673499,0.90328125,0.8787878787878788,75.0,7.517241379310345,1,0
20261002,capacity,0.9,1,2,0.1,ps_forced_reset_ucb,6.6922776521596505,6.169090962870994,7.353391116022696,0.90375,0.9090909090909091,74.56666666666666,7.333333333333333,1,0
20261002,capacity,0.9,1,4,0.2,cumulative_ucb_cv,8.812628637674662,6.968975345894152,11.140891305728124,0.905234375,nan,nan,nan,0,0
20261002,capacity,0.9,1,4,0.2,sco_reset_ucb,6.596985072467826,6.837215170681876,6.330023509502936,0.905625,0.8787878787878788,39.93103448275862,7.310344827586207,1,3
20261002,capacity,0.9,1,4,0.2,ps_forced_reset_ucb,5.6918870073183525,5.8118808530737915,5.582647586577827,0.9053125,0.8787878787878788,40.827586206896555,7.413793103448276,2,1
20261002,capacity,0.9,1,8,0.4,cumulative_ucb_cv,4.010324779493346,2.515706445469851,5.881173737322731,0.900546875,nan,nan,nan,0,0
20261002,capacity,0.9,1,8,0.4,sco_reset_ucb,2.4731312460814947,2.4746046320763937,2.464501591882229,0.9006640625,0.9393939393939394,20.06451612903226,7.193548387096774,4,2
20261002,capacity,0.9,1,8,0.4,ps_forced_reset_ucb,2.771924498102879,3.219076308959612,2.2081056044175984,0.90078125,0.9393939393939394,20.258064516129032,7.32258064516129,4,1
20261003,delivery,1.0,0,4,0.2,cumulative_ucb_cv,7.927036445580171,4.575466925861909,12.196512577518272,1.0,nan,nan,nan,0,0
20261003,delivery,1.0,0,4,0.2,sco_reset_ucb,4.817316912991698,4.575466925861909,5.212872722190099,1.0,0.9512195121951219,35.666666666666664,7.256410256410256,0,2
20261003,delivery,1.0,0,4,0.2,ps_forced_reset_ucb,6.1983676419413705,6.3323201519715315,6.126940058265118,1.0,0.9512195121951219,35.46153846153846,7.282051282051282,0,2
20261003,delivery,0.9,0,4,0.2,cumulative_ucb_cv,8.43941165007217,4.6170199784365265,13.376890425882749,0.90046875,nan,nan,nan,0,0
20261003,delivery,0.9,0,4,0.2,sco_reset_ucb,4.986282754494014,4.6170199784365265,5.538169306961216,0.901015625,0.975609756097561,39.975,7.4,0,1
20261003,delivery,0.9,0,4,0.2,ps_forced_reset_ucb,6.53170201333675,6.462895571206756,6.676647271819458,0.90125,0.975609756097561,39.575,7.425,0,1
20261003,delivery,0.8,0,4,0.2,cumulative_ucb_cv,8.943550301407804,4.828602846230989,14.425009001718214,0.79828125,nan,nan,nan,0,0
20261003,delivery,0.8,0,4,0.2,sco_reset_ucb,6.0295515226627465,4.950681610278846,7.577078599739811,0.799140625,0.9024390243902439,45.432432432432435,7.486486486486487,1,3
20261003,delivery,0.8,0,4,0.2,ps_forced_reset_ucb,8.853666801637855,7.411616783858999,10.783550143146497,0.798828125,0.8292682926829268,45.029411764705884,7.382352941176471,1,0
20261003,delivery,0.7,0,4,0.2,cumulative_ucb_cv,8.761665336524821,6.482878219038756,11.842434155222133,0.701015625,nan,nan,nan,0,0
20261003,delivery,0.7,0,4,0.2,sco_reset_ucb,6.155406786258384,6.482878219038756,5.961668912596286,0.701640625,0.8780487804878049,46.77777777777778,7.055555555555555,0,1
20261003,delivery,0.7,0,4,0.2,ps_forced_reset_ucb,7.994668972439866,7.482982818270223,8.797978233951444,0.701328125,0.926829268292683,49.28947368421053,7.2368421052631575,0,2
20261003,delay,0.9,0,4,0.2,cumulative_ucb_cv,8.43941165007217,4.6170199784365265,13.376890425882749,0.90046875,nan,nan,nan,0,0
20261003,delay,0.9,0,4,0.2,sco_reset_ucb,4.986282754494014,4.6170199784365265,5.538169306961216,0.901015625,0.975609756097561,39.975,7.4,0,1
20261003,delay,0.9,0,4,0.2,ps_forced_reset_ucb,6.53170201333675,6.462895571206756,6.676647271819458,0.90125,0.975609756097561,39.575,7.425,0,1
20261003,delay,0.9,1,4,0.2,cumulative_ucb_cv,10.918419855241645,7.524111433042402,15.202094321880288,0.899765625,nan,nan,nan,0,0
20261003,delay,0.9,1,4,0.2,sco_reset_ucb,7.533688982926762,7.524111433042402,7.735752256327088,0.89984375,0.9512195121951219,39.35897435897436,7.256410256410256,0,0
20261003,delay,0.9,1,4,0.2,ps_forced_reset_ucb,6.276456348701609,5.788469170490201,7.200161193882148,0.899765625,0.926829268292683,39.81578947368421,7.342105263157895,0,2
20261003,delay,0.9,3,4,0.2,cumulative_ucb_cv,12.428620436418436,9.671987400254896,16.189884555995103,0.89734375,nan,nan,nan,0,0
20261003,delay,0.9,3,4,0.2,sco_reset_ucb,9.192022485758939,9.671987400254896,9.083780701834565,0.897265625,1.0,40.609756097560975,7.2439024390243905,0,0
20261003,delay,0.9,3,4,0.2,ps_forced_reset_ucb,3.136337353693719,4.046882203062361,2.4916242301377705,0.8975,0.975609756097561,41.3,7.3,0,0
20261003,delay,0.9,5,4,0.2,cumulative_ucb_cv,11.982945214755008,9.092416546586467,15.550396763516856,0.895078125,nan,nan,nan,0,0
20261003,delay,0.9,5,4,0.2,sco_reset_ucb,9.74092320175977,9.092416546586467,10.84865425919555,0.895,0.975609756097561,46.7,7.35,0,2
20261003,delay,0.9,5,4,0.2,ps_forced_reset_ucb,0.7995022024187476,0.8835072329065996,0.8734775215780006,0.894921875,0.9512195121951219,45.17948717948718,7.153846153846154,0,0
20261003,capacity,0.9,1,2,0.1,cumulative_ucb_cv,12.107277248489462,7.344344164440236,17.903353057117926,0.89671875,nan,nan,nan,0,0
20261003,capacity,0.9,1,2,0.1,sco_reset_ucb,8.809719238177872,7.344344164440236,10.792407762880696,0.89640625,0.9512195121951219,74.92307692307692,7.230769230769231,0,0
20261003,capacity,0.9,1,2,0.1,ps_forced_reset_ucb,7.338985555501726,5.838909482476484,9.355290909153535,0.89671875,0.975609756097561,79.45,7.4,0,0
20261003,capacity,0.9,1,4,0.2,cumulative_ucb_cv,10.918419855241645,7.524111433042402,15.202094321880288,0.899765625,nan,nan,nan,0,0
20261003,capacity,0.9,1,4,0.2,sco_reset_ucb,7.533688982926762,7.524111433042402,7.735752256327088,0.89984375,0.9512195121951219,39.35897435897436,7.256410256410256,0,0
20261003,capacity,0.9,1,4,0.2,ps_forced_reset_ucb,6.276456348701609,5.788469170490201,7.200161193882148,0.899765625,0.926829268292683,39.81578947368421,7.342105263157895,0,2
20261003,capacity,0.9,1,8,0.4,cumulative_ucb_cv,5.33543610926091,3.150729214105774,8.140658262217809,0.89890625,nan,nan,nan,0,0
20261003,capacity,0.9,1,8,0.4,sco_reset_ucb,3.117113898644269,3.2551594739202887,3.020928235759995,0.8995703125,0.9024390243902439,20.89189189189189,7.45945945945946,2,4
20261003,capacity,0.9,1,8,0.4,ps_forced_reset_ucb,3.559156318842282,3.909771402581419,3.19732203056548,0.8995703125,0.9512195121951219,20.46153846153846,7.17948717948718,2,0
20261004,delivery,1.0,0,4,0.2,cumulative_ucb_cv,8.79181329723347,8.710125094631337,8.863603679343752,1.0,nan,nan,nan,0,0
20261004,delivery,1.0,0,4,0.2,sco_reset_ucb,6.631131355386133,8.72132182714187,4.445912448573624,1.0,0.9722222222222222,39.142857142857146,7.228571428571429,2,1
20261004,delivery,1.0,0,4,0.2,ps_forced_reset_ucb,8.1611299090874,10.21108354199584,6.005053587199505,1.0,0.9722222222222222,38.6,7.285714285714286,2,1
20261004,delivery,0.9,0,4,0.2,cumulative_ucb_cv,9.099236221760902,8.517219390189148,9.730904838427124,0.898125,nan,nan,nan,0,0
20261004,delivery,0.9,0,4,0.2,sco_reset_ucb,6.441889850590643,8.457838257837963,4.419062094739545,0.898515625,0.9722222222222222,44.885714285714286,7.542857142857143,4,0
20261004,delivery,0.9,0,4,0.2,ps_forced_reset_ucb,8.542007191663199,10.556339729930192,6.541789606854737,0.898046875,0.9722222222222222,43.68571428571428,7.4,4,0
20261004,delivery,0.8,0,4,0.2,cumulative_ucb_cv,10.550285328967895,9.38220323542754,11.868191504232216,0.796171875,nan,nan,nan,0,0
20261004,delivery,0.8,0,4,0.2,sco_reset_ucb,8.60241649303116,9.533333063710286,7.736318060033054,0.796015625,0.9722222222222222,46.68571428571428,7.142857142857143,3,3
20261004,delivery,0.8,0,4,0.2,ps_forced_reset_ucb,10.33100469777072,11.670871587905456,9.03066268839649,0.795859375,0.9722222222222222,46.97142857142857,7.114285714285714,3,0
20261004,delivery,0.7,0,4,0.2,cumulative_ucb_cv,10.301721415039987,8.878694306622776,12.022006475938223,0.696640625,nan,nan,nan,0,0
20261004,delivery,0.7,0,4,0.2,sco_reset_ucb,8.361563046210595,9.050964137592526,7.857984763151354,0.696484375,0.9722222222222222,55.114285714285714,7.257142857142857,3,3
20261004,delivery,0.7,0,4,0.2,ps_forced_reset_ucb,10.636466525325277,11.670407926355114,9.842702746763816,0.696015625,0.9722222222222222,53.885714285714286,7.314285714285714,4,1
20261004,delay,0.9,0,4,0.2,cumulative_ucb_cv,9.099236221760902,8.517219390189148,9.730904838427124,0.898125,nan,nan,nan,0,0
20261004,delay,0.9,0,4,0.2,sco_reset_ucb,6.441889850590643,8.457838257837963,4.419062094739545,0.898515625,0.9722222222222222,44.885714285714286,7.542857142857143,4,0
20261004,delay,0.9,0,4,0.2,ps_forced_reset_ucb,8.542007191663199,10.556339729930192,6.541789606854737,0.898046875,0.9722222222222222,43.68571428571428,7.4,4,0
20261004,delay,0.9,1,4,0.2,cumulative_ucb_cv,12.774065316108713,13.179334521079529,12.436595602884259,0.89671875,nan,nan,nan,0,0
20261004,delay,0.9,1,4,0.2,sco_reset_ucb,10.185479789952185,12.934310744867627,7.513155419324718,0.8965625,0.9722222222222222,44.34285714285714,7.457142857142857,4,1
20261004,delay,0.9,1,4,0.2,ps_forced_reset_ucb,9.011319283764612,12.540418916497188,5.563753826921753,0.8965625,0.9722222222222222,42.65714285714286,7.2,4,0
20261004,delay,0.9,3,4,0.2,cumulative_ucb_cv,15.098142505890667,15.82459265078019,14.475786060870348,0.895390625,nan,nan,nan,0,0
20261004,delay,0.9,3,4,0.2,sco_reset_ucb,12.103305397238302,15.60737679119104,8.753152894730565,0.8946875,0.9722222222222222,43.82857142857143,7.114285714285714,4,0
20261004,delay,0.9,3,4,0.2,ps_forced_reset_ucb,7.376833789598725,10.126341346056522,4.64962189084317,0.8946875,0.9722222222222222,45.8,7.285714285714286,4,1
20261004,delay,0.9,5,4,0.2,cumulative_ucb_cv,18.143350951030442,19.618113169672014,16.822491966844247,0.892421875,nan,nan,nan,0,0
20261004,delay,0.9,5,4,0.2,sco_reset_ucb,15.379435076277685,20.026065441621462,11.097467934368115,0.8928125,0.9722222222222222,50.97142857142857,7.057142857142857,4,0
20261004,delay,0.9,5,4,0.2,ps_forced_reset_ucb,4.851546154670025,9.871857040561757,0.12695060431150162,0.892109375,0.9444444444444444,50.3235294117647,7.382352941176471,4,1
20261004,capacity,0.9,1,2,0.1,cumulative_ucb_cv,15.946853951061048,15.409233141174655,16.455366012558446,0.89828125,nan,nan,nan,0,0
20261004,capacity,0.9,1,2,0.1,sco_reset_ucb,13.462079379247566,15.249242301465038,11.74985415350293,0.89671875,0.9166666666666666,86.48484848484848,7.242424242424242,3,0
20261004,capacity,0.9,1,2,0.1,ps_forced_reset_ucb,10.884826107145802,14.061928444724836,7.79414176426893,0.898125,0.9722222222222222,84.8,7.371428571428571,3,0
20261004,capacity,0.9,1,4,0.2,cumulative_ucb_cv,12.774065316108713,13.179334521079529,12.436595602884259,0.89671875,nan,nan,nan,0,0
20261004,capacity,0.9,1,4,0.2,sco_reset_ucb,10.185479789952185,12.934310744867627,7.513155419324718,0.8965625,0.9722222222222222,44.34285714285714,7.457142857142857,4,1
20261004,capacity,0.9,1,4,0.2,ps_forced_reset_ucb,9.011319283764612,12.540418916497188,5.563753826921753,0.8965625,0.9722222222222222,42.65714285714286,7.2,4,0
20261004,capacity,0.9,1,8,0.4,cumulative_ucb_cv,5.28753246888679,4.976045099904064,5.583744675951829,0.8988671875,nan,nan,nan,0,0
20261004,capacity,0.9,1,8,0.4,sco_reset_ucb,3.809004420171741,5.061497883077715,2.4348723862655577,0.8985546875,0.9166666666666666,23.151515151515152,7.2727272727272725,5,1
20261004,capacity,0.9,1,8,0.4,ps_forced_reset_ucb,4.148774562628333,5.326979165101242,2.865805209419381,0.898828125,0.9444444444444444,23.764705882352942,7.382352941176471,5,1
20261005,delivery,1.0,0,4,0.2,cumulative_ucb_cv,7.88409300641737,6.285228733162457,9.355958021705979,1.0,nan,nan,nan,0,0
20261005,delivery,1.0,0,4,0.2,sco_reset_ucb,5.505478680716369,6.406591199045675,4.427013455067075,1.0,1.0,38.25,7.59375,2,2
20261005,delivery,1.0,0,4,0.2,ps_forced_reset_ucb,7.452116716077428,8.75295869544131,5.9982387649776925,1.0,1.0,37.65625,7.59375,2,2
20261005,delivery,0.9,0,4,0.2,cumulative_ucb_cv,8.527264349905277,6.947848963630493,10.104961522652523,0.904765625,nan,nan,nan,0,0
20261005,delivery,0.9,0,4,0.2,sco_reset_ucb,6.380147956908678,7.081309713095652,5.623442261241262,0.904296875,1.0,40.46875,7.375,4,1
20261005,delivery,0.9,0,4,0.2,ps_forced_reset_ucb,8.282150097299501,9.229996355841413,7.280503718715748,0.904140625,1.0,40.625,7.5,4,0
20261005,delivery,0.8,0,4,0.2,cumulative_ucb_cv,9.64482357129679,8.179387853623254,10.851509571140866,0.799921875,nan,nan,nan,0,0
20261005,delivery,0.8,0,4,0.2,sco_reset_ucb,7.38657803921589,8.500548295340426,5.999929245464858,0.8003125,1.0,45.09375,7.3125,4,1
20261005,delivery,0.8,0,4,0.2,ps_forced_reset_ucb,9.252719571559886,10.53807737066345,7.893861818491837,0.79984375,1.0,44.78125,7.34375,4,1
20261005,delivery,0.7,0,4,0.2,cumulative_ucb_cv,9.93575202522829,6.960981170945585,12.496407121806348,0.69921875,nan,nan,nan,0,0
20261005,delivery,0.7,0,4,0.2,sco_reset_ucb,7.573899445987975,7.053440993303512,7.75903747153802,0.698671875,1.0,52.625,7.4375,2,1
20261005,delivery,0.7,0,4,0.2,ps_forced_reset_ucb,9.55423381792953,10.543542031488535,8.389794613957935,0.699453125,0.96875,53.74193548387097,7.548387096774194,2,1
20261005,delay,0.9,0,4,0.2,cumulative_ucb_cv,8.527264349905277,6.947848963630493,10.104961522652523,0.904765625,nan,nan,nan,0,0
20261005,delay,0.9,0,4,0.2,sco_reset_ucb,6.380147956908678,7.081309713095652,5.623442261241262,0.904296875,1.0,40.46875,7.375,4,1
20261005,delay,0.9,0,4,0.2,ps_forced_reset_ucb,8.282150097299501,9.229996355841413,7.280503718715748,0.904140625,1.0,40.625,7.5,4,0
20261005,delay,0.9,1,4,0.2,cumulative_ucb_cv,10.654417391271704,9.755359312962613,11.272860843754119,0.904375,nan,nan,nan,0,0
20261005,delay,0.9,1,4,0.2,sco_reset_ucb,8.500908300447557,10.435405539674575,6.377613578011177,0.904140625,1.0,40.25,7.46875,4,1
20261005,delay,0.9,1,4,0.2,ps_forced_reset_ucb,7.170150418982956,8.695334768349433,5.541680678797101,0.904453125,1.0,41.1875,7.5,4,2
20261005,delay,0.9,3,4,0.2,cumulative_ucb_cv,13.306337023223024,12.40763296566471,13.81672392082584,0.902109375,nan,nan,nan,0,0
20261005,delay,0.9,3,4,0.2,sco_reset_ucb,10.922619017095915,12.994222848364336,8.696943903591002,0.901640625,1.0,41.625,7.40625,4,1
20261005,delay,0.9,3,4,0.2,ps_forced_reset_ucb,6.508826241541637,8.29871533793617,4.509246633493205,0.901953125,0.96875,41.87096774193548,7.354838709677419,4,1
20261005,delay,0.9,5,4,0.2,cumulative_ucb_cv,13.36378396591325,11.906141415180283,14.463828490356134,0.899296875,nan,nan,nan,0,0
20261005,delay,0.9,5,4,0.2,sco_reset_ucb,11.752069427214034,12.573839075566944,10.68424578220979,0.89953125,0.96875,46.58064516129032,7.548387096774194,4,1
20261005,delay,0.9,5,4,0.2,ps_forced_reset_ucb,2.8924481277078558,6.110393495415822,-0.3865698311948772,0.90015625,1.0,48.125,7.59375,4,1
20261005,capacity,0.9,1,2,0.1,cumulative_ucb_cv,15.743847972338772,13.793050618454654,17.143291152055305,0.90375,nan,nan,nan,0,0
20261005,capacity,0.9,1,2,0.1,sco_reset_ucb,13.195309297365121,14.356264373342142,11.814728608499987,0.9034375,0.96875,78.25806451612904,7.387096774193548,2,0
20261005,capacity,0.9,1,2,0.1,ps_forced_reset_ucb,10.630578112564638,11.632919281360538,9.419126021269498,0.9028125,1.0,83.21875,7.71875,2,0
20261005,capacity,0.9,1,4,0.2,cumulative_ucb_cv,10.654417391271704,9.755359312962613,11.272860843754119,0.904375,nan,nan,nan,0,0
20261005,capacity,0.9,1,4,0.2,sco_reset_ucb,8.500908300447557,10.435405539674575,6.377613578011177,0.904140625,1.0,40.25,7.46875,4,1
20261005,capacity,0.9,1,4,0.2,ps_forced_reset_ucb,7.170150418982956,8.695334768349433,5.541680678797101,0.904453125,1.0,41.1875,7.5,4,2
20261005,capacity,0.9,1,8,0.4,cumulative_ucb_cv,5.764924114230219,4.303710743311806,7.079890131387955,0.9004296875,nan,nan,nan,0,0
20261005,capacity,0.9,1,8,0.4,sco_reset_ucb,3.7605732222558803,4.140776449045196,3.2419125242698072,0.9008984375,1.0,22.15625,7.5625,6,2
20261005,capacity,0.9,1,8,0.4,ps_forced_reset_ucb,4.440818405356284,5.321918171273354,3.3963493129899716,0.90125,1.0,22.125,7.46875,6,3
20261006,delivery,1.0,0,4,0.2,cumulative_ucb_cv,8.735933057662077,6.815811613425099,11.185815196952332,1.0,nan,nan,nan,0,0
20261006,delivery,1.0,0,4,0.2,sco_reset_ucb,6.135496173552829,6.843757114297178,5.30724727239466,1.0,0.9024390243902439,38.5945945945946,7.45945945945946,2,0
20261006,delivery,1.0,0,4,0.2,ps_forced_reset_ucb,8.061568919129991,9.028900735210993,6.91259370268223,1.0,0.926829268292683,38.973684210526315,7.526315789473684,2,0
20261006,delivery,0.9,0,4,0.2,cumulative_ucb_cv,8.860564518498881,7.05925369080243,11.170668279915436,0.897265625,nan,nan,nan,0,0
20261006,delivery,0.9,0,4,0.2,sco_reset_ucb,6.7282034188550774,7.08665273294784,6.332803605101783,0.896953125,0.9024390243902439,45.567567567567565,7.837837837837838,1,0
20261006,delivery,0.9,0,4,0.2,ps_forced_reset_ucb,8.340431035120506,9.455127258777562,6.974762821310482,0.897578125,0.8780487804878049,42.583333333333336,7.416666666666667,1,2
20261006,delivery,0.8,0,4,0.2,cumulative_ucb_cv,9.644505375957625,7.9240556413030845,11.836824248187018,0.7928125,nan,nan,nan,0,0
20261006,delivery,0.8,0,4,0.2,sco_reset_ucb,7.227920370272762,7.9240556413030845,6.437002330236918,0.792578125,0.9512195121951219,48.05128205128205,7.384615384615385,0,1
20261006,delivery,0.8,0,4,0.2,ps_forced_reset_ucb,9.990157754635153,10.781043844766668,9.096547269410511,0.792578125,0.926829268292683,47.18421052631579,7.421052631578948,0,2
20261006,delivery,0.7,0,4,0.2,cumulative_ucb_cv,10.961278486256953,10.642430351714072,11.448013712165967,0.691484375,nan,nan,nan,0,0
20261006,delivery,0.7,0,4,0.2,sco_reset_ucb,8.074784524614397,10.642430351714072,4.920817764284613,0.692265625,0.9512195121951219,53.48717948717949,7.512820512820513,0,1
20261006,delivery,0.7,0,4,0.2,ps_forced_reset_ucb,10.56118755336044,12.177364513341137,8.5400710023952,0.692578125,0.9024390243902439,50.78378378378378,7.108108108108108,0,1
20261006,delay,0.9,0,4,0.2,cumulative_ucb_cv,8.860564518498881,7.05925369080243,11.170668279915436,0.897265625,nan,nan,nan,0,0
20261006,delay,0.9,0,4,0.2,sco_reset_ucb,6.7282034188550774,7.08665273294784,6.332803605101783,0.896953125,0.9024390243902439,45.567567567567565,7.837837837837838,1,0
20261006,delay,0.9,0,4,0.2,ps_forced_reset_ucb,8.340431035120506,9.455127258777562,6.974762821310482,0.897578125,0.8780487804878049,42.583333333333336,7.416666666666667,1,2
20261006,delay,0.9,1,4,0.2,cumulative_ucb_cv,11.14039204124417,9.643922210199891,12.993045721981856,0.896171875,nan,nan,nan,0,0
20261006,delay,0.9,1,4,0.2,sco_reset_ucb,8.737873612829484,9.673778292531733,7.608957431966545,0.896171875,0.9024390243902439,41.75675675675676,7.297297297297297,1,0
20261006,delay,0.9,1,4,0.2,ps_forced_reset_ucb,7.367739008876856,8.501946547705202,5.993255239662903,0.896015625,0.9024390243902439,41.189189189189186,7.243243243243243,1,0
20261006,delay,0.9,3,4,0.2,cumulative_ucb_cv,12.227258466940516,11.666414152017845,13.0019484103919,0.8934375,nan,nan,nan,0,0
20261006,delay,0.9,3,4,0.2,sco_reset_ucb,10.236688127066369,11.472646724850254,8.869239820900843,0.89359375,0.9024390243902439,44.648648648648646,7.4324324324324325,1,3
20261006,delay,0.9,3,4,0.2,ps_forced_reset_ucb,5.177636646193523,7.229597494011924,2.8217154181374573,0.893671875,0.9512195121951219,44.333333333333336,7.487179487179487,1,2
20261006,delay,0.9,5,4,0.2,cumulative_ucb_cv,12.864644771290584,12.268672556219652,13.465400232029202,0.89078125,nan,nan,nan,0,0
20261006,delay,0.9,5,4,0.2,sco_reset_ucb,10.606728777358803,11.908634424157722,9.094250225522938,0.891328125,0.9024390243902439,46.567567567567565,7.297297297297297,1,0
20261006,delay,0.9,5,4,0.2,ps_forced_reset_ucb,3.271561263820963,6.579928280519359,-0.41114172220213785,0.89125,0.9024390243902439,55.486486486486484,7.4324324324324325,1,0
20261006,capacity,0.9,1,2,0.1,cumulative_ucb_cv,15.68223684938761,12.801761595722594,19.153727510610974,0.8925,nan,nan,nan,0,0
20261006,capacity,0.9,1,2,0.1,sco_reset_ucb,13.406048679399424,12.801761595722594,14.136034955059129,0.89234375,0.9512195121951219,84.17948717948718,7.358974358974359,0,0
20261006,capacity,0.9,1,2,0.1,ps_forced_reset_ucb,12.63010367398154,13.047313525453479,12.120208941997824,0.893125,0.9512195121951219,82.7948717948718,7.333333333333333,0,0
20261006,capacity,0.9,1,4,0.2,cumulative_ucb_cv,11.14039204124417,9.643922210199891,12.993045721981856,0.896171875,nan,nan,nan,0,0
20261006,capacity,0.9,1,4,0.2,sco_reset_ucb,8.737873612829484,9.673778292531733,7.608957431966545,0.896171875,0.9024390243902439,41.75675675675676,7.297297297297297,1,0
20261006,capacity,0.9,1,4,0.2,ps_forced_reset_ucb,7.367739008876856,8.501946547705202,5.993255239662903,0.896015625,0.9024390243902439,41.189189189189186,7.243243243243243,1,0
20261006,capacity,0.9,1,8,0.4,cumulative_ucb_cv,5.689663166987574,4.31025120253311,7.583836980159659,0.8953515625,nan,nan,nan,0,0
20261006,capacity,0.9,1,8,0.4,sco_reset_ucb,3.8047085410405246,4.416163312889093,3.0996961731804165,0.89578125,0.975609756097561,22.0,7.475,1,0
20261006,capacity,0.9,1,8,0.4,ps_forced_reset_ucb,4.326184622569896,5.501969199200474,2.8678396739086565,0.895859375,0.975609756097561,21.25,7.3,1,0
20261007,delivery,1.0,0,4,0.2,cumulative_ucb_cv,9.669689991610486,8.821086054381936,10.789894630210995,1.0,nan,nan,nan,0,0
20261007,delivery,1.0,0,4,0.2,sco_reset_ucb,7.623053485029912,8.895252374804858,6.040926889733228,1.0,0.9736842105263158,36.027027027027025,7.351351351351352,2,0
20261007,delivery,1.0,0,4,0.2,ps_forced_reset_ucb,9.474564623956422,10.89718937998614,7.706021664782414,1.0,1.0,35.63157894736842,7.157894736842105,2,0
20261007,delivery,0.9,0,4,0.2,cumulative_ucb_cv,10.650569463269214,9.69566279633538,11.92347942341641,0.901640625,nan,nan,nan,0,0
20261007,delivery,0.9,0,4,0.2,sco_reset_ucb,8.300082619616406,9.592063628501773,6.716839050982965,0.90171875,1.0,40.89473684210526,7.447368421052632,2,1
20261007,delivery,0.9,0,4,0.2,ps_forced_reset_ucb,10.066415641679754,11.81291060674306,7.859592229305679,0.90140625,0.9736842105263158,41.75675675675676,7.486486486486487,1,1
20261007,delivery,0.8,0,4,0.2,cumulative_ucb_cv,12.281407867939848,11.057404964785905,13.82056933888995,0.7978125,nan,nan,nan,0,0
20261007,delivery,0.8,0,4,0.2,sco_reset_ucb,9.589657313165684,11.040930662580678,7.830350931989122,0.797890625,1.0,45.44736842105263,7.342105263157895,2,0
20261007,delivery,0.8,0,4,0.2,ps_forced_reset_ucb,11.211786410245766,12.131120458778204,10.063790893418945,0.79765625,1.0,44.5,7.2368421052631575,2,0
20261007,delivery,0.7,0,4,0.2,cumulative_ucb_cv,11.866098465878112,11.096644941069671,12.77305292171873,0.697265625,nan,nan,nan,0,0
20261007,delivery,0.7,0,4,0.2,sco_reset_ucb,9.408089988104884,11.12210035375512,7.370975261913326,0.698359375,1.0,51.28947368421053,7.315789473684211,2,1
20261007,delivery,0.7,0,4,0.2,ps_forced_reset_ucb,11.983340489472704,13.872285159613806,9.746520683251553,0.697734375,1.0,50.60526315789474,7.2368421052631575,2,1
20261007,delay,0.9,0,4,0.2,cumulative_ucb_cv,10.650569463269214,9.69566279633538,11.92347942341641,0.901640625,nan,nan,nan,0,0
20261007,delay,0.9,0,4,0.2,sco_reset_ucb,8.300082619616406,9.592063628501773,6.716839050982965,0.90171875,1.0,40.89473684210526,7.447368421052632,2,1
20261007,delay,0.9,0,4,0.2,ps_forced_reset_ucb,10.066415641679754,11.81291060674306,7.859592229305679,0.90140625,0.9736842105263158,41.75675675675676,7.486486486486487,1,1
20261007,delay,0.9,1,4,0.2,cumulative_ucb_cv,13.458797524335763,12.894039253046419,14.180308299652584,0.899609375,nan,nan,nan,0,0
20261007,delay,0.9,1,4,0.2,sco_reset_ucb,11.09445781888531,12.843608709785883,8.961976949592898,0.900859375,1.0,41.36842105263158,7.2894736842105265,1,0
20261007,delay,0.9,1,4,0.2,ps_forced_reset_ucb,10.818790537444066,13.243834092057567,7.917407579396662,0.90046875,1.0,39.94736842105263,7.2368421052631575,1,0
20261007,delay,0.9,3,4,0.2,cumulative_ucb_cv,15.938382010426121,16.19010668934284,15.679929018187817,0.898046875,nan,nan,nan,0,0
20261007,delay,0.9,3,4,0.2,sco_reset_ucb,13.531335047228021,16.19426819095494,10.391384913580175,0.898828125,1.0,41.526315789473685,7.184210526315789,1,0
20261007,delay,0.9,3,4,0.2,ps_forced_reset_ucb,8.520925504494741,10.422057662491325,6.243862882845602,0.89734375,1.0,41.31578947368421,7.184210526315789,1,0
20261007,delay,0.9,5,4,0.2,cumulative_ucb_cv,20.009248403738045,20.49174743456546,19.46756707586757,0.89578125,nan,nan,nan,0,0
20261007,delay,0.9,5,4,0.2,sco_reset_ucb,17.599493843224092,20.488367749909575,14.223288019352847,0.895703125,1.0,50.10526315789474,7.368421052631579,1,2
20261007,delay,0.9,5,4,0.2,ps_forced_reset_ucb,8.734551276535685,11.935491054583618,4.942790925624907,0.895390625,1.0,44.10526315789474,7.157894736842105,1,1
20261007,capacity,0.9,1,2,0.1,cumulative_ucb_cv,19.845617860196903,19.528901023351487,20.486400711703077,0.9,nan,nan,nan,0,0
20261007,capacity,0.9,1,2,0.1,sco_reset_ucb,17.92378095077558,19.528901023351487,16.171552241079688,0.8990625,0.9736842105263158,79.48648648648648,7.378378378378378,0,0
20261007,capacity,0.9,1,2,0.1,ps_forced_reset_ucb,14.095347829069187,15.973774303897747,12.019130676451535,0.8984375,0.9736842105263158,78.67567567567568,7.45945945945946,0,0
20261007,capacity,0.9,1,4,0.2,cumulative_ucb_cv,13.458797524335763,12.894039253046419,14.180308299652584,0.899609375,nan,nan,nan,0,0
20261007,capacity,0.9,1,4,0.2,sco_reset_ucb,11.09445781888531,12.843608709785883,8.961976949592898,0.900859375,1.0,41.36842105263158,7.2894736842105265,1,0
20261007,capacity,0.9,1,4,0.2,ps_forced_reset_ucb,10.818790537444066,13.243834092057567,7.917407579396662,0.90046875,1.0,39.94736842105263,7.2368421052631575,1,0
20261007,capacity,0.9,1,8,0.4,cumulative_ucb_cv,7.047312005928392,6.183325146115543,8.19866826047399,0.89765625,nan,nan,nan,0,0
20261007,capacity,0.9,1,8,0.4,sco_reset_ucb,5.178382345889138,6.251064864313099,3.7880656351109376,0.898046875,0.9736842105263158,21.81081081081081,7.4324324324324325,5,0
20261007,capacity,0.9,1,8,0.4,ps_forced_reset_ucb,5.506002380129377,6.605463599306027,4.097177602935625,0.898046875,0.9736842105263158,21.7027027027027,7.324324324324325,5,2
20261008,delivery,1.0,0,4,0.2,cumulative_ucb_cv,8.290517202017632,6.268734112926689,10.795968504476116,1.0,nan,nan,nan,0,0
20261008,delivery,1.0,0,4,0.2,sco_reset_ucb,5.917185638818623,6.282848663107654,5.520826236992477,1.0,0.9705882352941176,38.57575757575758,7.575757575757576,2,2
20261008,delivery,1.0,0,4,0.2,ps_forced_reset_ucb,7.969745355798901,8.535094604198218,7.371389265140643,1.0,0.9411764705882353,38.46875,7.5,2,2
20261008,delivery,0.9,0,4,0.2,cumulative_ucb_cv,8.48818820522586,7.328000247337203,9.963822771979547,0.900390625,nan,nan,nan,0,0
20261008,delivery,0.9,0,4,0.2,sco_reset_ucb,6.469049884558559,7.451331064482236,5.37552611059245,0.900078125,0.9117647058823529,41.83870967741935,7.580645161290323,4,1
20261008,delivery,0.9,0,4,0.2,ps_forced_reset_ucb,8.527231342811097,9.375946487565434,7.573057400848821,0.9,0.9117647058823529,41.774193548387096,7.419354838709677,4,2
20261008,delivery,0.8,0,4,0.2,cumulative_ucb_cv,9.637781249310152,7.892861576013233,11.811181908348058,0.798515625,nan,nan,nan,0,0
20261008,delivery,0.8,0,4,0.2,sco_reset_ucb,7.906413412757107,7.94303097912108,7.882866521812565,0.79828125,0.9117647058823529,45.83870967741935,7.32258064516129,2,3
20261008,delivery,0.8,0,4,0.2,ps_forced_reset_ucb,9.879296332350062,10.277523612307055,9.449499563617092,0.798671875,0.9117647058823529,46.903225806451616,7.516129032258065,2,1
20261008,delivery,0.7,0,4,0.2,cumulative_ucb_cv,9.55236113142347,8.879380865373687,10.763798922086064,0.694765625,nan,nan,nan,0,0
20261008,delivery,0.7,0,4,0.2,sco_reset_ucb,7.955811175349575,8.879380865373687,7.035200108332729,0.694765625,0.9705882352941176,52.81818181818182,7.484848484848484,0,0
20261008,delivery,0.7,0,4,0.2,ps_forced_reset_ucb,9.613946692128279,10.89206159908662,8.437170449838161,0.695390625,1.0,54.8235294117647,7.705882352941177,0,0
20261008,delay,0.9,0,4,0.2,cumulative_ucb_cv,8.48818820522586,7.328000247337203,9.963822771979547,0.900390625,nan,nan,nan,0,0
20261008,delay,0.9,0,4,0.2,sco_reset_ucb,6.469049884558559,7.451331064482236,5.37552611059245,0.900078125,0.9117647058823529,41.83870967741935,7.580645161290323,4,1
20261008,delay,0.9,0,4,0.2,ps_forced_reset_ucb,8.527231342811097,9.375946487565434,7.573057400848821,0.9,0.9117647058823529,41.774193548387096,7.419354838709677,4,2
20261008,delay,0.9,1,4,0.2,cumulative_ucb_cv,11.16725176189619,10.574015776822138,12.018510263669187,0.89890625,nan,nan,nan,0,0
20261008,delay,0.9,1,4,0.2,sco_reset_ucb,9.30276585492904,10.557619217215418,7.888681668973346,0.898203125,0.9117647058823529,42.61290322580645,7.483870967741935,4,1
20261008,delay,0.9,1,4,0.2,ps_forced_reset_ucb,7.700320600938554,8.727758366496163,6.592604342423875,0.898828125,0.9705882352941176,43.78787878787879,7.454545454545454,4,0
20261008,delay,0.9,3,4,0.2,cumulative_ucb_cv,13.016569423675843,13.0739188185497,13.367689562062566,0.896875,nan,nan,nan,0,0
20261008,delay,0.9,3,4,0.2,sco_reset_ucb,10.90607210206601,13.314755806199024,8.606500762911024,0.896015625,0.9705882352941176,42.696969696969695,7.454545454545454,4,1
20261008,delay,0.9,3,4,0.2,ps_forced_reset_ucb,5.822223078849692,8.41670116716225,3.1756958729022458,0.8965625,0.9411764705882353,42.6875,7.5625,4,0
20261008,delay,0.9,5,4,0.2,cumulative_ucb_cv,15.088575708182372,14.838700950336458,15.62269696001149,0.894609375,nan,nan,nan,0,0
20261008,delay,0.9,5,4,0.2,sco_reset_ucb,12.842935899258194,14.958137395797968,10.697975711965361,0.893984375,0.9411764705882353,48.5,7.375,4,2
20261008,delay,0.9,5,4,0.2,ps_forced_reset_ucb,5.086729433237968,6.790365492289813,3.2688071471284275,0.894140625,0.9411764705882353,50.46875,7.5,4,2
20261008,capacity,0.9,1,2,0.1,cumulative_ucb_cv,16.11893480099382,14.165748978844928,18.74629860796178,0.901875,nan,nan,nan,0,0
20261008,capacity,0.9,1,2,0.1,sco_reset_ucb,13.572146517890998,14.175459045850042,13.233811784781647,0.9028125,0.9705882352941176,81.0909090909091,7.515151515151516,1,1
20261008,capacity,0.9,1,2,0.1,ps_forced_reset_ucb,10.205108426355206,13.341340380267763,6.948720694500404,0.9025,0.9705882352941176,82.27272727272727,7.545454545454546,1,0
20261008,capacity,0.9,1,4,0.2,cumulative_ucb_cv,11.16725176189619,10.574015776822138,12.018510263669187,0.89890625,nan,nan,nan,0,0
20261008,capacity,0.9,1,4,0.2,sco_reset_ucb,9.30276585492904,10.557619217215418,7.888681668973346,0.898203125,0.9117647058823529,42.61290322580645,7.483870967741935,4,1
20261008,capacity,0.9,1,4,0.2,ps_forced_reset_ucb,7.700320600938554,8.727758366496163,6.592604342423875,0.898828125,0.9705882352941176,43.78787878787879,7.454545454545454,4,0
20261008,capacity,0.9,1,8,0.4,cumulative_ucb_cv,6.189913761597149,4.482591872510833,8.282170557426028,0.8934375,nan,nan,nan,0,0
20261008,capacity,0.9,1,8,0.4,sco_reset_ucb,4.705285786366586,4.7218683844140905,4.644514606157463,0.89328125,0.9117647058823529,23.06451612903226,7.225806451612903,6,2
20261008,capacity,0.9,1,8,0.4,ps_forced_reset_ucb,4.485575419391408,4.684842389143013,4.280938179915545,0.893515625,0.9705882352941176,21.484848484848484,7.393939393939394,6,1
20261009,delivery,1.0,0,4,0.2,cumulative_ucb_cv,5.970256071905694,4.934339929121,7.368665098857607,1.0,nan,nan,nan,0,0
20261009,delivery,1.0,0,4,0.2,sco_reset_ucb,4.336891236015111,4.934339929121,3.688541816972429,1.0,0.9117647058823529,38.61290322580645,7.516129032258065,0,0
20261009,delivery,1.0,0,4,0.2,ps_forced_reset_ucb,5.809134554527062,6.561373281214682,4.998941917120902,1.0,0.9117647058823529,39.0,7.580645161290323,0,0
20261009,delivery,0.9,0,4,0.2,cumulative_ucb_cv,6.322859789419888,5.598009334558573,7.288927257994176,0.902734375,nan,nan,nan,0,0
20261009,delivery,0.9,0,4,0.2,sco_reset_ucb,4.157858341165621,5.545661257388424,2.5760766737259297,0.903203125,0.9117647058823529,41.774193548387096,7.483870967741935,2,0
20261009,delivery,0.9,0,4,0.2,ps_forced_reset_ucb,5.997360825505393,7.446099998291673,4.38299123325353,0.90328125,0.9117647058823529,40.61290322580645,7.451612903225806,2,0
20261009,delivery,0.8,0,4,0.2,cumulative_ucb_cv,7.005253246354126,6.985963346888081,7.119995450470468,0.798046875,nan,nan,nan,0,0
20261009,delivery,0.8,0,4,0.2,sco_reset_ucb,4.733263182579633,6.985963346888081,2.122689324871435,0.798203125,0.9411764705882353,47.5625,7.5,0,2
20261009,delivery,0.8,0,4,0.2,ps_forced_reset_ucb,6.906299404468619,8.839985675414619,4.68942851880953,0.79828125,0.9411764705882353,45.46875,7.53125,1,1
20261009,delivery,0.7,0,4,0.2,cumulative_ucb_cv,7.400361227283408,8.235491067717295,6.813792744496588,0.703515625,nan,nan,nan,0,0
20261009,delivery,0.7,0,4,0.2,sco_reset_ucb,5.1226557204871295,8.235491067717295,1.7286559042618472,0.704453125,0.9705882352941176,51.878787878787875,7.424242424242424,0,0
20261009,delivery,0.7,0,4,0.2,ps_forced_reset_ucb,7.204095370095342,10.859995575949892,3.1819464528325154,0.703671875,1.0,53.05882352941177,7.5,0,1
20261009,delay,0.9,0,4,0.2,cumulative_ucb_cv,6.322859789419888,5.598009334558573,7.288927257994176,0.902734375,nan,nan,nan,0,0
20261009,delay,0.9,0,4,0.2,sco_reset_ucb,4.157858341165621,5.545661257388424,2.5760766737259297,0.903203125,0.9117647058823529,41.774193548387096,7.483870967741935,2,0
20261009,delay,0.9,0,4,0.2,ps_forced_reset_ucb,5.997360825505393,7.446099998291673,4.38299123325353,0.90328125,0.9117647058823529,40.61290322580645,7.451612903225806,2,0
20261009,delay,0.9,1,4,0.2,cumulative_ucb_cv,8.284052234800425,8.792881843494243,7.943035399688342,0.901171875,nan,nan,nan,0,0
20261009,delay,0.9,1,4,0.2,sco_reset_ucb,6.350293798938146,8.560824512059273,3.918976901420013,0.901953125,0.9117647058823529,42.96774193548387,7.645161290322581,2,0
20261009,delay,0.9,1,4,0.2,ps_forced_reset_ucb,5.640890178263231,8.474145281486777,2.5065425933801233,0.902109375,0.9117647058823529,40.96774193548387,7.483870967741935,2,1
20261009,delay,0.9,3,4,0.2,cumulative_ucb_cv,11.483715989133124,12.0189706272819,11.009252449608152,0.899375,nan,nan,nan,0,0
20261009,delay,0.9,3,4,0.2,sco_reset_ucb,8.96032917890937,12.041109626909424,5.552381329959399,0.90015625,0.9411764705882353,39.75,7.46875,2,1
20261009,delay,0.9,3,4,0.2,ps_forced_reset_ucb,3.83877915113342,6.8815236827711175,0.6776472826076518,0.899765625,0.9117647058823529,44.74193548387097,7.354838709677419,2,1
20261009,delay,0.9,5,4,0.2,cumulative_ucb_cv,11.327068870247686,12.388862832992924,10.531678716278858,0.89671875,nan,nan,nan,0,0
20261009,delay,0.9,5,4,0.2,sco_reset_ucb,9.197357246726607,12.33027376306059,6.10389013135566,0.89703125,0.9117647058823529,49.935483870967744,7.451612903225806,3,0
20261009,delay,0.9,5,4,0.2,ps_forced_reset_ucb,0.2159643538200945,4.488470752210288,-4.068433820397219,0.89734375,0.9117647058823529,46.96774193548387,7.483870967741935,3,1
20261009,capacity,0.9,1,2,0.1,cumulative_ucb_cv,11.850397040906302,10.707717509138105,13.343988538164886,0.89703125,nan,nan,nan,0,0
20261009,capacity,0.9,1,2,0.1,sco_reset_ucb,9.213635303212873,10.707717509138105,7.704685013248564,0.89703125,0.9411764705882353,84.375,7.59375,0,0
20261009,capacity,0.9,1,2,0.1,ps_forced_reset_ucb,6.066502549242342,7.374122004108324,4.878224165036526,0.8978125,0.9411764705882353,93.03125,8.0,0,0
20261009,capacity,0.9,1,4,0.2,cumulative_ucb_cv,8.284052234800425,8.792881843494243,7.943035399688342,0.901171875,nan,nan,nan,0,0
20261009,capacity,0.9,1,4,0.2,sco_reset_ucb,6.350293798938146,8.560824512059273,3.918976901420013,0.901953125,0.9117647058823529,42.96774193548387,7.645161290322581,2,0
20261009,capacity,0.9,1,4,0.2,ps_forced_reset_ucb,5.640890178263231,8.474145281486777,2.5065425933801233,0.902109375,0.9117647058823529,40.96774193548387,7.483870967741935,2,1
20261009,capacity,0.9,1,8,0.4,cumulative_ucb_cv,4.5131774812120105,3.431970302333631,5.84654657322815,0.899765625,nan,nan,nan,0,0
20261009,capacity,0.9,1,8,0.4,sco_reset_ucb,3.008676253011922,3.432315725145724,2.4760384093737375,0.8999609375,0.9117647058823529,23.06451612903226,7.483870967741935,5,1
20261009,capacity,0.9,1,8,0.4,ps_forced_reset_ucb,3.194902589467807,3.6491406566510953,2.6838110310205665,0.900078125,0.9117647058823529,22.129032258064516,7.516129032258065,5,4
20261010,delivery,1.0,0,4,0.2,cumulative_ucb_cv,8.70331435093018,7.1358627671732116,10.433104237253138,1.0,nan,nan,nan,0,0
20261010,delivery,1.0,0,4,0.2,sco_reset_ucb,6.272923760187648,7.1358627671732116,5.417746314849337,1.0,0.972972972972973,37.583333333333336,7.527777777777778,1,1
20261010,delivery,1.0,0,4,0.2,ps_forced_reset_ucb,8.061765565127399,9.063238148738172,7.083829828786836,1.0,0.972972972972973,37.5,7.444444444444445,1,3
20261010,delivery,0.9,0,4,0.2,cumulative_ucb_cv,9.5187076236038,9.133721748182655,10.223915164502632,0.896875,nan,nan,nan,0,0
20261010,delivery,0.9,0,4,0.2,sco_reset_ucb,7.240284831022287,9.111972391026042,5.494265794601022,0.896875,1.0,41.432432432432435,7.378378378378378,2,1
20261010,delivery,0.9,0,4,0.2,ps_forced_reset_ucb,8.674821890517759,10.197199703020281,7.3104762746591945,0.896875,1.0,41.648648648648646,7.4324324324324325,2,2
20261010,delivery,0.8,0,4,0.2,cumulative_ucb_cv,10.823100877650937,8.699318780652094,13.241686893431021,0.798125,nan,nan,nan,0,0
20261010,delivery,0.8,0,4,0.2,sco_reset_ucb,8.564346327074514,8.593386877363296,8.771273401596336,0.7978125,0.972972972972973,46.80555555555556,7.416666666666667,3,1
20261010,delivery,0.8,0,4,0.2,ps_forced_reset_ucb,10.486025922647563,10.735140265949706,10.432871677441153,0.79765625,0.9459459459459459,46.4,7.457142857142857,3,1
20261010,delivery,0.7,0,4,0.2,cumulative_ucb_cv,11.069795049376374,8.064571327462636,14.483076436009224,0.701328125,nan,nan,nan,0,0
20261010,delivery,0.7,0,4,0.2,sco_reset_ucb,8.92892320220023,8.228397565415893,9.93235920695253,0.7009375,1.0,52.270270270270274,7.351351351351352,2,1
20261010,delivery,0.7,0,4,0.2,ps_forced_reset_ucb,11.214769758745463,10.902165385850033,11.727656730512164,0.701328125,0.972972972972973,52.27777777777778,7.444444444444445,2,0
20261010,delay,0.9,0,4,0.2,cumulative_ucb_cv,9.5187076236038,9.133721748182655,10.223915164502632,0.896875,nan,nan,nan,0,0
20261010,delay,0.9,0,4,0.2,sco_reset_ucb,7.240284831022287,9.111972391026042,5.494265794601022,0.896875,1.0,41.432432432432435,7.378378378378378,2,1
20261010,delay,0.9,0,4,0.2,ps_forced_reset_ucb,8.674821890517759,10.197199703020281,7.3104762746591945,0.896875,1.0,41.648648648648646,7.4324324324324325,2,2
20261010,delay,0.9,1,4,0.2,cumulative_ucb_cv,13.03493478468819,11.483689126009594,14.923117067296964,0.895234375,nan,nan,nan,0,0
20261010,delay,0.9,1,4,0.2,sco_reset_ucb,10.306194114982903,11.433142919183858,9.357500340925668,0.89578125,1.0,42.351351351351354,7.486486486486487,2,1
20261010,delay,0.9,1,4,0.2,ps_forced_reset_ucb,9.854658726120348,11.611165678851844,8.101126876452819,0.89609375,1.0,42.13513513513514,7.54054054054054,2,2
20261010,delay,0.9,3,4,0.2,cumulative_ucb_cv,15.166393455892745,14.668739110151957,15.873513301983145,0.89359375,nan,nan,nan,0,0
20261010,delay,0.9,3,4,0.2,sco_reset_ucb,11.828097331811854,14.706776753017547,9.167557173085395,0.89359375,0.972972972972973,44.72222222222222,7.444444444444445,2,3
20261010,delay,0.9,3,4,0.2,ps_forced_reset_ucb,6.145909926334003,9.389377828922996,3.0977296915666117,0.893671875,1.0,44.86486486486486,7.486486486486487,2,1
20261010,delay,0.9,5,4,0.2,cumulative_ucb_cv,16.741343442531747,16.042411489321328,18.110859992458558,0.891484375,nan,nan,nan,0,0
20261010,delay,0.9,5,4,0.2,sco_reset_ucb,13.87124483886785,15.919079654866835,12.434111972000338,0.892109375,1.0,50.567567567567565,7.378378378378378,1,1
20261010,delay,0.9,5,4,0.2,ps_forced_reset_ucb,4.450504113404715,6.161981512077414,3.0802085157843138,0.89109375,0.972972972972973,48.02777777777778,7.305555555555555,2,2
20261010,capacity,0.9,1,2,0.1,cumulative_ucb_cv,16.541461505159372,15.075390056329768,18.4244276020576,0.8928125,nan,nan,nan,0,0
20261010,capacity,0.9,1,2,0.1,sco_reset_ucb,13.740486881660013,15.075390056329768,12.728932506287649,0.8940625,0.918918918918919,83.79411764705883,7.470588235294118,1,1
20261010,capacity,0.9,1,2,0.1,ps_forced_reset_ucb,12.46524247015958,13.8424748880741,11.563425386044457,0.89453125,0.972972972972973,84.69444444444444,7.472222222222222,1,1
20261010,capacity,0.9,1,4,0.2,cumulative_ucb_cv,13.03493478468819,11.483689126009594,14.923117067296964,0.895234375,nan,nan,nan,0,0
20261010,capacity,0.9,1,4,0.2,sco_reset_ucb,10.306194114982903,11.433142919183858,9.357500340925668,0.89578125,1.0,42.351351351351354,7.486486486486487,2,1
20261010,capacity,0.9,1,4,0.2,ps_forced_reset_ucb,9.854658726120348,11.611165678851844,8.101126876452819,0.89609375,1.0,42.13513513513514,7.54054054054054,2,2
20261010,capacity,0.9,1,8,0.4,cumulative_ucb_cv,6.108190604869212,5.6606054626196105,6.647825747950336,0.897109375,nan,nan,nan,0,0
20261010,capacity,0.9,1,8,0.4,sco_reset_ucb,4.218476243379288,5.618668536823207,2.7683032226530515,0.8969140625,0.9459459459459459,21.085714285714285,7.371428571428571,4,7
20261010,capacity,0.9,1,8,0.4,ps_forced_reset_ucb,4.663261401309171,6.196463783650758,3.0578517086235655,0.896640625,0.972972972972973,21.38888888888889,7.444444444444445,4,0
20261011,delivery,1.0,0,4,0.2,cumulative_ucb_cv,6.720202281036197,4.229596843068179,9.793185197641767,1.0,nan,nan,nan,0,0
20261011,delivery,1.0,0,4,0.2,sco_reset_ucb,4.176105345255398,4.2396249859185104,4.1077493734622665,1.0,0.9428571428571428,36.45454545454545,7.666666666666667,2,0
20261011,delivery,1.0,0,4,0.2,ps_forced_reset_ucb,6.278226771410916,6.347061574756047,6.2113128961704795,1.0,0.9428571428571428,36.09090909090909,7.545454545454546,2,0
20261011,delivery,0.9,0,4,0.2,cumulative_ucb_cv,7.803954789765466,4.698757336517861,11.584941539884037,0.895078125,nan,nan,nan,0,0
20261011,delivery,0.9,0,4,0.2,sco_reset_ucb,5.212149716384257,4.783386651822974,5.722523405723295,0.895703125,0.9428571428571428,40.57575757575758,7.363636363636363,1,2
20261011,delivery,0.9,0,4,0.2,ps_forced_reset_ucb,6.855528977170133,6.277402291541501,7.566991945667684,0.895625,0.9714285714285714,40.23529411764706,7.323529411764706,1,2
20261011,delivery,0.8,0,4,0.2,cumulative_ucb_cv,8.414017826069559,4.5784093921304,13.089650445476359,0.795625,nan,nan,nan,0,0
20261011,delivery,0.8,0,4,0.2,sco_reset_ucb,6.401954944057547,4.5784093921304,8.616848445614728,0.795234375,0.9428571428571428,45.09090909090909,7.393939393939394,0,0
20261011,delivery,0.8,0,4,0.2,ps_forced_reset_ucb,8.190542041860594,6.3537760850698675,10.379570881928085,0.7953125,0.8857142857142857,45.03225806451613,7.290322580645161,0,0
20261011,delivery,0.7,0,4,0.2,cumulative_ucb_cv,8.486550795926206,4.372184230918524,13.591652816591031,0.696953125,nan,nan,nan,0,0
20261011,delivery,0.7,0,4,0.2,sco_reset_ucb,6.535368931241048,4.372184230918524,9.126945839670098,0.696875,0.9714285714285714,52.0,7.617647058823529,0,1
20261011,delivery,0.7,0,4,0.2,ps_forced_reset_ucb,8.59875006843791,6.1383629917818645,11.607219430909899,0.696484375,0.9428571428571428,51.42424242424242,7.393939393939394,0,0
20261011,delay,0.9,0,4,0.2,cumulative_ucb_cv,7.803954789765466,4.698757336517861,11.584941539884037,0.895078125,nan,nan,nan,0,0
20261011,delay,0.9,0,4,0.2,sco_reset_ucb,5.212149716384257,4.783386651822974,5.722523405723295,0.895703125,0.9428571428571428,40.57575757575758,7.363636363636363,1,2
20261011,delay,0.9,0,4,0.2,ps_forced_reset_ucb,6.855528977170133,6.277402291541501,7.566991945667684,0.895625,0.9714285714285714,40.23529411764706,7.323529411764706,1,2
20261011,delay,0.9,1,4,0.2,cumulative_ucb_cv,9.771844582120787,7.160399275274625,12.990202794776051,0.894609375,nan,nan,nan,0,0
20261011,delay,0.9,1,4,0.2,sco_reset_ucb,6.971250902303044,7.1584104116866945,6.815974182730244,0.894609375,0.9428571428571428,41.09090909090909,7.484848484848484,1,1
20261011,delay,0.9,1,4,0.2,ps_forced_reset_ucb,6.941982629961452,6.95283754613123,7.043427151782777,0.894609375,0.9142857142857143,41.5625,7.40625,1,1
20261011,delay,0.9,3,4,0.2,cumulative_ucb_cv,10.6468311032048,8.343324408131764,13.353748213099637,0.892265625,nan,nan,nan,0,0
20261011,delay,0.9,3,4,0.2,sco_reset_ucb,8.113171431903343,8.657816145308246,7.549320192017882,0.891953125,0.9428571428571428,42.515151515151516,7.454545454545454,1,1
20261011,delay,0.9,3,4,0.2,ps_forced_reset_ucb,3.4644870441679823,3.8229003358868003,3.142288576230606,0.892265625,0.9428571428571428,42.81818181818182,7.545454545454546,1,1
20261011,delay,0.9,5,4,0.2,cumulative_ucb_cv,12.034620351170005,11.80621722235688,12.326003564809845,0.889921875,nan,nan,nan,0,0
20261011,delay,0.9,5,4,0.2,sco_reset_ucb,10.330034796815967,11.674160511513575,8.870198628926623,0.889609375,0.9714285714285714,48.0,7.470588235294118,1,0
20261011,delay,0.9,5,4,0.2,ps_forced_reset_ucb,2.1753324089140547,3.1901764387138956,1.0724051064563116,0.89,0.9428571428571428,46.484848484848484,7.181818181818182,1,0
20261011,capacity,0.9,1,2,0.1,cumulative_ucb_cv,11.055004424016118,9.25002502826348,13.387842261986316,0.89515625,nan,nan,nan,0,0
20261011,capacity,0.9,1,2,0.1,sco_reset_ucb,9.673828980647524,9.25002502826348,10.181070652984008,0.89515625,0.9142857142857143,75.6875,7.46875,1,0
20261011,capacity,0.9,1,2,0.1,ps_forced_reset_ucb,7.494152585447095,9.553892732608084,5.42932933199981,0.89515625,0.8285714285714286,76.27586206896552,7.241379310344827,1,0
20261011,capacity,0.9,1,4,0.2,cumulative_ucb_cv,9.771844582120787,7.160399275274625,12.990202794776051,0.894609375,nan,nan,nan,0,0
20261011,capacity,0.9,1,4,0.2,sco_reset_ucb,6.971250902303044,7.1584104116866945,6.815974182730244,0.894609375,0.9428571428571428,41.09090909090909,7.484848484848484,1,1
20261011,capacity,0.9,1,4,0.2,ps_forced_reset_ucb,6.941982629961452,6.95283754613123,7.043427151782777,0.894609375,0.9142857142857143,41.5625,7.40625,1,1
20261011,capacity,0.9,1,8,0.4,cumulative_ucb_cv,5.196062565603937,3.6550636036870587,7.138405793778418,0.8957421875,nan,nan,nan,0,0
20261011,capacity,0.9,1,8,0.4,sco_reset_ucb,3.6883563916990383,3.7512206593510067,3.636302386592544,0.895859375,0.9142857142857143,21.375,7.3125,3,3
20261011,capacity,0.9,1,8,0.4,ps_forced_reset_ucb,3.7817436561448203,4.224911819744209,3.2392215601344696,0.8960546875,0.9142857142857143,20.90625,7.5,3,3
