seed,profile,forward_mean,feedback_mean,round_trip_mean,round_trip_p95,round_trip_p99,round_trip_max,pa_reduction_vs_sco_pct,pa_reduction_vs_forced_pct,pa_reduction_vs_stopwait_pct,sco_redundant_attempt_rate,pa_redundant_attempt_rate,stopwait_redundant_attempt_rate,sco_stale_arrival_rate,pa_stale_arrival_rate,stopwait_stale_arrival_rate,sco_post_cost,pa_post_cost,stopwait_post_cost,forced_post_cost,pa_calendar_delay,pa_observation_delay
20266000,fixed,2.0,2.0,4.0,4.0,4.0,4,87.92212896893606,86.94251443650276,14.20659032470268,0.800390625,0.2771875,0.0,0.0,0.0,0.0,3429.5205630529936,414.21307058935815,482.8029007787802,3172.22690827481,45.611111111111114,7.444444444444445
20266000,light_iid,1.9996596534653466,1.9999690594059405,3.9996287128712873,6.0,6.0,6,83.4109747974937,82.7727307624526,12.561198360353739,0.7803125,0.33125,0.09015625,0.11068602730197374,0.017824536996782887,0.0038254216657972527,2691.9307605293147,446.5650722982279,510.7172833161835,2592.198833956366,47.361111111111114,7.694444444444445
20266000,heavy_iid,1.9856126237623761,1.9924195544554455,3.9780321782178216,12.0,12.0,22,61.84514827163695,61.48033845088226,61.751579527836185,0.74375,0.380859375,0.085,0.06352797841789226,0.07321102512824972,0.014774900052146706,1217.5965521223984,464.57215911196175,1214.6178936985516,1206.0650079169827,46.90909090909091,7.484848484848484
20266000,lognormal,2.351144801980198,2.3365872524752476,4.687732054455446,14.0,34.0,123,69.09683874146864,67.19889971958355,41.81410058367541,0.789140625,0.454765625,0.20875,0.08690735102218355,0.056159262801008435,0.029624466323952253,1740.1450314940578,537.7598252149297,924.2098697610855,1639.4566664460142,47.611111111111114,7.638888888888889
20266000,markov_burst,1.979115099009901,2.0099783415841586,3.9890934405940595,7.0,12.0,12,76.92166520399805,74.69618998963706,54.8247419100175,0.755625,0.3275,0.0771875,0.05815269435013493,0.021408058480549996,0.003652809184205949,2058.021093111585,474.95699804063065,1051.365322793698,1877.0177212290032,47.513513513513516,7.378378378378378
20266000,forward_heavy,1.9856126237623761,2.0,3.985612623762376,13.0,13.0,13,77.39966433178343,76.14312940740992,53.90514060227558,0.769921875,0.3046875,0.06328125,0.06732191006349482,0.07041641310962357,0.016001391425341335,1981.045493852258,447.7229313506889,971.307727587497,1876.7043632694688,46.138888888888886,7.388888888888889
20266000,feedback_heavy,2.0,1.9924195544554455,3.9924195544554455,13.0,13.0,13,79.83994618123306,78.90018672107884,38.46992142010331,0.76984375,0.3071875,0.059296875,0.0,0.0,0.0,2300.6644022025416,463.81518167324526,753.8023554950969,2198.195669042244,48.67567567567568,7.5675675675675675
20266001,fixed,2.0,2.0,4.0,4.0,4.0,4,87.48589623714821,86.50374333148017,6.945836431650189,0.800859375,0.262734375,0.0,0.0,0.0,0.0,3389.962322057904,424.22340250390613,455.8886848650325,3143.2671512050592,46.241379310344826,7.448275862068965
20266001,light_iid,1.9997834158415841,1.9951113861386138,3.994894801980198,6.0,6.0,6,83.77499361722467,82.97135334854813,11.562789070645977,0.781328125,0.3265625,0.096171875,0.11581427823354862,0.01727145847871598,0.0029660647300008723,2751.7019819624556,446.46382220836426,504.8370674704015,2621.8397230662968,45.3448275862069,7.413793103448276
20266001,heavy_iid,2.0071163366336635,1.9969059405940595,4.0040222772277225,12.0,12.0,22,61.71751267899544,61.04084799150042,60.47146047494173,0.74828125,0.39421875,0.106171875,0.06570107320478143,0.07706406004538313,0.017450484250937964,1231.3188842766208,471.3794957543321,1192.5042043496474,1209.9326382963698,45.32142857142857,7.321428571428571
20266001,lognormal,2.349381188118812,2.336664603960396,4.686045792079208,14.0,33.0,86,69.38531602941093,66.9280018472542,36.35635991838562,0.788046875,0.450234375,0.22296875,0.0948803075310152,0.06198166739415103,0.03385098586634095,1830.3211946252989,560.3470493812456,880.4446896228376,1694.3247480640134,49.0,7.32
20266001,markov_burst,2.0169399752475248,1.9871596534653466,4.004099628712871,7.0,12.0,12,75.27265388350384,73.9815833720268,53.738449396565436,0.75453125,0.33703125,0.06671875,0.05588978986834074,0.02224354501046755,0.003397804495556717,2104.9540159458384,520.4992651160134,1125.1228251682733,2000.5032303019102,47.724137931034484,7.586206896551724
20266001,forward_heavy,2.0071163366336635,2.0,4.007116336633663,13.0,13.0,13,76.88774167077344,75.93470801746992,51.05203620034039,0.770078125,0.3109375,0.07484375,0.07005146994678531,0.06946504930622219,0.016216216216216217,1956.521899214555,452.1963956143576,923.8308614126706,1879.039722196698,45.43333333333333,7.433333333333334
20266001,feedback_heavy,2.0,1.9969059405940595,3.9969059405940595,13.0,13.0,13,80.35628141978793,79.309763919978,37.50497005102066,0.76921875,0.3159375,0.075546875,0.0,0.0,0.0,2285.029043912429,448.8646748622683,718.2405948580542,2169.451683036528,46.5,7.464285714285714
20266002,fixed,2.0,2.0,4.0,4.0,4.0,4,87.3536387334592,86.29316225888003,11.345420583692198,0.8003125,0.274375,0.0,0.0,0.0,0.0,4025.391691572252,509.0655757095448,574.2123859378474,3713.953468511325,45.46666666666667,7.3
20266002,light_iid,2.005259900990099,2.0008044554455444,4.006064356435644,6.0,6.0,6,83.24282364182474,82.00056139632379,12.953571788166125,0.77953125,0.341328125,0.097265625,0.11757522895769734,0.01761576698351792,0.003480076561684357,3130.419752690083,524.5699587094309,602.6323761761383,2914.3684437040865,46.89655172413793,7.379310344827586
20266002,heavy_iid,2.00572400990099,2.0068069306930694,4.0125309405940595,12.0,12.0,22,62.35421079807291,60.33530255123578,61.13095471152091,0.744375,0.39390625,0.0953125,0.06462317701510785,0.07499781983081887,0.013749891219215039,1468.2587858215436,552.7376074491524,1422.0508976920655,1393.5253336121773,47.241379310344826,7.413793103448276
20266002,lognormal,2.3318842821782177,2.297478341584158,4.629362623762376,14.0,33.0,91,69.69719868003834,68.23532812280762,41.02647673234725,0.7846875,0.44203125,0.19484375,0.08882296483727424,0.05465339619346953,0.029191355873126525,2120.7667455545034,642.651733365198,1089.7292509530212,2023.1650301624354,49.96,7.44
20266002,markov_burst,1.9891707920792079,2.015238242574257,4.004409034653466,7.0,12.0,12,74.65947025445558,73.93726658214409,52.557120946341385,0.75296875,0.3421875,0.07375,0.05849533606485921,0.025473261798831023,0.0037511995114716916,2338.5123802344433,592.591425316548,1249.0629513573958,2273.7117239995855,47.93103448275862,7.448275862068965
20266002,forward_heavy,2.00572400990099,2.0,4.00572400990099,13.0,13.0,13,76.67595598152255,75.6411194496234,49.3004643396124,0.76921875,0.31,0.062890625,0.06821353803210049,0.06975324788560468,0.013224290934400557,2293.8914238543184,535.0282454358602,1055.2922003462977,2196.4402031093687,45.73076923076923,7.1923076923076925
20266002,feedback_heavy,2.0,2.0068069306930694,4.006806930693069,13.0,13.0,13,79.977157634216,79.1284165909553,38.55361998844744,0.770546875,0.311796875,0.072265625,0.0,0.0,0.0,2728.106867993908,546.2445377485474,888.9775730414839,2617.1686500403807,49.44827586206897,7.586206896551724
20266003,fixed,2.0,2.0,4.0,4.0,4.0,4,87.43788845034473,86.53244791082255,12.182243665981302,0.8009375,0.28515625,0.0,0.0,0.0,0.0,2939.920117537206,369.31604463578026,420.54825818035073,2742.2655742505976,45.529411764705884,7.647058823529412
20266003,light_iid,2.000928217821782,2.0070544554455445,4.0079826732673265,6.0,6.0,6,83.74718222372428,82.0815360155623,12.54209880123834,0.781171875,0.344921875,0.098515625,0.11929641239986068,0.02029439944255727,0.0036594928988411607,2390.9006039251412,388.5887183678289,444.31516540135203,2168.649716322342,44.93939393939394,7.454545454545454
20266003,heavy_iid,2.005259900990099,1.9777227722772277,3.9829826732673266,12.0,22.0,22,62.7729530492757,60.88364968487282,58.92462542023547,0.74875,0.3928125,0.0946875,0.06703813337976668,0.07770122961541816,0.01645481455685182,1079.8436999613446,401.99392117904824,978.6737803167532,1027.687700770969,44.833333333333336,7.666666666666667
20266003,lognormal,2.3176361386138615,2.333601485148515,4.651237623762376,14.0,33.0,109,68.87541737863047,66.93350298461652,38.89537102173997,0.78953125,0.455546875,0.209453125,0.08719916288803628,0.05529391243676958,0.029888462879051933,1531.375763333078,476.63431470223213,780.029799169242,1441.441814899499,46.55172413793103,7.482758620689655
20266003,markov_burst,1.9883972772277227,2.0038675742574257,3.9922648514851486,7.0,12.0,12,75.61518323135708,74.01840354338964,52.02349476355886,0.7553125,0.33734375,0.0825,0.061677846502308564,0.02509366559205367,0.004006619632436199,1776.099192532337,433.098533728357,902.7304752481048,1666.9435015343954,45.1764705882353,7.588235294117647
20266003,forward_heavy,2.005259900990099,2.0,4.005259900990099,13.0,13.0,13,76.79035692716054,75.55202226934053,47.22535201855006,0.770859375,0.317265625,0.070234375,0.07159655082309903,0.07079337401918047,0.01637345410207281,1699.0748320485354,394.3492040589115,747.2322775085559,1613.0135932035396,46.94117647058823,7.676470588235294
20266003,feedback_heavy,2.0,1.9777227722772277,3.977722772277228,13.0,13.0,13,80.37540118406353,79.20014213302771,41.81656012391519,0.771796875,0.314375,0.06484375,0.0,0.0,0.0,1993.4124049944046,391.19918722726266,672.3548625870393,1880.7781751645562,45.34375,7.59375
20266004,fixed,2.0,2.0,4.0,4.0,4.0,4,87.37043660557292,86.97754424989284,15.862319991066634,0.799609375,0.2865625,0.0,0.0,0.0,0.0,3341.9471081887286,422.0733286369183,501.64602659843297,3241.1193152523883,48.63636363636363,7.484848484848484
20266004,light_iid,2.000711633663366,2.0031559405940595,4.003867574257426,6.0,6.0,6,83.79769383433064,83.12144727440592,16.428216671797593,0.78078125,0.34390625,0.0990625,0.11778593913955929,0.019804571627988134,0.0029702105355114876,2700.9662898444535,437.6188277121189,523.644237665129,2592.750900072898,48.114285714285714,7.457142857142857
20266004,heavy_iid,2.004950495049505,2.016398514851485,4.02134900990099,12.0,22.0,22,62.77282987344944,61.85915116534546,59.6797595243659,0.74984375,0.3990625,0.099296875,0.06311740536760206,0.07489525139664804,0.016417780106540915,1260.7477575635821,469.34071257486585,1164.0325232149667,1230.5460599723876,49.484848484848484,7.424242424242424
20266004,lognormal,2.337654702970297,2.3528774752475248,4.690532178217822,14.0,34.0,101,68.1476118673758,67.73302557241372,38.10142358427752,0.78984375,0.45453125,0.21375,0.08878790526959714,0.056171922774526074,0.03216502054016257,1702.848034690963,542.3977653185285,876.2685617770643,1680.968776715587,50.46875,7.5625
20266004,markov_burst,2.0327196782178216,2.016862623762376,4.049582301980198,7.0,12.0,12,75.55501768905476,75.13755216455186,53.993159202666604,0.750546875,0.32765625,0.0615625,0.06211830396091433,0.022872108249672632,0.0031474033922014337,1939.6445751031788,474.14577327918084,1030.5984176741447,1907.0759903341377,50.121212121212125,7.606060606060606
20266004,forward_heavy,2.004950495049505,2.0,4.0049504950495045,13.0,13.0,13,76.0593278030584,75.19924655491181,50.52264221526315,0.770546875,0.31875,0.065546875,0.0709480122324159,0.07153463184557603,0.01562772830452244,1921.772377016858,460.08522515297875,929.8904504049917,1855.1259991824918,49.93939393939394,7.606060606060606
20266004,feedback_heavy,2.0,2.016398514851485,4.016398514851486,13.0,13.0,13,80.03363838482628,78.859630100438,37.193312605171556,0.772265625,0.32390625,0.073828125,0.0,0.0,0.0,2320.3940784142737,463.29827259327175,737.6575517839206,2191.5334253582323,50.3125,7.59375
20266005,fixed,2.0,2.0,4.0,4.0,4.0,4,88.16508563896494,87.05679139119302,6.266569294694245,0.801328125,0.255703125,0.0,0.0,0.0,0.0,3615.6452324463085,427.908516858867,456.51643563991024,3306.0466673441724,44.294117647058826,7.382352941176471
20266005,light_iid,2.0016398514851486,2.004238861386139,4.005878712871287,6.0,6.0,6,84.7558370764079,83.23893132222287,10.170633990286863,0.781875,0.326171875,0.09953125,0.11483669214732453,0.01606181628754992,0.0032148753149708925,2956.431558307717,450.68324347292116,501.71036877204426,2688.8693802112093,53.90909090909091,9.606060606060606
20266005,heavy_iid,2.0091274752475248,1.9972153465346534,4.006342821782178,12.0,12.0,22,64.08139110404113,62.52999732674719,64.58460758824488,0.742890625,0.391484375,0.100625,0.06766851980542044,0.07783755640402638,0.017553006604101494,1306.9854636934565,469.4509970310871,1325.5563896427884,1252.8715333297669,53.67741935483871,9.516129032258064
20266005,lognormal,2.3218595297029703,2.3590346534653466,4.680894183168316,14.0,34.0,125,69.48571675436767,68.29087334438746,37.458994685218336,0.78453125,0.444921875,0.206484375,0.09096432601336689,0.052928416485900215,0.03005820519503084,1789.5891804042915,546.0803114417556,873.1556339608259,1722.1550040549575,55.483870967741936,9.709677419354838
20266005,markov_burst,2.0199566831683167,2.0091274752475248,4.029084158415841,7.0,12.0,12,77.9784531646857,76.73621648774065,53.562972400965435,0.753828125,0.3365625,0.077421875,0.06200676437429538,0.024299227631693135,0.00521331132157442,2160.023794777309,475.6706516208182,1024.3348384139633,2044.6831074152387,52.61764705882353,9.5
20266005,forward_heavy,2.0091274752475248,2.0,4.009127475247524,13.0,13.0,13,77.37529161800529,76.05791749934887,50.429636342721594,0.769296875,0.30453125,0.072890625,0.07072111207645526,0.07202432667245873,0.015906127770534552,2035.8091718886885,460.59588835371716,929.1759316881428,1923.7920859273238,52.72727272727273,9.333333333333334
20266005,feedback_heavy,2.0,1.9972153465346534,3.9972153465346536,13.0,13.0,13,80.91258764053856,79.69794180482721,41.31571283483382,0.768515625,0.30453125,0.068125,0.0,0.0,0.0,2394.0460524741356,456.9614421111469,778.677673676149,2250.8133792060466,44.121212121212125,7.484848484848484
20266006,fixed,2.0,2.0,4.0,4.0,4.0,4,87.521432205107,86.69994254315417,6.602969475542488,0.8009375,0.25359375,0.0,0.0,0.0,0.0,3478.3751809448236,434.05140511493175,464.7379072734742,3263.5303007019406,46.696969696969695,7.393939393939394
20266006,light_iid,2.0016089108910893,1.9978032178217822,3.9994121287128714,6.0,6.0,6,83.62372487978611,82.13021272301123,11.657699808234659,0.77984375,0.323828125,0.09203125,0.11786243570743614,0.015447722115552452,0.0036566254570781823,2724.502882334219,446.1720876692088,505.04920825097315,2496.795741064877,45.84375,7.1875
20266006,heavy_iid,2.0083539603960396,1.994430693069307,4.002784653465347,12.0,22.0,22,62.073734821333495,60.90998195733052,63.09001007426093,0.741953125,0.3725,0.080703125,0.062385640846911214,0.07191481934019898,0.011495253853522599,1239.5516359723947,470.11564048538924,1273.6813026262994,1202.6488193794776,47.096774193548384,7.483870967741935
20266006,lognormal,2.331048886138614,2.3291460396039603,4.660194925742574,14.0,33.0,121,70.57570403798509,69.32187924853456,40.802984431690206,0.7825,0.433359375,0.2021875,0.08622796299528714,0.05408706272354532,0.031353422748650064,1819.1994098869022,535.2866185043508,904.2459545729332,1744.8481373448567,44.03448275862069,7.0344827586206895
20266006,markov_burst,2.025371287128713,2.0215810643564356,4.046952351485149,7.0,12.0,12,76.15241900451623,74.93259207180873,48.369009627839944,0.753203125,0.334453125,0.0796875,0.0631661715883278,0.023751309814879495,0.004183006535947713,2213.7469250874365,527.9250909952577,1022.4965416892724,2106.0218611655628,46.96875,7.40625
20266006,forward_heavy,2.0083539603960396,2.0,4.00835396039604,13.0,13.0,13,75.9443638030804,74.91319563863888,51.10529336616547,0.7671875,0.29484375,0.057421875,0.06488183483038283,0.06818578662475991,0.013239264872397875,1970.0214447076028,473.90119174016013,969.2280092590358,1889.0456708390739,46.225806451612904,7.290322580645161
20266006,feedback_heavy,2.0,1.994430693069307,3.9944306930693068,13.0,13.0,13,80.4226738470926,79.47505998463886,39.83568553328967,0.7671875,0.2934375,0.0628125,0.0,0.0,0.0,2302.831551276371,450.8328435454322,749.3359602640925,2196.5123562262456,45.46666666666667,7.4
20266007,fixed,2.0,2.0,4.0,4.0,4.0,4,88.35412421231582,87.32177713187842,9.799065146293778,0.80109375,0.262890625,0.0,0.0,0.0,0.0,4181.883776270505,487.0169901697794,539.9245484092326,3841.3663747333744,47.18181818181818,7.454545454545454
20266007,light_iid,2.0010829207920793,1.9996596534653466,4.000742574257425,6.0,6.0,6,84.67663636794373,83.61746714509341,12.119679610866491,0.78265625,0.327265625,0.095703125,0.12204450625869263,0.01782918768481475,0.0035667681600695953,3338.846090195614,511.6235275153676,582.1821373089012,3122.9818493062626,47.85294117647059,7.588235294117647
20266007,heavy_iid,2.004641089108911,2.00990099009901,4.014542079207921,12.0,22.0,22,64.09722176483123,63.205350946525016,59.57031762387839,0.743359375,0.38671875,0.095625,0.061712299000434595,0.07214254671881791,0.015316334522669915,1471.0773708060003,528.1576461082295,1306.361106661,1435.4197137215226,50.689655172413794,7.379310344827586
20266007,lognormal,2.318579826732673,2.3462407178217823,4.6648205445544555,14.0,33.0,83,70.48785819188068,68.97624052148272,38.35962569896965,0.782578125,0.4315625,0.188125,0.08651421615511695,0.05596107055961071,0.0285490469144399,2106.359096876081,621.6316836582904,1008.481357725791,2003.7277689982925,52.13793103448276,7.379310344827586
20266007,markov_burst,2.0244430693069306,1.981512995049505,4.005956064356436,7.0,12.0,12,76.5678069226426,75.44677935595986,51.82751525753159,0.7509375,0.329609375,0.071796875,0.061153578874218205,0.02285962624945676,0.0036543983294179067,2411.1349615742797,564.9817995517526,1172.830927389697,2301.0496575686166,48.93939393939394,7.333333333333333
20266007,forward_heavy,2.004641089108911,2.0,4.004641089108911,13.0,13.0,13,77.9100513612497,76.76356181704456,52.75092987539286,0.767578125,0.297890625,0.064375,0.07127955493741307,0.06771557719054241,0.014351569974776029,2333.082103890192,515.3766384492183,1090.7656745202528,2217.967462961948,47.29032258064516,7.419354838709677
20266007,feedback_heavy,2.0,2.00990099009901,4.00990099009901,13.0,13.0,13,81.00498320295269,80.28460951310663,36.389375148793384,0.7684375,0.30890625,0.07328125,0.0,0.0,0.0,2740.6146849299494,520.5802197447892,818.3856407046668,2640.476332897728,48.81818181818182,7.393939393939394
20266008,fixed,2.0,2.0,4.0,4.0,4.0,4,87.3580825328319,86.53889227222027,11.26624765862268,0.800078125,0.268203125,0.0,0.0,0.0,0.0,2859.3937592052307,361.4821991000804,407.37846598595615,2685.382261328228,43.648648648648646,7.45945945945946
20266008,light_iid,2.001237623762376,1.9999071782178217,4.001144801980198,6.0,6.0,6,84.21202709708896,83.21360241663342,10.711020284947539,0.78203125,0.33640625,0.096171875,0.11929089162518558,0.018951965065502185,0.002881844380403458,2384.9010217504238,376.5275270752053,421.69540773880044,2243.051406385738,41.921052631578945,7.2894736842105265
20266008,heavy_iid,1.994740099009901,1.9952042079207921,3.9899443069306932,12.0,22.0,22,63.022906023252375,61.606138518407114,60.495690342922465,0.74390625,0.38546875,0.095234375,0.06541484716157205,0.07604994324631101,0.014916259595254711,1061.5685026345093,392.5371828467151,993.656606720094,1022.3956843593569,51.371428571428574,9.685714285714285
20266008,lognormal,2.3247524752475246,2.328697400990099,4.653449876237624,14.0,33.0,125,69.57511934188756,68.59264255385003,43.59769800512912,0.788671875,0.4525,0.213828125,0.08878790526959714,0.05464719769170237,0.03143006809848088,1472.629483391581,448.0457628580665,794.3749581334657,1426.563070854564,45.0,7.514285714285714
20266008,markov_burst,1.9964418316831682,2.0100556930693068,4.006497524752476,7.0,12.0,12,75.859484552225,74.99203038580275,53.73732688694459,0.755234375,0.337265625,0.0834375,0.06677140612725845,0.024554351625305837,0.004108391608391608,1786.6508862011601,431.3067331811999,932.2996363119456,1724.6771322704385,43.114285714285714,7.428571428571429
20266008,forward_heavy,1.994740099009901,2.0,3.994740099009901,13.0,13.0,13,77.41679150068873,76.27586755892338,48.84391939413182,0.769296875,0.3146875,0.0715625,0.07126637554585152,0.07023060796645703,0.017366262326555547,1681.4116491392847,379.71669845683283,742.270897143897,1600.5504074803628,42.361111111111114,7.5
20266008,feedback_heavy,2.0,1.9952042079207921,3.995204207920792,13.0,13.0,13,80.7126284604596,79.58401343947737,36.22163865731204,0.7696875,0.3003125,0.06234375,0.0,0.0,0.0,1974.2589131122709,380.7826517244557,597.0405066986118,1865.1200156095128,44.85294117647059,7.5
20266009,fixed,2.0,2.0,4.0,4.0,4.0,4,88.09848332898048,86.94902330978076,5.41650177663295,0.80078125,0.25640625,0.0,0.0,0.0,0.0,4127.254222410045,491.20584933548906,519.3356754213767,3763.7478097988796,46.4375,7.53125
20266009,light_iid,1.994430693069307,2.0020111386138613,3.9964418316831685,6.0,6.0,6,84.92358319413749,84.20345818601773,8.849529945856263,0.7815625,0.328203125,0.09734375,0.12114117238987167,0.01685051680708764,0.002345175019543125,3376.4049134529832,509.0408778057931,558.4621532981902,3222.4830206521356,47.34375,7.59375
20266009,heavy_iid,2.000773514851485,1.984839108910891,3.985612623762376,12.0,22.0,22,62.12668706924803,61.304101150370165,60.47481130030512,0.742109375,0.381953125,0.09203125,0.06586254772648387,0.07572073636679402,0.013547546678245766,1470.977242676861,557.1078142591543,1409.5007072374963,1439.7076455674155,45.92857142857143,7.535714285714286
20266009,lognormal,2.333818069306931,2.3445080445544555,4.678326113861386,14.0,34.0,78,69.9993849555859,69.26216667158336,44.402251769894576,0.784453125,0.438359375,0.20421875,0.08731466227347612,0.053399322740296955,0.031087183049670026,2080.942483961519,624.295543908964,1122.8791880655995,2031.0330179707644,48.125,7.46875
20266009,markov_burst,1.9860767326732673,2.010210396039604,3.996287128712871,7.0,12.0,12,76.92386093614235,75.38580324563743,54.534454716922525,0.754765625,0.334296875,0.072578125,0.06015102855654891,0.023790917773725797,0.00425531914893617,2573.114969827709,593.775588710381,1305.990250448811,2412.3297405800645,47.25806451612903,7.67741935483871
20266009,forward_heavy,2.000773514851485,2.0,4.000773514851486,13.0,13.0,13,76.97589283242986,75.54170309609134,51.7498314382298,0.7678125,0.3078125,0.07375,0.07160215240409651,0.07025618758141554,0.014322916666666666,2353.7453155919256,541.9288439135466,1123.164664636903,2215.7260010485093,47.206896551724135,7.551724137931035
20266009,feedback_heavy,2.0,1.984839108910891,3.984839108910891,13.0,13.0,13,80.80622978515821,80.21843132597792,37.45505549832712,0.767265625,0.295234375,0.057578125,0.0,0.0,0.0,2695.5979049213947,517.3868677867022,827.2241216440183,2615.4996922269092,44.935483870967744,7.354838709677419
20266010,fixed,2.0,2.0,4.0,4.0,4.0,4,87.8685620033754,87.07286006606921,9.380780330215943,0.8003125,0.2534375,0.0,0.0,0.0,0.0,3241.78509955634,393.2751493364927,433.98646641362086,3042.2440798697844,44.84848484848485,7.363636363636363
20266010,light_iid,1.9956373762376238,2.0030012376237623,3.9986386138613863,6.0,6.0,6,83.83110050493733,82.4514502383495,13.321239624995338,0.778203125,0.325,0.09171875,0.11909917713295799,0.017066620462618035,0.0032092982912655045,2550.2496157643072,412.3472972461527,475.7189598261263,2349.75142018442,45.529411764705884,7.5
20266010,heavy_iid,1.989789603960396,2.0021658415841586,3.9919554455445545,12.0,22.0,22,63.01949495348509,61.60374462065321,61.72192347808857,0.738203125,0.3621875,0.071953125,0.06282495667244367,0.0717628705148206,0.010760152724748352,1177.25169381577,435.35362204172316,1137.3445627355773,1133.8439588457845,43.25,7.09375
20266010,lognormal,2.326825495049505,2.3261293316831684,4.652954826732674,14.0,33.0,125,69.92688140854818,68.06028589367476,43.551603286607474,0.779921875,0.431484375,0.183125,0.0921291886743441,0.052613331021929444,0.026984815618221258,1645.3120404591573,494.7966411267182,876.5468462088782,1549.1580152520223,44.57142857142857,7.4
20266010,markov_burst,1.9988397277227723,1.9959777227722773,3.9948174504950495,7.0,12.0,12,76.38174041539844,75.16758383149046,47.36560561133304,0.7540625,0.3359375,0.07546875,0.06646447140381283,0.027277450640803603,0.003295464400312202,2086.830227154882,492.87298013937067,936.4085706009266,1984.796714080494,47.17142857142857,7.4
20266010,forward_heavy,1.989789603960396,2.0,3.989789603960396,13.0,13.0,13,77.35436088039965,76.1267476622284,52.00403312441898,0.7675,0.28953125,0.058984375,0.0672560235742763,0.06815623105568545,0.012579161967554438,1899.5091341039672,430.1559835530299,896.2336036861485,1801.832349723246,45.714285714285715,7.257142857142857
20266010,feedback_heavy,2.0,2.0021658415841586,4.002165841584159,13.0,13.0,13,81.25585956200742,80.67933046989538,38.73601386169308,0.765390625,0.280390625,0.04953125,0.0,0.0,0.0,2184.5805943916057,409.48085459389597,668.3875477339488,2119.3926740264383,45.24242424242424,7.2727272727272725
20266011,fixed,2.0,2.0,4.0,4.0,4.0,4,88.19600004501832,87.10622395572942,8.44408059063111,0.80046875,0.270234375,0.0,0.0,0.0,0.0,3206.2083998532407,378.4608380752951,413.3657774579317,2935.221123554929,42.90625,7.53125
20266011,light_iid,1.999009900990099,2.0000928217821783,3.9991027227722773,6.0,6.0,6,84.17169777649421,82.96911278968429,8.97734135828091,0.780546875,0.336875,0.09984375,0.1135083614938047,0.018715882505848713,0.004330504070673827,2577.8940652590854,408.0368636510277,448.28053776931665,2395.8638126842698,42.03333333333333,7.4
20266011,heavy_iid,1.9989170792079207,1.9970606435643565,3.995977722772277,12.0,12.0,22,62.61620843896633,61.09434490925079,58.47840886765136,0.74546875,0.4009375,0.099921875,0.06639507670971656,0.07778258986574274,0.015524718126626192,1150.2864376846733,430.02068421887776,1035.6556010780068,1105.2909486187416,42.55555555555556,7.333333333333333
20266011,lognormal,2.334792698019802,2.363907797029703,4.698700495049505,14.0,34.0,104,68.03598178481666,67.0353205107248,43.36226989564945,0.786953125,0.45203125,0.2153125,0.08759313810431468,0.05570475612925583,0.03130419701699618,1569.0388783063795,501.52787286515945,885.5013644458099,1521.4098260179585,41.142857142857146,7.214285714285714
20266011,markov_burst,1.9808168316831682,2.023050742574257,4.003867574257426,7.0,12.0,12,76.616785420589,75.68029090885324,52.73978265496833,0.752890625,0.333046875,0.0796875,0.06272743025472188,0.02658468998960859,0.005108667417092389,1946.1698579386098,455.07707396160345,962.9178609976163,1871.2274569405422,40.46875,6.90625
20266011,forward_heavy,1.9989170792079207,2.0,3.9989170792079207,13.0,13.0,13,77.70199202738407,76.2672969127622,50.38119911181647,0.77,0.312421875,0.07015625,0.0732680135264025,0.07502382396257472,0.01524997833809895,1841.9255169706419,410.71269862376084,827.7360421290834,1730.5769895407357,42.925925925925924,7.333333333333333
20266011,feedback_heavy,2.0,1.9970606435643565,3.9970606435643563,13.0,13.0,13,80.72174615766556,79.36588064286833,35.337993396723,0.76890625,0.315234375,0.07453125,0.0,0.0,0.0,2149.521209544,414.3901551707097,640.8557001843936,2008.2764279808534,43.172413793103445,7.310344827586207
