seed,scale,B,K,N,H,n0,block_length,physical_joint_coverage,index_joint_coverage,certificate_rate,certificate_error_rate,mismatch_rate,mean_normalized_interval_width,certified_count,wrong_certified_count,wrong_certified_on_index_coverage
20260900,0.5,4,20,4,800,8,64,0.0,0.0,0.3975,0.18474842767295596,0.4625,0.23427025797451176,1272,235,0
20260900,1.0,4,20,4,800,8,64,0.0,0.0003125,0.2046875,0.061068702290076333,0.531875,0.45795773723873756,655,40,0
20260900,2.0,4,20,4,800,8,64,0.1165625,0.485,0.0715625,0.03056768558951965,0.6346875,0.8480338187076726,229,7,0
20260900,3.0,4,20,4,800,8,64,0.8146875,0.8475,0.0340625,0.009174311926605505,0.7115625,1.1934602957990508,109,1,0
20260900,4.0,4,20,4,800,8,64,0.905625,0.905625,0.01625,0.0,0.7684375,1.5155338462436445,52,0,0
20260900,6.0,4,20,4,800,8,64,1.0,1.0,0.0046875,0.0,0.8225,2.1223629558719526,15,0,0
20260901,0.5,4,20,4,800,8,64,0.0,0.0,0.376875,0.3043117744610282,0.539375,0.23290057818019694,1206,367,0
20260901,1.0,4,20,4,800,8,64,0.0,0.0,0.16875,0.10555555555555556,0.5375,0.44755503632227056,540,57,0
20260901,2.0,4,20,4,800,8,64,0.024375,0.2703125,0.044375,0.0,0.608125,0.8291706749796143,142,0,0
20260901,3.0,4,20,4,800,8,64,0.4221875,0.8303125,0.0190625,0.0,0.674375,1.1515598427353977,61,0,0
20260901,4.0,4,20,4,800,8,64,0.9384375,0.9971875,0.0059375,0.0,0.734375,1.4426955504493448,19,0,0
20260901,6.0,4,20,4,800,8,64,1.0,1.0,0.001875,0.0,0.7959375,1.9633717771391723,6,0,0
20260902,0.5,4,20,4,800,8,64,0.0,0.0,0.3775,0.2731788079470199,0.5096875,0.20415671997101362,1208,330,0
20260902,1.0,4,20,4,800,8,64,0.0,0.0,0.1634375,0.09369024856596558,0.518125,0.4009568764474978,523,49,0
20260902,2.0,4,20,4,800,8,64,0.0875,0.4940625,0.05,0.0,0.5665625,0.7614525719005276,160,0,0
20260902,3.0,4,20,4,800,8,64,0.805,0.92375,0.0228125,0.0,0.6621875,1.0538384276710846,73,0,0
20260902,4.0,4,20,4,800,8,64,0.989375,0.9953125,0.013125,0.0,0.7178125,1.3208007848372798,42,0,0
20260902,6.0,4,20,4,800,8,64,0.9978125,1.0,0.0034375,0.0,0.7684375,1.8129475167496623,11,0,0
20260903,0.5,4,20,4,800,8,64,0.0,0.0,0.345625,0.3155515370705244,0.5740625,0.2572797943923918,1106,349,0
20260903,1.0,4,20,4,800,8,64,0.0,0.0,0.14625,0.09615384615384616,0.609375,0.497906228876707,468,45,0
20260903,2.0,4,20,4,800,8,64,0.259375,0.50875,0.044375,0.014084507042253521,0.6784375,0.9239690992682493,142,2,0
20260903,3.0,4,20,4,800,8,64,0.8715625,0.95875,0.0165625,0.0,0.7171875,1.2712032948620056,53,0,0
20260903,4.0,4,20,4,800,8,64,1.0,1.0,0.0065625,0.0,0.7628125,1.5940693415872955,21,0,0
20260903,6.0,4,20,4,800,8,64,1.0,1.0,0.0021875,0.0,0.819375,2.1826521247052795,7,0,0
20260904,0.5,4,20,4,800,8,64,0.0,0.0,0.415625,0.25338345864661654,0.506875,0.22348322215270439,1330,337,0
20260904,1.0,4,20,4,800,8,64,0.0,0.0,0.203125,0.08153846153846153,0.5553125,0.4357123382902515,650,53,0
20260904,2.0,4,20,4,800,8,64,0.2825,0.723125,0.055,0.005681818181818182,0.6425,0.835673205064883,176,1,0
20260904,3.0,4,20,4,800,8,64,0.84875,0.99875,0.0228125,0.0,0.71375,1.1756038733791505,73,0,0
20260904,4.0,4,20,4,800,8,64,1.0,1.0,0.0165625,0.0,0.74375,1.4860427355265278,53,0,0
20260904,6.0,4,20,4,800,8,64,1.0,1.0,0.0028125,0.0,0.7890625,2.0409945415822572,9,0,0
20260905,0.5,4,20,4,800,8,64,0.0,0.0,0.4396875,0.2082444918265814,0.4253125,0.17718937330176932,1407,293,0
20260905,1.0,4,20,4,800,8,64,0.0,0.003125,0.221875,0.0647887323943662,0.4690625,0.3584293962267055,710,46,0
20260905,2.0,4,20,4,800,8,64,0.133125,0.6059375,0.078125,0.0,0.5521875,0.7068040884558157,250,0,0
20260905,3.0,4,20,4,800,8,64,0.823125,0.974375,0.0446875,0.0,0.649375,1.0067556047858062,143,0,0
20260905,4.0,4,20,4,800,8,64,0.9925,0.995625,0.0209375,0.0,0.6878125,1.2817714061093688,67,0,0
20260905,6.0,4,20,4,800,8,64,1.0,1.0,0.0071875,0.0,0.7528125,1.7901286774559757,23,0,0
20260906,0.5,4,20,4,800,8,64,0.0,0.0,0.365625,0.35128205128205126,0.5815625,0.22609440786132293,1170,411,0
20260906,1.0,4,20,4,800,8,64,0.0,0.0,0.1728125,0.1518987341772152,0.590625,0.4383874748347927,553,84,0
20260906,2.0,4,20,4,800,8,64,0.145,0.2875,0.0515625,0.006060606060606061,0.6403125,0.819680603883411,165,1,0
20260906,3.0,4,20,4,800,8,64,0.7478125,0.895625,0.0240625,0.0,0.703125,1.1316712111005847,77,0,0
20260906,4.0,4,20,4,800,8,64,0.9925,0.995,0.0140625,0.0,0.7384375,1.4097146612932918,45,0,0
20260906,6.0,4,20,4,800,8,64,1.0,1.0,0.0028125,0.0,0.7953125,1.9056627495650174,9,0,0
20260907,0.5,4,20,4,800,8,64,0.0,0.0,0.3409375,0.3556370302474794,0.61,0.2498200031764612,1091,388,0
20260907,1.0,4,20,4,800,8,64,0.0,0.0,0.154375,0.1862348178137652,0.6075,0.4831820320473058,494,92,0
20260907,2.0,4,20,4,800,8,64,0.0259375,0.7028125,0.0440625,0.0,0.6784375,0.9242112543779842,141,0,0
20260907,3.0,4,20,4,800,8,64,0.8946875,0.9903125,0.016875,0.0,0.763125,1.3099019426100567,54,0,0
20260907,4.0,4,20,4,800,8,64,0.96625,1.0,0.008125,0.0,0.8209375,1.6693347259487457,26,0,0
20260907,6.0,4,20,4,800,8,64,1.0,1.0,0.00125,0.0,0.853125,2.3236791398831467,4,0,0
20260908,0.5,4,20,4,800,8,64,0.0,0.0,0.359375,0.32869565217391306,0.573125,0.2396189828296567,1150,378,0
20260908,1.0,4,20,4,800,8,64,0.0,0.0,0.1675,0.15298507462686567,0.59375,0.46061152914782527,536,82,0
20260908,2.0,4,20,4,800,8,64,0.1965625,0.4896875,0.055,0.011363636363636364,0.6640625,0.8777547726331574,176,2,0
20260908,3.0,4,20,4,800,8,64,0.775,0.95875,0.0259375,0.0,0.7325,1.2373647176425617,83,0,0
20260908,4.0,4,20,4,800,8,64,0.986875,1.0,0.0128125,0.0,0.7875,1.5608430547104346,41,0,0
20260908,6.0,4,20,4,800,8,64,0.9978125,1.0,0.00375,0.0,0.831875,2.1542163893926314,12,0,0
20260909,0.5,4,20,4,800,8,64,0.0,0.0,0.3871875,0.27602905569007263,0.5403125,0.25046600518103435,1239,342,0
20260909,1.0,4,20,4,800,8,64,0.0,0.0,0.2278125,0.13443072702331962,0.57625,0.47349213623559405,729,98,0
20260909,2.0,4,20,4,800,8,64,0.124375,0.464375,0.1053125,0.005934718100890208,0.6190625,0.8525184006765056,337,2,0
20260909,3.0,4,20,4,800,8,64,0.7840625,0.95375,0.05,0.0,0.6734375,1.1705246195279142,160,0,0
20260909,4.0,4,20,4,800,8,64,0.9846875,1.0,0.0253125,0.0,0.7203125,1.460923783830345,81,0,0
20260909,6.0,4,20,4,800,8,64,0.9996875,1.0,0.0075,0.0,0.7771875,1.9982484305492119,24,0,0
20260910,0.5,4,20,4,800,8,64,0.0,0.0,0.460625,0.17096336499321574,0.4259375,0.1812260700009138,1474,252,0
20260910,1.0,4,20,4,800,8,64,0.0,0.0,0.2571875,0.03645200486026731,0.4809375,0.36879724372184464,823,30,0
20260910,2.0,4,20,4,800,8,64,0.1678125,0.754375,0.1128125,0.0,0.5925,0.7132786969664149,361,0,0
20260910,3.0,4,20,4,800,8,64,0.924375,0.991875,0.0621875,0.0,0.6521875,1.0077892892968683,199,0,0
20260910,4.0,4,20,4,800,8,64,0.994375,0.9990625,0.0375,0.0,0.6821875,1.273577354721126,120,0,0
20260910,6.0,4,20,4,800,8,64,1.0,1.0,0.01125,0.0,0.74,1.7606190532091464,36,0,0
20260911,0.5,4,20,4,800,8,64,0.0,0.0,0.444375,0.41631504922644164,0.55625,0.1828132544215719,1422,592,0
20260911,1.0,4,20,4,800,8,64,0.0,0.0,0.228125,0.27534246575342464,0.5675,0.3554489329883932,730,201,0
20260911,2.0,4,20,4,800,8,64,0.0821875,0.4171875,0.064375,0.03398058252427184,0.595,0.7284795613984073,206,7,0
20260911,3.0,4,20,4,800,8,64,0.918125,0.955,0.03125,0.0,0.684375,1.07953817214675,100,0,0
20260911,4.0,4,20,4,800,8,64,0.9740625,0.98,0.014375,0.0,0.7528125,1.3954205993564823,46,0,0
20260911,6.0,4,20,4,800,8,64,1.0,1.0,0.005625,0.0,0.80125,1.9713971855250703,18,0,0
