seed,delay_slots,method,inflight_beta,post_excess_pct,total_excess_pct,redundant_attempt_rate,calendar_delay,detected_fraction
20262000,1,sco_reset_ucb,nan,5.918664282527619,7.86789533572021,0.5171875,31.09090909090909,1.0
20262000,1,ps_forced_reset_ucb,nan,4.7611725099455215,6.463297187627393,0.509375,34.18181818181818,1.0
20262000,1,inflight_sco_ucb,0.0,5.918664282527619,7.86789533572021,0.5171875,31.09090909090909,1.0
20262000,1,inflight_sco_ucb,0.25,0.8383991460592877,2.856600033551598,0.5015625,32.18181818181818,1.0
20262000,1,inflight_sco_ucb,0.5,-7.223991448542688,-5.732009528857256,0.4671875,31.727272727272727,1.0
20262000,1,inflight_sco_ucb,1.0,-20.895121756341712,-17.616258350417315,0.40260416666666665,33.54545454545455,1.0
20262000,1,inflight_sco_ucb,2.0,-35.225114537936946,-31.542569531493747,0.2713541666666667,34.36363636363637,1.0
20262000,1,inflight_sco_ucb,4.0,-42.0780264436366,-39.773226121371096,0.1171875,32.27272727272727,1.0
20262000,3,sco_reset_ucb,nan,11.029835574368718,12.13841288119264,0.75,35.63636363636363,1.0
20262000,3,ps_forced_reset_ucb,nan,7.309682495685776,10.164457318039656,0.7432291666666667,33.9,0.9090909090909091
20262000,3,inflight_sco_ucb,0.0,11.029835574368718,12.13841288119264,0.75,35.63636363636363,1.0
20262000,3,inflight_sco_ucb,0.25,-7.313508321725155,-6.264309437769445,0.7276041666666667,37.36363636363637,1.0
20262000,3,inflight_sco_ucb,0.5,-27.14334043688472,-24.993606395129568,0.6984375,37.18181818181818,1.0
20262000,3,inflight_sco_ucb,1.0,-44.91089600203779,-43.17396376742323,0.65,37.63636363636363,1.0
20262000,3,inflight_sco_ucb,2.0,-56.31335619776142,-55.18300346149627,0.5848958333333333,37.90909090909091,1.0
20262000,3,inflight_sco_ucb,4.0,-63.46301306130619,-61.44450827553177,0.49947916666666664,36.36363636363637,1.0
20262000,5,sco_reset_ucb,nan,10.54964095387203,13.313157728805136,0.8307291666666666,41.81818181818182,1.0
20262000,5,ps_forced_reset_ucb,nan,2.3631109407656723,5.001673639996035,0.8203125,42.72727272727273,1.0
20262000,5,inflight_sco_ucb,0.0,10.54964095387203,13.313157728805136,0.8307291666666666,41.81818181818182,1.0
20262000,5,inflight_sco_ucb,0.25,-20.720489117674862,-19.56777401446061,0.80625,37.36363636363637,1.0
20262000,5,inflight_sco_ucb,0.5,-41.107322801792016,-40.45860657357772,0.778125,43.09090909090909,1.0
20262000,5,inflight_sco_ucb,1.0,-56.26337408779544,-54.336618894936336,0.7505208333333333,42.72727272727273,1.0
20262000,5,inflight_sco_ucb,2.0,-68.59162749060235,-66.00833175647502,0.7067708333333333,42.27272727272727,1.0
20262000,5,inflight_sco_ucb,4.0,-69.87406508756476,-68.09597887498356,0.6796875,43.18181818181818,1.0
20262001,1,sco_reset_ucb,nan,7.39737035788427,8.2213819745091,0.5229166666666667,32.18181818181818,1.0
20262001,1,ps_forced_reset_ucb,nan,7.326953991357865,8.629961766728677,0.5161458333333333,31.727272727272727,1.0
20262001,1,inflight_sco_ucb,0.0,7.39737035788427,8.2213819745091,0.5229166666666667,32.18181818181818,1.0
20262001,1,inflight_sco_ucb,0.25,5.892316263034347,4.807981835768082,0.5104166666666666,30.454545454545453,1.0
20262001,1,inflight_sco_ucb,0.5,-6.878604659228332,-5.834470965357452,0.4734375,31.90909090909091,1.0
20262001,1,inflight_sco_ucb,1.0,-16.294677837722798,-16.8389611034327,0.4010416666666667,34.0,1.0
20262001,1,inflight_sco_ucb,2.0,-37.041942981388885,-34.718689977984454,0.24635416666666668,32.1,0.9090909090909091
20262001,1,inflight_sco_ucb,4.0,-41.569260588585635,-40.318517647031975,0.12760416666666666,30.545454545454547,1.0
20262001,3,sco_reset_ucb,nan,8.970989845096234,8.022041934806746,0.753125,33.45454545454545,1.0
20262001,3,ps_forced_reset_ucb,nan,5.907485802244771,5.196214723506076,0.7432291666666667,32.72727272727273,1.0
20262001,3,inflight_sco_ucb,0.0,8.970989845096234,8.022041934806746,0.753125,33.45454545454545,1.0
20262001,3,inflight_sco_ucb,0.25,-13.406866011653346,-12.988816342684993,0.7265625,33.09090909090909,1.0
20262001,3,inflight_sco_ucb,0.5,-28.773961220812673,-28.357447213431122,0.7015625,34.09090909090909,1.0
20262001,3,inflight_sco_ucb,1.0,-46.60156846477004,-47.01298661339106,0.6505208333333333,34.81818181818182,1.0
20262001,3,inflight_sco_ucb,2.0,-59.44049227061457,-58.95526209120864,0.584375,35.4,0.9090909090909091
20262001,3,inflight_sco_ucb,4.0,-65.92908449325589,-64.49776240629048,0.49375,31.9,0.9090909090909091
20262001,5,sco_reset_ucb,nan,19.252159544774106,13.780341144388697,0.8317708333333333,38.45454545454545,1.0
20262001,5,ps_forced_reset_ucb,nan,2.7678598549902844,5.487568571531232,0.8229166666666666,37.81818181818182,1.0
20262001,5,inflight_sco_ucb,0.0,19.252159544774106,13.780341144388697,0.8317708333333333,38.45454545454545,1.0
20262001,5,inflight_sco_ucb,0.25,-23.69349057943537,-24.451745302023774,0.8026041666666667,36.54545454545455,1.0
20262001,5,inflight_sco_ucb,0.5,-41.564972480625016,-41.00927604673694,0.7807291666666667,33.63636363636363,1.0
20262001,5,inflight_sco_ucb,1.0,-58.86914522900648,-57.70851291983475,0.74375,34.3,0.9090909090909091
20262001,5,inflight_sco_ucb,2.0,-68.96714183872129,-66.70808422985411,0.7067708333333333,35.3,0.9090909090909091
20262001,5,inflight_sco_ucb,4.0,-72.86745528462606,-70.9118643399512,0.6869791666666667,34.2,0.9090909090909091
20262002,1,sco_reset_ucb,nan,8.905845524183885,7.805264134468992,0.5171875,33.888888888888886,1.0
20262002,1,ps_forced_reset_ucb,nan,7.9739694648866095,6.998563592383178,0.5078125,32.77777777777778,1.0
20262002,1,inflight_sco_ucb,0.0,8.905845524183885,7.805264134468992,0.5171875,33.888888888888886,1.0
20262002,1,inflight_sco_ucb,0.25,3.2665365516140303,2.807691710498111,0.5015625,33.44444444444444,1.0
20262002,1,inflight_sco_ucb,0.5,-2.133084087497394,-4.932581464599611,0.46875,35.333333333333336,1.0
20262002,1,inflight_sco_ucb,1.0,-14.051527845194332,-16.09413032733563,0.4088541666666667,33.44444444444444,1.0
20262002,1,inflight_sco_ucb,2.0,-34.107070215087234,-33.810746835516994,0.26614583333333336,35.333333333333336,1.0
20262002,1,inflight_sco_ucb,4.0,-42.724147287149385,-41.49515374262471,0.11614583333333334,36.888888888888886,1.0
20262002,3,sco_reset_ucb,nan,11.151595086452936,10.017740326137869,0.7494791666666667,34.75,0.8888888888888888
20262002,3,ps_forced_reset_ucb,nan,9.5093917502366,6.3239128455965075,0.7395833333333334,35.22222222222222,1.0
20262002,3,inflight_sco_ucb,0.0,11.151595086452936,10.017740326137869,0.7494791666666667,34.75,0.8888888888888888
20262002,3,inflight_sco_ucb,0.25,-10.315860325903875,-9.267912908193004,0.7286458333333333,38.888888888888886,1.0
20262002,3,inflight_sco_ucb,0.5,-21.921208841544292,-23.306348265318995,0.7072916666666667,36.0,1.0
20262002,3,inflight_sco_ucb,1.0,-46.39297960032967,-46.36579673347646,0.6494791666666667,41.77777777777778,1.0
20262002,3,inflight_sco_ucb,2.0,-58.48294827437078,-58.243918824339225,0.5838541666666667,37.888888888888886,1.0
20262002,3,inflight_sco_ucb,4.0,-64.24163434836368,-63.97255911458294,0.4947916666666667,37.333333333333336,1.0
20262002,5,sco_reset_ucb,nan,11.029272562602966,9.654179795869421,0.8307291666666666,38.44444444444444,1.0
20262002,5,ps_forced_reset_ucb,nan,1.8138521997215387,2.6103403192041297,0.8223958333333333,43.888888888888886,1.0
20262002,5,inflight_sco_ucb,0.0,11.029272562602966,9.654179795869421,0.8307291666666666,38.44444444444444,1.0
20262002,5,inflight_sco_ucb,0.25,-22.37881606593743,-20.83101074397416,0.8057291666666667,41.666666666666664,1.0
20262002,5,inflight_sco_ucb,0.5,-40.07708766555908,-39.550789147851894,0.7854166666666667,40.22222222222222,1.0
20262002,5,inflight_sco_ucb,1.0,-57.953282255120016,-56.20533880392134,0.746875,39.666666666666664,1.0
20262002,5,inflight_sco_ucb,2.0,-68.34242985564052,-67.78997928789697,0.7052083333333333,42.44444444444444,1.0
20262002,5,inflight_sco_ucb,4.0,-73.00959006004788,-71.81443675167327,0.6791666666666667,42.666666666666664,1.0
20262003,1,sco_reset_ucb,nan,5.698900335300417,5.640452314025657,0.5260416666666666,35.625,0.8888888888888888
20262003,1,ps_forced_reset_ucb,nan,7.682187891671366,6.755840050590967,0.5229166666666667,38.0,0.8888888888888888
20262003,1,inflight_sco_ucb,0.0,5.698900335300417,5.640452314025657,0.5260416666666666,35.625,0.8888888888888888
20262003,1,inflight_sco_ucb,0.25,-1.3057836325913341,-1.1530240487783894,0.5015625,36.55555555555556,1.0
20262003,1,inflight_sco_ucb,0.5,-6.098241265906962,-7.029762129938916,0.4708333333333333,39.22222222222222,1.0
20262003,1,inflight_sco_ucb,1.0,-20.942461124471897,-21.466001616126526,0.4036458333333333,42.55555555555556,1.0
20262003,1,inflight_sco_ucb,2.0,-34.505186749561446,-33.97968305663913,0.278125,40.666666666666664,1.0
20262003,1,inflight_sco_ucb,4.0,-42.37510198202561,-41.86733575701438,0.128125,38.55555555555556,1.0
20262003,3,sco_reset_ucb,nan,10.628276940822413,7.566041884157237,0.7526041666666666,36.25,0.8888888888888888
20262003,3,ps_forced_reset_ucb,nan,4.647896150346953,2.6416523472743703,0.74375,40.111111111111114,1.0
20262003,3,inflight_sco_ucb,0.0,10.628276940822413,7.566041884157237,0.7526041666666666,36.25,0.8888888888888888
20262003,3,inflight_sco_ucb,0.25,-9.551794782515206,-11.0620673621523,0.7302083333333333,45.77777777777778,1.0
20262003,3,inflight_sco_ucb,0.5,-28.451704069279785,-29.26425494960734,0.6984375,49.0,0.8888888888888888
20262003,3,inflight_sco_ucb,1.0,-47.52921762425895,-47.80367075351931,0.6463541666666667,45.77777777777778,1.0
20262003,3,inflight_sco_ucb,2.0,-59.985599996684144,-59.240875857249186,0.5776041666666667,48.0,1.0
20262003,3,inflight_sco_ucb,4.0,-64.43924192003804,-64.23403821768225,0.5036458333333333,46.333333333333336,1.0
20262003,5,sco_reset_ucb,nan,3.800800591764669,5.165240575992924,0.8286458333333333,45.666666666666664,1.0
20262003,5,ps_forced_reset_ucb,nan,-0.7635091890310477,1.1115925293095241,0.8213541666666667,41.57142857142857,0.7777777777777778
20262003,5,inflight_sco_ucb,0.0,3.800800591764669,5.165240575992924,0.8286458333333333,45.666666666666664,1.0
20262003,5,inflight_sco_ucb,0.25,-26.853108901710712,-24.4928520678763,0.8020833333333334,43.666666666666664,1.0
20262003,5,inflight_sco_ucb,0.5,-42.599371672749264,-43.346397182738315,0.7755208333333333,44.77777777777778,1.0
20262003,5,inflight_sco_ucb,1.0,-59.15656704293991,-57.6185964505451,0.746875,50.888888888888886,1.0
20262003,5,inflight_sco_ucb,2.0,-68.45345126659578,-66.94363614281221,0.7145833333333333,49.44444444444444,1.0
20262003,5,inflight_sco_ucb,4.0,-72.31119792239508,-70.4162744490252,0.6807291666666667,48.75,0.8888888888888888
20262004,1,sco_reset_ucb,nan,13.40579772968632,15.727005762760605,0.5223958333333333,34.75,1.0
20262004,1,ps_forced_reset_ucb,nan,12.82320811191492,14.71917315922654,0.5151041666666667,34.125,1.0
20262004,1,inflight_sco_ucb,0.0,13.40579772968632,15.727005762760605,0.5223958333333333,34.75,1.0
20262004,1,inflight_sco_ucb,0.25,7.614076844958534,9.01979489948863,0.503125,36.375,1.0
20262004,1,inflight_sco_ucb,0.5,-1.4566531149647512,1.4069809991001825,0.471875,32.5,1.0
20262004,1,inflight_sco_ucb,1.0,-13.3190394364891,-12.886225248229694,0.39791666666666664,36.625,1.0
20262004,1,inflight_sco_ucb,2.0,-30.53886381099168,-28.032211755286944,0.26510416666666664,36.375,1.0
20262004,1,inflight_sco_ucb,4.0,-39.97919931044818,-36.63673576698589,0.12604166666666666,36.375,1.0
20262004,3,sco_reset_ucb,nan,12.794570925651572,17.045735824381037,0.7494791666666667,39.5,1.0
20262004,3,ps_forced_reset_ucb,nan,10.448414918056004,11.729760863099836,0.7380208333333333,38.625,1.0
20262004,3,inflight_sco_ucb,0.0,12.794570925651572,17.045735824381037,0.7494791666666667,39.5,1.0
20262004,3,inflight_sco_ucb,0.25,-4.315945290168049,-4.869670292647621,0.7260416666666667,37.0,1.0
20262004,3,inflight_sco_ucb,0.5,-22.471530413538876,-22.620049805329135,0.6984375,36.5,1.0
20262004,3,inflight_sco_ucb,1.0,-40.96374564154148,-40.156154090380745,0.6541666666666667,40.25,1.0
20262004,3,inflight_sco_ucb,2.0,-57.033267578875325,-55.123155895704954,0.5791666666666667,38.0,1.0
20262004,3,inflight_sco_ucb,4.0,-61.89120346098981,-60.32435459057024,0.503125,39.625,1.0
20262004,5,sco_reset_ucb,nan,26.834529001265807,19.15299127481638,0.8307291666666666,41.5,1.0
20262004,5,ps_forced_reset_ucb,nan,15.050372946048507,9.758570968123282,0.821875,40.75,1.0
20262004,5,inflight_sco_ucb,0.0,26.834529001265807,19.15299127481638,0.8307291666666666,41.5,1.0
20262004,5,inflight_sco_ucb,0.25,-14.729484685458822,-18.387723349219076,0.8046875,39.125,1.0
20262004,5,inflight_sco_ucb,0.5,-32.13837233679526,-36.10384320824315,0.7802083333333333,35.5,1.0
20262004,5,inflight_sco_ucb,1.0,-53.54869759734687,-54.340538954224925,0.7421875,42.625,1.0
20262004,5,inflight_sco_ucb,2.0,-63.897405513485886,-63.78069275664091,0.7067708333333333,43.125,1.0
20262004,5,inflight_sco_ucb,4.0,-68.02909564690907,-67.57348741421134,0.6838541666666667,43.25,1.0
20262005,1,sco_reset_ucb,nan,10.948340302147741,9.634722944979767,0.5151041666666667,38.9,1.0
20262005,1,ps_forced_reset_ucb,nan,7.790135201895454,7.145459258816389,0.5046875,38.2,1.0
20262005,1,inflight_sco_ucb,0.0,10.948340302147741,9.634722944979767,0.5151041666666667,38.9,1.0
20262005,1,inflight_sco_ucb,0.25,3.2918353299284275,3.4345388707037294,0.49947916666666664,39.4,1.0
20262005,1,inflight_sco_ucb,0.5,-5.290218638080768,-4.736168097303945,0.46822916666666664,38.3,1.0
20262005,1,inflight_sco_ucb,1.0,-17.657315823550057,-16.771575144334292,0.39427083333333335,42.8,1.0
20262005,1,inflight_sco_ucb,2.0,-34.05432487269449,-32.325669920264204,0.2625,40.0,1.0
20262005,1,inflight_sco_ucb,4.0,-41.6490761544961,-39.54901625796602,0.12604166666666666,42.4,1.0
20262005,3,sco_reset_ucb,nan,10.07474498449934,8.564337454997927,0.7484375,35.5,1.0
20262005,3,ps_forced_reset_ucb,nan,3.432652115278012,5.683424229158584,0.7401041666666667,37.8,1.0
20262005,3,inflight_sco_ucb,0.0,10.07474498449934,8.564337454997927,0.7484375,35.5,1.0
20262005,3,inflight_sco_ucb,0.25,-8.079577853845265,-8.766528630660453,0.7260416666666667,42.8,1.0
20262005,3,inflight_sco_ucb,0.5,-25.76392477583427,-26.996101269200818,0.6958333333333333,47.8,1.0
20262005,3,inflight_sco_ucb,1.0,-46.5087677628413,-44.76119965731429,0.6473958333333333,48.6,1.0
20262005,3,inflight_sco_ucb,2.0,-58.401670615481734,-56.361269121606384,0.5817708333333333,43.8,1.0
20262005,3,inflight_sco_ucb,4.0,-65.09234627811648,-62.94583707165633,0.5057291666666667,43.5,1.0
20262005,5,sco_reset_ucb,nan,8.9778441138599,10.479204552527577,0.8307291666666666,42.6,1.0
20262005,5,ps_forced_reset_ucb,nan,0.7235228705381958,1.5821584016282975,0.8203125,41.4,1.0
20262005,5,inflight_sco_ucb,0.0,8.9778441138599,10.479204552527577,0.8307291666666666,42.6,1.0
20262005,5,inflight_sco_ucb,0.25,-24.946945496514445,-23.210092000776932,0.8052083333333333,46.1,1.0
20262005,5,inflight_sco_ucb,0.5,-42.836002566337754,-41.32069408129261,0.7802083333333333,53.2,1.0
20262005,5,inflight_sco_ucb,1.0,-59.81304034523117,-57.80844408789069,0.7447916666666666,50.9,1.0
20262005,5,inflight_sco_ucb,2.0,-69.81517311143547,-67.04820726149242,0.7052083333333333,50.7,1.0
20262005,5,inflight_sco_ucb,4.0,-72.9152280559029,-70.00948774044349,0.6765625,46.8,1.0
