seed,family,success_probability,delay_slots,capacity,capacity_ratio,method,frozen_inflight_beta,post_cost,total_cost,reference_post_cost,reference_total_cost,post_ratio_to_reference,total_ratio_to_reference,delivery_rate,redundant_attempt_rate,max_inflight_count,detected_fraction,calendar_delay,observation_delay
20261000,delay,0.9,0,4,0.2,true,16.0,114.25652707249711,117.01496376951559,114.25652707249711,117.01496376951559,1.0,1.0,0.9003125,0.0,1,nan,nan,nan
20261000,delay,0.9,0,4,0.2,sco_reset_ucb,16.0,118.86754893583344,123.59868916173374,114.25652707249711,117.01496376951559,1.0403567479380025,1.0562639612929003,0.90015625,0.0,1,0.96875,39.064516129032256,7.258064516129032
20261000,delay,0.9,0,4,0.2,ps_forced_reset_ucb,16.0,120.45420383826455,125.79254111415787,114.25652707249711,117.01496376951559,1.0542435248520634,1.075012434836381,0.90046875,0.0,1,1.0,39.0625,7.375
20261000,delay,0.9,0,4,0.2,inflight_sco_ucb,16.0,118.86754893583344,123.59868916173374,114.25652707249711,117.01496376951559,1.0403567479380025,1.0562639612929003,0.90015625,0.0,1,0.96875,39.064516129032256,7.258064516129032
20261000,delay,0.9,1,4,0.2,true,16.0,477.53179289518727,476.6785789534009,477.53179289518727,476.6785789534009,1.0,1.0,0.89890625,0.521796875,2,nan,nan,nan
20261000,delay,0.9,1,4,0.2,sco_reset_ucb,16.0,501.2894535110983,513.7277426529799,477.53179289518727,476.6785789534009,1.0497509505532034,1.0777235758756445,0.899609375,0.52265625,2,1.0,41.5,7.40625
20261000,delay,0.9,1,4,0.2,ps_forced_reset_ucb,16.0,496.4198714888378,507.9059544094236,477.53179289518727,476.6785789534009,1.0395535519826558,1.0655103393246361,0.899375,0.51140625,2,1.0,39.65625,7.15625
20261000,delay,0.9,1,4,0.2,inflight_sco_ucb,16.0,210.86317559038304,220.5514814703925,477.53179289518727,476.6785789534009,0.4415688729580882,0.46268385282728036,0.899453125,0.00421875,2,0.96875,40.70967741935484,7.451612903225806
20261000,delay,0.9,3,4,0.2,true,16.0,2541.937809002312,2496.53443355544,2541.937809002312,2496.53443355544,1.0,1.0,0.89703125,0.751640625,4,nan,nan,nan
20261000,delay,0.9,3,4,0.2,sco_reset_ucb,16.0,2710.2347749952983,2765.4898009227163,2541.937809002312,2496.53443355544,1.0662081367203242,1.1077314871977324,0.896875,0.7534375,4,1.0,42.84375,7.46875
20261000,delay,0.9,3,4,0.2,ps_forced_reset_ucb,16.0,2529.45066821423,2610.9656999890267,2541.937809002312,2496.53443355544,0.9950875506301301,1.0458360457182316,0.896640625,0.74171875,4,1.0,43.75,7.375
20261000,delay,0.9,3,4,0.2,inflight_sco_ucb,16.0,571.6680015566901,599.1001729037018,2541.937809002312,2496.53443355544,0.22489456647291647,0.23997272573184308,0.896953125,0.1146875,4,0.96875,42.41935483870968,7.32258064516129
20261000,delay,0.9,5,4,0.2,true,16.0,7443.318723497658,7288.552344549542,7443.318723497658,7288.552344549542,1.0,1.0,0.894765625,0.8321875,6,nan,nan,nan
20261000,delay,0.9,5,4,0.2,sco_reset_ucb,16.0,7945.737174515298,7948.333986863059,7443.318723497658,7288.552344549542,1.0674992526427178,1.090523002528329,0.894609375,0.8325,6,1.0,47.5,7.375
20261000,delay,0.9,5,4,0.2,ps_forced_reset_ucb,16.0,7308.0036703225305,7429.541599969282,7443.318723497658,7288.552344549542,0.9818206020457039,1.0193439312437913,0.894296875,0.822578125,6,1.0,47.625,7.4375
20261000,delay,0.9,5,4,0.2,inflight_sco_ucb,16.0,1261.9575209591048,1323.5908601650772,7443.318723497658,7288.552344549542,0.1695423194730675,0.18159859428805128,0.8946875,0.43515625,6,0.96875,44.45161290322581,7.32258064516129
20261000,capacity,0.9,1,2,0.1,true,16.0,2734.812644380039,2660.1945405479246,2734.812644380039,2660.1945405479246,1.0,1.0,0.8984375,0.5175,2,nan,nan,nan
20261000,capacity,0.9,1,2,0.1,sco_reset_ucb,16.0,2925.7798466474214,2929.8965366357143,2734.812644380039,2660.1945405479246,1.0698282577637686,1.1013843130556304,0.9,0.516875,2,0.90625,78.24137931034483,7.517241379310345
20261000,capacity,0.9,1,2,0.1,ps_forced_reset_ucb,16.0,2814.083934837504,2873.8734776130577,2734.812644380039,2660.1945405479246,1.028986004076135,1.0803245528881964,0.9009375,0.50265625,2,0.90625,72.75862068965517,7.275862068965517
20261000,capacity,0.9,1,2,0.1,inflight_sco_ucb,16.0,771.4613275132835,799.106793562865,2734.812644380039,2660.1945405479246,0.28208927916821447,0.3003941183182309,0.900625,0.0,1,0.9375,79.4,7.566666666666666
20261000,capacity,0.9,1,4,0.2,true,16.0,477.53179289518727,476.6785789534009,477.53179289518727,476.6785789534009,1.0,1.0,0.89890625,0.521796875,2,nan,nan,nan
20261000,capacity,0.9,1,4,0.2,sco_reset_ucb,16.0,501.2894535110983,513.7277426529799,477.53179289518727,476.6785789534009,1.0497509505532034,1.0777235758756445,0.899609375,0.52265625,2,1.0,41.5,7.40625
20261000,capacity,0.9,1,4,0.2,ps_forced_reset_ucb,16.0,496.4198714888378,507.9059544094236,477.53179289518727,476.6785789534009,1.0395535519826558,1.0655103393246361,0.899375,0.51140625,2,1.0,39.65625,7.15625
20261000,capacity,0.9,1,4,0.2,inflight_sco_ucb,16.0,210.86317559038304,220.5514814703925,477.53179289518727,476.6785789534009,0.4415688729580882,0.46268385282728036,0.899453125,0.00421875,2,0.96875,40.70967741935484,7.451612903225806
20261000,capacity,0.9,1,8,0.4,true,16.0,115.24908144169889,119.79682789815035,115.24908144169889,119.79682789815035,1.0,1.0,0.9002734375,0.5433984375,2,nan,nan,nan
20261000,capacity,0.9,1,8,0.4,sco_reset_ucb,16.0,117.97428654999507,124.2691340129151,115.24908144169889,119.79682789815035,1.0236462197720402,1.037332425183804,0.8999609375,0.5323046875,2,1.0,20.59375,7.46875
20261000,capacity,0.9,1,8,0.4,ps_forced_reset_ucb,16.0,118.35749160799321,124.84530537111476,115.24908144169889,119.79682789815035,1.0269712359301255,1.0421419962576686,0.900078125,0.5287109375,2,1.0,20.78125,7.46875
20261000,capacity,0.9,1,8,0.4,inflight_sco_ucb,16.0,88.96110467679999,95.40480670579325,115.24908144169889,119.79682789815035,0.7719029389557677,0.796388421794483,0.9000390625,0.0578125,2,0.96875,19.870967741935484,7.193548387096774
20261001,delay,0.9,0,4,0.2,true,16.0,107.83292350633458,114.57203346767919,107.83292350633458,114.57203346767919,1.0,1.0,0.900859375,0.0,1,nan,nan,nan
20261001,delay,0.9,0,4,0.2,sco_reset_ucb,16.0,112.09679485464868,121.13560146803032,107.83292350633458,114.57203346767919,1.0395414610832063,1.0572876975444685,0.90109375,0.0,1,1.0,39.294117647058826,7.235294117647059
20261001,delay,0.9,0,4,0.2,ps_forced_reset_ucb,16.0,113.36131897888485,123.03600445648794,107.83292350633458,114.57203346767919,1.0512681590444453,1.0738746684739295,0.90109375,0.0,1,0.9705882352941176,40.27272727272727,7.393939393939394
20261001,delay,0.9,0,4,0.2,inflight_sco_ucb,16.0,112.09679485464868,121.13560146803032,107.83292350633458,114.57203346767919,1.0395414610832063,1.0572876975444685,0.90109375,0.0,1,1.0,39.294117647058826,7.235294117647059
20261001,delay,0.9,1,4,0.2,true,16.0,442.0282444152113,463.70324131657856,442.0282444152113,463.70324131657856,1.0,1.0,0.899921875,0.5203125,2,nan,nan,nan
20261001,delay,0.9,1,4,0.2,sco_reset_ucb,16.0,465.5482711391565,499.48839668946414,442.0282444152113,463.70324131657856,1.0532093299944247,1.0771725366233842,0.900234375,0.52125,2,0.9411764705882353,41.65625,7.40625
20261001,delay,0.9,1,4,0.2,ps_forced_reset_ucb,16.0,459.15001902791164,494.33442719711314,442.0282444152113,463.70324131657856,1.0387345714420395,1.0660577351013645,0.90015625,0.51109375,2,0.9411764705882353,40.96875,7.25
20261001,delay,0.9,1,4,0.2,inflight_sco_ucb,16.0,196.10234383349328,213.22842065689093,442.0282444152113,463.70324131657856,0.4436421118133077,0.45983810691397786,0.900078125,0.0021875,2,0.9705882352941176,41.27272727272727,7.484848484848484
20261001,delay,0.9,3,4,0.2,true,16.0,2383.24839709024,2434.220967010439,2383.24839709024,2434.220967010439,1.0,1.0,0.8978125,0.75171875,4,nan,nan,nan
20261001,delay,0.9,3,4,0.2,sco_reset_ucb,16.0,2552.6744222444436,2688.9208672505633,2383.24839709024,2434.220967010439,1.071090376211334,1.1046330237443198,0.897421875,0.752578125,4,0.9705882352941176,39.75757575757576,7.515151515151516
20261001,delay,0.9,3,4,0.2,ps_forced_reset_ucb,16.0,2419.1902496900248,2567.042089461034,2383.24839709024,2434.220967010439,1.0150810350459762,1.0545641189730273,0.897578125,0.7428125,4,0.9705882352941176,40.21212121212121,7.363636363636363
20261001,delay,0.9,3,4,0.2,inflight_sco_ucb,16.0,530.6991756540027,577.614437965243,2383.24839709024,2434.220967010439,0.22267891853066804,0.23728923782734224,0.897421875,0.1153125,4,1.0,42.85294117647059,7.235294117647059
20261001,delay,0.9,5,4,0.2,true,16.0,6941.125015552766,7072.216912342097,6941.125015552766,7072.216912342097,1.0,1.0,0.895703125,0.83203125,6,nan,nan,nan
20261001,delay,0.9,5,4,0.2,sco_reset_ucb,16.0,7498.404534708109,7796.076584510395,6941.125015552766,7072.216912342097,1.080286627586546,1.1023525835166414,0.894765625,0.832421875,6,0.9411764705882353,49.71875,7.5
20261001,delay,0.9,5,4,0.2,ps_forced_reset_ucb,16.0,6869.361273319673,7198.07201035862,6941.125015552766,7072.216912342097,0.9896610791374174,1.0177957067177743,0.89578125,0.82265625,6,1.0,44.11764705882353,7.352941176470588
20261001,delay,0.9,5,4,0.2,inflight_sco_ucb,16.0,1163.0333257346879,1257.39001054194,6941.125015552766,7072.216912342097,0.16755689072430113,0.17779290795614636,0.894921875,0.425703125,6,1.0,46.588235294117645,7.4411764705882355
20261001,capacity,0.9,1,2,0.1,true,16.0,2587.772340225197,2606.290481327068,2587.772340225197,2606.290481327068,1.0,1.0,0.895,0.51671875,2,nan,nan,nan
20261001,capacity,0.9,1,2,0.1,sco_reset_ucb,16.0,2795.354034902142,2900.5871922280016,2587.772340225197,2606.290481327068,1.080216366583036,1.1129178474193269,0.894375,0.51765625,2,0.9705882352941176,76.0,7.303030303030303
20261001,capacity,0.9,1,2,0.1,ps_forced_reset_ucb,16.0,2718.8598149830987,2823.659204616766,2587.772340225197,2606.290481327068,1.0506564942828371,1.0834015720224013,0.89484375,0.50578125,2,0.9705882352941176,78.87878787878788,7.454545454545454
20261001,capacity,0.9,1,2,0.1,inflight_sco_ucb,16.0,760.3063606527426,794.3390750094353,2587.772340225197,2606.290481327068,0.2938072831347205,0.3047776449710911,0.89515625,0.0,1,0.9705882352941176,79.81818181818181,7.575757575757576
20261001,capacity,0.9,1,4,0.2,true,16.0,442.0282444152113,463.70324131657856,442.0282444152113,463.70324131657856,1.0,1.0,0.899921875,0.5203125,2,nan,nan,nan
20261001,capacity,0.9,1,4,0.2,sco_reset_ucb,16.0,465.5482711391565,499.48839668946414,442.0282444152113,463.70324131657856,1.0532093299944247,1.0771725366233842,0.900234375,0.52125,2,0.9411764705882353,41.65625,7.40625
20261001,capacity,0.9,1,4,0.2,ps_forced_reset_ucb,16.0,459.15001902791164,494.33442719711314,442.0282444152113,463.70324131657856,1.0387345714420395,1.0660577351013645,0.90015625,0.51109375,2,0.9411764705882353,40.96875,7.25
20261001,capacity,0.9,1,4,0.2,inflight_sco_ucb,16.0,196.10234383349328,213.22842065689093,442.0282444152113,463.70324131657856,0.4436421118133077,0.45983810691397786,0.900078125,0.0021875,2,0.9705882352941176,41.27272727272727,7.484848484848484
20261001,capacity,0.9,1,8,0.4,true,16.0,111.02146905176912,117.68544787082823,111.02146905176912,117.68544787082823,1.0,1.0,0.902734375,0.5498828125,2,nan,nan,nan
20261001,capacity,0.9,1,8,0.4,sco_reset_ucb,16.0,113.38634535199071,121.64703902584723,111.02146905176912,117.68544787082823,1.021301071949596,1.0336625404983568,0.902421875,0.5359765625,2,1.0,21.529411764705884,7.5588235294117645
20261001,capacity,0.9,1,8,0.4,ps_forced_reset_ucb,16.0,113.60550905081567,122.09618207826239,111.02146905176912,117.68544787082823,1.0232751378730327,1.0374790111031857,0.90203125,0.5324609375,2,0.9705882352941176,21.333333333333332,7.303030303030303
20261001,capacity,0.9,1,8,0.4,inflight_sco_ucb,16.0,85.75992813464757,92.71385315571317,111.02146905176912,117.68544787082823,0.7724625594231496,0.7878106837599502,0.9023828125,0.0588671875,2,1.0,21.88235294117647,7.4411764705882355
20261002,delay,0.9,0,4,0.2,true,16.0,107.12341968449405,121.03018948940277,107.12341968449405,121.03018948940277,1.0,1.0,0.9053125,0.0,1,nan,nan,nan
20261002,delay,0.9,0,4,0.2,sco_reset_ucb,16.0,111.40813671455558,126.42034837247584,107.12341968449405,121.03018948940277,1.0399979485595319,1.044535655986435,0.90625,0.0,1,0.9393939393939394,40.064516129032256,7.483870967741935
20261002,delay,0.9,0,4,0.2,ps_forced_reset_ucb,16.0,114.47283147495375,129.20566436459708,107.12341968449405,121.03018948940277,1.0686069564629808,1.0675490545762563,0.90609375,0.0,1,0.8787878787878788,39.03448275862069,7.310344827586207
20261002,delay,0.9,0,4,0.2,inflight_sco_ucb,16.0,111.40813671455558,126.42034837247584,107.12341968449405,121.03018948940277,1.0399979485595319,1.044535655986435,0.90625,0.0,1,0.9393939393939394,40.064516129032256,7.483870967741935
20261002,delay,0.9,1,4,0.2,true,16.0,442.30075490836214,494.927965424583,442.30075490836214,494.927965424583,1.0,1.0,0.9053125,0.518671875,2,nan,nan,nan
20261002,delay,0.9,1,4,0.2,sco_reset_ucb,16.0,471.10913376065196,528.0157520456096,442.30075490836214,494.927965424583,1.0651330085526498,1.0668537422261877,0.905625,0.51984375,2,0.8787878787878788,39.93103448275862,7.310344827586207
20261002,delay,0.9,1,4,0.2,ps_forced_reset_ucb,16.0,467.3603300410489,523.1376965068002,442.30075490836214,494.927965424583,1.0566573193796125,1.0569976502702105,0.9053125,0.509375,2,0.8787878787878788,40.827586206896555,7.413793103448276
20261002,delay,0.9,1,4,0.2,inflight_sco_ucb,16.0,195.8030377270854,223.60673915534622,442.30075490836214,494.927965424583,0.44269207220243784,0.4517965335895317,0.90515625,0.003046875,2,0.9090909090909091,40.13333333333333,7.333333333333333
20261002,delay,0.9,3,4,0.2,true,16.0,2386.397354104024,2637.358758604517,2386.397354104024,2637.358758604517,1.0,1.0,0.902421875,0.75140625,4,nan,nan,nan
20261002,delay,0.9,3,4,0.2,sco_reset_ucb,16.0,2566.073477729449,2853.0030523408013,2386.397354104024,2637.358758604517,1.0752917879817565,1.0817652482934808,0.903125,0.752109375,4,0.9090909090909091,40.8,7.466666666666667
20261002,delay,0.9,3,4,0.2,ps_forced_reset_ucb,16.0,2436.6058786371436,2718.903778777251,2386.397354104024,2637.358758604517,1.0210394653877624,1.0309191989548974,0.9025,0.741640625,4,0.9090909090909091,41.1,7.233333333333333
20261002,delay,0.9,3,4,0.2,inflight_sco_ucb,16.0,518.817777127442,603.1419835636195,2386.397354104024,2637.358758604517,0.217406282417805,0.22869167177041735,0.90296875,0.115,4,0.8787878787878788,41.793103448275865,7.379310344827586
20261002,delay,0.9,5,4,0.2,true,16.0,7025.321690517536,7621.70102244629,7025.321690517536,7621.70102244629,1.0,1.0,0.901015625,0.831875,6,nan,nan,nan
20261002,delay,0.9,5,4,0.2,sco_reset_ucb,16.0,7590.383161358768,8272.420880845297,7025.321690517536,7621.70102244629,1.0804321133940282,1.085377248003117,0.90015625,0.831953125,6,0.9090909090909091,46.56666666666667,7.2
20261002,delay,0.9,5,4,0.2,ps_forced_reset_ucb,16.0,7184.4706959695495,7815.145788443877,7025.321690517536,7621.70102244629,1.0226536253374454,1.0253807864449003,0.900234375,0.823125,6,0.8787878787878788,47.206896551724135,7.344827586206897
20261002,delay,0.9,5,4,0.2,inflight_sco_ucb,16.0,1134.3768839359293,1321.6443413456507,7025.321690517536,7621.70102244629,0.16146974244141166,0.1734054297660512,0.90015625,0.4396875,6,0.8787878787878788,42.96551724137931,7.206896551724138
20261002,capacity,0.9,1,2,0.1,true,16.0,2506.5843113103747,2783.2061663297563,2506.5843113103747,2783.2061663297563,1.0,1.0,0.9034375,0.5134375,2,nan,nan,nan
20261002,capacity,0.9,1,2,0.1,sco_reset_ucb,16.0,2763.139685510454,3060.992296237028,2506.5843113103747,2783.2061663297563,1.1023525811768762,1.099807960067001,0.90328125,0.5165625,2,0.8787878787878788,75.0,7.517241379310345
20261002,capacity,0.9,1,2,0.1,ps_forced_reset_ucb,16.0,2687.180983104565,2965.050394253179,2506.5843113103747,2783.2061663297563,1.0720489117319094,1.0653362406721105,0.90375,0.50296875,2,0.9090909090909091,74.56666666666666,7.333333333333333
20261002,capacity,0.9,1,2,0.1,inflight_sco_ucb,16.0,736.3783422188598,826.4831535955028,2506.5843113103747,2783.2061663297563,0.2937776075977676,0.2969536226219975,0.90328125,0.0,1,0.8787878787878788,75.82758620689656,7.344827586206897
20261002,capacity,0.9,1,4,0.2,true,16.0,442.30075490836214,494.927965424583,442.30075490836214,494.927965424583,1.0,1.0,0.9053125,0.518671875,2,nan,nan,nan
20261002,capacity,0.9,1,4,0.2,sco_reset_ucb,16.0,471.10913376065196,528.0157520456096,442.30075490836214,494.927965424583,1.0651330085526498,1.0668537422261877,0.905625,0.51984375,2,0.8787878787878788,39.93103448275862,7.310344827586207
20261002,capacity,0.9,1,4,0.2,ps_forced_reset_ucb,16.0,467.3603300410489,523.1376965068002,442.30075490836214,494.927965424583,1.0566573193796125,1.0569976502702105,0.9053125,0.509375,2,0.8787878787878788,40.827586206896555,7.413793103448276
20261002,capacity,0.9,1,4,0.2,inflight_sco_ucb,16.0,195.8030377270854,223.60673915534622,442.30075490836214,494.927965424583,0.44269207220243784,0.4517965335895317,0.90515625,0.003046875,2,0.9090909090909091,40.13333333333333,7.333333333333333
20261002,capacity,0.9,1,8,0.4,true,16.0,111.38270988624853,125.69231192918002,111.38270988624853,125.69231192918002,1.0,1.0,0.9001953125,0.5508203125,2,nan,nan,nan
20261002,capacity,0.9,1,8,0.4,sco_reset_ucb,16.0,114.05659209615393,128.74537184304134,111.38270988624853,125.69231192918002,1.0240062592536683,1.0242899495363051,0.9006640625,0.5367578125,2,0.9393939393939394,20.06451612903226,7.193548387096774
20261002,capacity,0.9,1,8,0.4,ps_forced_reset_ucb,16.0,113.80179033673397,129.1748565246998,111.38270988624853,125.69231192918002,1.0217186352617562,1.027706902212778,0.90078125,0.5336328125,2,0.9393939393939394,20.258064516129032,7.32258064516129
20261002,capacity,0.9,1,8,0.4,inflight_sco_ucb,16.0,85.90313881968015,98.07743444704026,111.38270988624853,125.69231192918002,0.7712430314131357,0.7802977997755418,0.90046875,0.058125,2,0.9696969696969697,21.0625,7.46875
20261003,delay,0.9,0,4,0.2,true,16.0,91.89405477859046,105.64504774794526,91.89405477859046,105.64504774794526,1.0,1.0,0.901953125,0.0,1,nan,nan,nan
20261003,delay,0.9,0,4,0.2,sco_reset_ucb,16.0,97.13875154779775,110.95740684908945,91.89405477859046,105.64504774794526,1.0570732979608297,1.0502849798867882,0.901015625,0.0,1,0.975609756097561,39.975,7.4
20261003,delay,0.9,0,4,0.2,ps_forced_reset_ucb,16.0,98.15317143184281,112.54781498633321,91.89405477859046,105.64504774794526,1.068112313340978,1.0653392410296127,0.90125,0.0,1,0.975609756097561,39.575,7.425
20261003,delay,0.9,0,4,0.2,inflight_sco_ucb,16.0,97.13875154779775,110.95740684908945,91.89405477859046,105.64504774794526,1.0570732979608297,1.0502849798867882,0.901015625,0.0,1,0.975609756097561,39.975,7.4
20261003,delay,0.9,1,4,0.2,true,16.0,378.9473883434504,427.05411532292834,378.9473883434504,427.05411532292834,1.0,1.0,0.90078125,0.5203125,2,nan,nan,nan
20261003,delay,0.9,1,4,0.2,sco_reset_ucb,16.0,409.18044346632996,459.58624776731426,378.9473883434504,427.05411532292834,1.079781669046571,1.0761780094772904,0.89984375,0.521875,2,0.9512195121951219,39.35897435897436,7.256410256410256
20261003,delay,0.9,1,4,0.2,ps_forced_reset_ucb,16.0,406.9003269210029,453.7618387396509,378.9473883434504,427.05411532292834,1.073764695146066,1.06253943577274,0.899765625,0.511484375,2,0.926829268292683,39.81578947368421,7.342105263157895
20261003,delay,0.9,1,4,0.2,inflight_sco_ucb,16.0,170.2864881662632,196.80594424370105,378.9473883434504,427.05411532292834,0.44936709792528745,0.460845446003678,0.9,0.001796875,2,0.9512195121951219,41.205128205128204,7.358974358974359
20261003,delay,0.9,3,4,0.2,true,16.0,2021.6965836853553,2240.458483350078,2021.6965836853553,2240.458483350078,1.0,1.0,0.8990625,0.750234375,4,nan,nan,nan
20261003,delay,0.9,3,4,0.2,sco_reset_ucb,16.0,2203.6396054351194,2443.867790738441,2021.6965836853553,2240.458483350078,1.0899952165018252,1.0907891437846293,0.897265625,0.752890625,4,1.0,40.609756097560975,7.2439024390243905
20261003,delay,0.9,3,4,0.2,ps_forced_reset_ucb,16.0,2075.121223165449,2310.2723348729724,2021.6965836853553,2240.458483350078,1.0264256466134527,1.0311605200639578,0.8975,0.741484375,4,0.975609756097561,41.3,7.3
20261003,delay,0.9,3,4,0.2,inflight_sco_ucb,16.0,459.70031708085395,535.5128602876716,2021.6965836853553,2240.458483350078,0.2273834366593553,0.23901931870968582,0.89734375,0.1203125,4,0.926829268292683,43.5,7.2368421052631575
20261003,delay,0.9,5,4,0.2,true,16.0,5906.555863905288,6479.655812769341,5906.555863905288,6479.655812769341,1.0,1.0,0.896875,0.831484375,6,nan,nan,nan
20261003,delay,0.9,5,4,0.2,sco_reset_ucb,16.0,6550.996181905283,7112.657868203414,5906.555863905288,6479.655812769341,1.1091059380201824,1.097690691253481,0.895,0.8325,6,0.975609756097561,46.7,7.35
20261003,delay,0.9,5,4,0.2,ps_forced_reset_ucb,16.0,5971.825546112378,6528.8009816570475,5906.555863905288,6479.655812769341,1.011050379224541,1.0075845338560818,0.894921875,0.821171875,6,0.9512195121951219,45.17948717948718,7.153846153846154
20261003,delay,0.9,5,4,0.2,inflight_sco_ucb,16.0,1016.2665602530057,1181.4117456951244,5906.555863905288,6479.655812769341,0.17205738566926412,0.18232631174127145,0.895234375,0.444375,6,0.9512195121951219,46.53846153846154,7.512820512820513
20261003,capacity,0.9,1,2,0.1,true,16.0,2195.0323097386163,2390.55861632224,2195.0323097386163,2390.55861632224,1.0,1.0,0.89671875,0.51515625,2,nan,nan,nan
20261003,capacity,0.9,1,2,0.1,sco_reset_ucb,16.0,2438.602828900459,2599.166728758985,2195.0323097386163,2390.55861632224,1.1109644345922394,1.0872633329349934,0.89640625,0.51515625,2,0.9512195121951219,74.92307692307692,7.230769230769231
20261003,capacity,0.9,1,2,0.1,ps_forced_reset_ucb,16.0,2407.3940663878484,2561.9598025165938,2195.0323097386163,2390.55861632224,1.0967465288356144,1.0716992191800117,0.89671875,0.50203125,2,0.975609756097561,79.45,7.4
20261003,capacity,0.9,1,2,0.1,inflight_sco_ucb,16.0,664.600359095669,726.0442924714921,2195.0323097386163,2390.55861632224,0.3027747501242063,0.3037132356906924,0.8965625,0.0,1,0.9512195121951219,80.46153846153847,7.384615384615385
20261003,capacity,0.9,1,4,0.2,true,16.0,378.9473883434504,427.05411532292834,378.9473883434504,427.05411532292834,1.0,1.0,0.90078125,0.5203125,2,nan,nan,nan
20261003,capacity,0.9,1,4,0.2,sco_reset_ucb,16.0,409.18044346632996,459.58624776731426,378.9473883434504,427.05411532292834,1.079781669046571,1.0761780094772904,0.89984375,0.521875,2,0.9512195121951219,39.35897435897436,7.256410256410256
20261003,capacity,0.9,1,4,0.2,ps_forced_reset_ucb,16.0,406.9003269210029,453.7618387396509,378.9473883434504,427.05411532292834,1.073764695146066,1.06253943577274,0.899765625,0.511484375,2,0.926829268292683,39.81578947368421,7.342105263157895
20261003,capacity,0.9,1,4,0.2,inflight_sco_ucb,16.0,170.2864881662632,196.80594424370105,378.9473883434504,427.05411532292834,0.44936709792528745,0.460845446003678,0.9,0.001796875,2,0.9512195121951219,41.205128205128204,7.358974358974359
20261003,capacity,0.9,1,8,0.4,true,16.0,94.94035698269042,108.91909706868968,94.94035698269042,108.91909706868968,1.0,1.0,0.899921875,0.5508984375,2,nan,nan,nan
20261003,capacity,0.9,1,8,0.4,sco_reset_ucb,16.0,97.91925832887905,112.3414239185945,94.94035698269042,108.91909706868968,1.0313765551432648,1.0314208154677094,0.8995703125,0.5362890625,2,0.9024390243902439,20.89189189189189,7.45945945945946
20261003,capacity,0.9,1,8,0.4,ps_forced_reset_ucb,16.0,98.0228168965537,112.81477159858845,94.94035698269042,108.91909706868968,1.0324673301410199,1.0357666803594778,0.8995703125,0.531171875,2,0.9512195121951219,20.46153846153846,7.17948717948718
20261003,capacity,0.9,1,8,0.4,inflight_sco_ucb,16.0,73.5715463648801,86.10562201237836,94.94035698269042,108.91909706868968,0.7749238438011531,0.7905466013740086,0.898984375,0.0620703125,2,1.0,22.21951219512195,7.512195121951219
20261004,delay,0.9,0,4,0.2,true,16.0,127.06280454497018,128.08905621698287,127.06280454497018,128.08905621698287,1.0,1.0,0.898203125,0.0,1,nan,nan,nan
20261004,delay,0.9,0,4,0.2,sco_reset_ucb,16.0,132.64033380518336,136.3032326804112,127.06280454497018,128.08905621698287,1.0438958456818823,1.0641286360133182,0.898515625,0.0,1,0.9722222222222222,44.885714285714286,7.542857142857143
20261004,delay,0.9,0,4,0.2,ps_forced_reset_ucb,16.0,135.30844815049844,139.01457824152013,127.06280454497018,128.08905621698287,1.0648942358470448,1.08529629577432,0.898046875,0.0,1,0.9722222222222222,43.68571428571428,7.4
20261004,delay,0.9,0,4,0.2,inflight_sco_ucb,16.0,132.64033380518336,136.3032326804112,127.06280454497018,128.08905621698287,1.0438958456818823,1.0641286360133182,0.898515625,0.0,1,0.9722222222222222,44.885714285714286,7.542857142857143
20261004,delay,0.9,1,4,0.2,true,16.0,527.628677079648,521.7561712116171,527.628677079648,521.7561712116171,1.0,1.0,0.896953125,0.52,2,nan,nan,nan
20261004,delay,0.9,1,4,0.2,sco_reset_ucb,16.0,566.231380000136,573.546883214099,527.628677079648,521.7561712116171,1.073162632353777,1.0992622892839274,0.8965625,0.523203125,2,0.9722222222222222,44.34285714285714,7.457142857142857
20261004,delay,0.9,1,4,0.2,ps_forced_reset_ucb,16.0,556.2831242885668,567.9081785965874,527.628677079648,521.7561712116171,1.0543079791786854,1.0884551250784376,0.8965625,0.511640625,2,0.9722222222222222,42.65714285714286,7.2
20261004,delay,0.9,1,4,0.2,inflight_sco_ucb,16.0,238.18518987240606,246.7173684972629,527.628677079648,521.7561712116171,0.4514257852524776,0.47285951199070286,0.8975,0.003046875,2,0.9722222222222222,44.114285714285714,7.314285714285714
20261004,delay,0.9,3,4,0.2,true,16.0,2815.3547253343036,2755.0271268206297,2815.3547253343036,2755.0271268206297,1.0,1.0,0.894375,0.751328125,4,nan,nan,nan
20261004,delay,0.9,3,4,0.2,sco_reset_ucb,16.0,3060.973233712387,3079.1820429590834,2815.3547253343036,2755.0271268206297,1.087242472917482,1.1176594280988212,0.8946875,0.7521875,4,0.9722222222222222,43.82857142857143,7.114285714285714
20261004,delay,0.9,3,4,0.2,ps_forced_reset_ucb,16.0,2940.851360043281,2945.286921954432,2815.3547253343036,2755.0271268206297,1.0445757806572937,1.0690591367618825,0.8946875,0.742890625,4,0.9722222222222222,45.8,7.285714285714286
20261004,delay,0.9,3,4,0.2,inflight_sco_ucb,16.0,655.525495712043,683.5390965829171,2815.3547253343036,2755.0271268206297,0.2328393966888858,0.2481061220517775,0.89515625,0.11703125,4,0.9722222222222222,47.77142857142857,7.314285714285714
20261004,delay,0.9,5,4,0.2,true,16.0,8208.901526496913,7893.632094663962,8208.901526496913,7893.632094663962,1.0,1.0,0.891484375,0.830546875,6,nan,nan,nan
20261004,delay,0.9,5,4,0.2,sco_reset_ucb,16.0,9075.915446566298,9054.883873597411,8208.901526496913,7893.632094663962,1.105618750239702,1.1471124781351854,0.8928125,0.83265625,6,0.9722222222222222,50.97142857142857,7.057142857142857
20261004,delay,0.9,5,4,0.2,ps_forced_reset_ucb,16.0,8177.336036284485,8221.525226730855,8208.901526496913,7893.632094663962,0.9961547242209521,1.0415389428003043,0.892109375,0.82234375,6,0.9444444444444444,50.3235294117647,7.382352941176471
20261004,delay,0.9,5,4,0.2,inflight_sco_ucb,16.0,1434.2064074858804,1512.7819558259869,8208.901526496913,7893.632094663962,0.17471355976880834,0.1916458656400539,0.89265625,0.4475,6,0.9722222222222222,50.4,7.257142857142857
20261004,capacity,0.9,1,2,0.1,true,16.0,2966.366478742018,2899.529393572573,2966.366478742018,2899.529393572573,1.0,1.0,0.89796875,0.514375,2,nan,nan,nan
20261004,capacity,0.9,1,2,0.1,sco_reset_ucb,16.0,3308.891954192821,3280.1078511379746,2966.366478742018,2899.529393572573,1.115469709459521,1.1312552507344933,0.89671875,0.51609375,2,0.9166666666666666,86.48484848484848,7.242424242424242
20261004,capacity,0.9,1,2,0.1,ps_forced_reset_ucb,16.0,3199.276792176532,3208.3875765993084,2966.366478742018,2899.529393572573,1.0785170393151446,1.1065201076117337,0.898125,0.50359375,2,0.9722222222222222,84.8,7.371428571428571
20261004,capacity,0.9,1,2,0.1,inflight_sco_ucb,16.0,899.2759398478615,905.6369427528253,2966.366478742018,2899.529393572573,0.30315739686662996,0.31233928676852296,0.89765625,0.0,1,0.9166666666666666,84.03030303030303,7.181818181818182
20261004,capacity,0.9,1,4,0.2,true,16.0,527.628677079648,521.7561712116171,527.628677079648,521.7561712116171,1.0,1.0,0.896953125,0.52,2,nan,nan,nan
20261004,capacity,0.9,1,4,0.2,sco_reset_ucb,16.0,566.231380000136,573.546883214099,527.628677079648,521.7561712116171,1.073162632353777,1.0992622892839274,0.8965625,0.523203125,2,0.9722222222222222,44.34285714285714,7.457142857142857
20261004,capacity,0.9,1,4,0.2,ps_forced_reset_ucb,16.0,556.2831242885668,567.9081785965874,527.628677079648,521.7561712116171,1.0543079791786854,1.0884551250784376,0.8965625,0.511640625,2,0.9722222222222222,42.65714285714286,7.2
20261004,capacity,0.9,1,4,0.2,inflight_sco_ucb,16.0,238.18518987240606,246.7173684972629,527.628677079648,521.7561712116171,0.4514257852524776,0.47285951199070286,0.8975,0.003046875,2,0.9722222222222222,44.114285714285714,7.314285714285714
20261004,capacity,0.9,1,8,0.4,true,16.0,128.32232775021765,132.2917130355191,128.32232775021765,132.2917130355191,1.0,1.0,0.8989453125,0.5525,2,nan,nan,nan
20261004,capacity,0.9,1,8,0.4,sco_reset_ucb,16.0,131.43722135990208,137.3296778475562,128.32232775021765,132.2917130355191,1.024273979940168,1.0380822403492838,0.8985546875,0.5296484375,2,0.9166666666666666,23.151515151515152,7.2727272727272725
20261004,capacity,0.9,1,8,0.4,ps_forced_reset_ucb,16.0,131.93950299453851,137.7725476996023,128.32232775021765,132.2917130355191,1.0281881984821986,1.041429916797673,0.898828125,0.5266796875,2,0.9444444444444444,23.764705882352942,7.382352941176471
20261004,capacity,0.9,1,8,0.4,inflight_sco_ucb,16.0,100.22719521897085,106.29138841381621,128.32232775021765,132.2917130355191,0.7810581133944623,0.8034621819832203,0.898828125,0.0580859375,2,0.9444444444444444,23.441176470588236,7.4411764705882355
20261005,delay,0.9,0,4,0.2,true,16.0,99.27480169343326,102.96325940812629,99.27480169343326,102.96325940812629,1.0,1.0,0.9053125,0.0,1,nan,nan,nan
20261005,delay,0.9,0,4,0.2,sco_reset_ucb,16.0,104.76023460658348,109.44558324065844,99.27480169343326,102.96325940812629,1.0552550377294088,1.0629576401310052,0.904296875,0.0,1,1.0,40.46875,7.375
20261005,delay,0.9,0,4,0.2,ps_forced_reset_ucb,16.0,106.45399256751939,111.46008801706748,99.27480169343326,102.96325940812629,1.0723163456549218,1.0825229179591276,0.904140625,0.0,1,1.0,40.625,7.5
20261005,delay,0.9,0,4,0.2,inflight_sco_ucb,16.0,104.76023460658348,109.44558324065844,99.27480169343326,102.96325940812629,1.0552550377294088,1.0629576401310052,0.904296875,0.0,1,1.0,40.46875,7.375
20261005,delay,0.9,1,4,0.2,true,16.0,408.8501725612687,419.2332280379384,408.8501725612687,419.2332280379384,1.0,1.0,0.904140625,0.520390625,2,nan,nan,nan
20261005,delay,0.9,1,4,0.2,sco_reset_ucb,16.0,434.791578157725,454.83338537949714,408.8501725612687,419.2332280379384,1.0634496628286705,1.0849173084589974,0.904140625,0.5215625,2,1.0,40.25,7.46875
20261005,delay,0.9,1,4,0.2,ps_forced_reset_ucb,16.0,431.3523972814061,449.14159440642976,408.8501725612687,419.2332280379384,1.055037826153211,1.0713406389767006,0.904453125,0.509921875,2,1.0,41.1875,7.5
20261005,delay,0.9,1,4,0.2,inflight_sco_ucb,16.0,182.1187963378986,192.1555233223417,408.8501725612687,419.2332280379384,0.44544140753812933,0.45834993619578424,0.9034375,0.00265625,2,1.0,41.0,7.375
20261005,delay,0.9,3,4,0.2,true,16.0,2181.1695688354143,2200.4743383138625,2181.1695688354143,2200.4743383138625,1.0,1.0,0.90171875,0.751484375,4,nan,nan,nan
20261005,delay,0.9,3,4,0.2,sco_reset_ucb,16.0,2367.165384068537,2438.0638600843267,2181.1695688354143,2200.4743383138625,1.085273432148804,1.1079719575155418,0.901640625,0.752578125,4,1.0,41.625,7.40625
20261005,delay,0.9,3,4,0.2,ps_forced_reset_ucb,16.0,2274.0803885652886,2339.389380183313,2181.1695688354143,2200.4743383138625,1.0425967889234222,1.0631295895847144,0.901953125,0.74234375,4,0.96875,41.87096774193548,7.354838709677419
20261005,delay,0.9,3,4,0.2,inflight_sco_ucb,16.0,480.8936043949341,513.9750647945347,2181.1695688354143,2200.4743383138625,0.22047511173177436,0.23357466880907762,0.900859375,0.106171875,4,1.0,43.0625,7.5
20261005,delay,0.9,5,4,0.2,true,16.0,6376.063594157666,6378.518942565252,6376.063594157666,6378.518942565252,1.0,1.0,0.899375,0.832265625,6,nan,nan,nan
20261005,delay,0.9,5,4,0.2,sco_reset_ucb,16.0,7031.401705346176,7105.556866148022,6376.063594157666,6378.518942565252,1.102780987283281,1.1139822473099652,0.89953125,0.832890625,6,0.96875,46.58064516129032,7.548387096774194
20261005,delay,0.9,5,4,0.2,ps_forced_reset_ucb,16.0,6340.756754273943,6548.9161129283175,6376.063594157666,6378.518942565252,0.9944625960261636,1.0267142218902836,0.90015625,0.822578125,6,1.0,48.125,7.59375
20261005,delay,0.9,5,4,0.2,inflight_sco_ucb,16.0,1060.4979086395285,1126.9269053023006,6376.063594157666,6378.518942565252,0.1663248637625343,0.17667532470305464,0.89984375,0.426875,6,1.0,47.1875,7.4375
20261005,capacity,0.9,1,2,0.1,true,16.0,2255.89115823242,2303.5832179675535,2255.89115823242,2303.5832179675535,1.0,1.0,0.90390625,0.51265625,2,nan,nan,nan
20261005,capacity,0.9,1,2,0.1,sco_reset_ucb,16.0,2511.6572338352626,2596.1993539928408,2255.89115823242,2303.5832179675535,1.1133769573365613,1.1270265097188292,0.9034375,0.516875,2,0.96875,78.25806451612904,7.387096774193548
20261005,capacity,0.9,1,2,0.1,ps_forced_reset_ucb,16.0,2459.895343671616,2541.4428013228876,2255.89115823242,2303.5832179675535,1.0904317500845393,1.1032563449412507,0.9028125,0.501875,2,1.0,83.21875,7.71875
20261005,capacity,0.9,1,2,0.1,inflight_sco_ucb,16.0,676.920328253012,704.7495048590274,2255.89115823242,2303.5832179675535,0.30006781390260245,0.3059362038072262,0.9028125,0.0,1,1.0,81.84375,7.46875
20261005,capacity,0.9,1,4,0.2,true,16.0,408.8501725612687,419.2332280379384,408.8501725612687,419.2332280379384,1.0,1.0,0.904140625,0.520390625,2,nan,nan,nan
20261005,capacity,0.9,1,4,0.2,sco_reset_ucb,16.0,434.791578157725,454.83338537949714,408.8501725612687,419.2332280379384,1.0634496628286705,1.0849173084589974,0.904140625,0.5215625,2,1.0,40.25,7.46875
20261005,capacity,0.9,1,4,0.2,ps_forced_reset_ucb,16.0,431.3523972814061,449.14159440642976,408.8501725612687,419.2332280379384,1.055037826153211,1.0713406389767006,0.904453125,0.509921875,2,1.0,41.1875,7.5
20261005,capacity,0.9,1,4,0.2,inflight_sco_ucb,16.0,182.1187963378986,192.1555233223417,408.8501725612687,419.2332280379384,0.44544140753812933,0.45834993619578424,0.9034375,0.00265625,2,1.0,41.0,7.375
20261005,capacity,0.9,1,8,0.4,true,16.0,101.27695836543967,106.33055617797353,101.27695836543967,106.33055617797353,1.0,1.0,0.9009375,0.5446875,2,nan,nan,nan
20261005,capacity,0.9,1,8,0.4,sco_reset_ucb,16.0,104.52108814959396,110.26768063857229,101.27695836543967,106.33055617797353,1.0320322592276956,1.0370272159021616,0.9008984375,0.53265625,2,1.0,22.15625,7.5625
20261005,capacity,0.9,1,8,0.4,ps_forced_reset_ucb,16.0,104.69743254689742,110.9583122255757,101.27695836543967,106.33055617797353,1.0337734686809568,1.0435223534414353,0.90125,0.5278515625,2,1.0,22.125,7.46875
20261005,capacity,0.9,1,8,0.4,inflight_sco_ucb,16.0,78.63188914310348,83.94856790641144,101.27695836543967,106.33055617797353,0.7764045288502294,0.7895055845085616,0.9008203125,0.0541015625,2,0.96875,21.806451612903224,7.354838709677419
20261006,delay,0.9,0,4,0.2,true,16.0,109.22912633223362,121.78879705469947,109.22912633223362,121.78879705469947,1.0,1.0,0.89703125,0.0,1,nan,nan,nan
20261006,delay,0.9,0,4,0.2,sco_reset_ucb,16.0,116.01279565857284,129.84771425611092,109.22912633223362,121.78879705469947,1.0621049490564072,1.066171252170197,0.896953125,0.0,1,0.9024390243902439,45.567567567567565,7.837837837837838
20261006,delay,0.9,0,4,0.2,ps_forced_reset_ucb,16.0,116.94250493235715,131.884468838974,109.22912633223362,121.78879705469947,1.0706165000044252,1.08289491339454,0.897578125,0.0,1,0.8780487804878049,42.583333333333336,7.416666666666667
20261006,delay,0.9,0,4,0.2,inflight_sco_ucb,16.0,116.01279565857284,129.84771425611092,109.22912633223362,121.78879705469947,1.0621049490564072,1.066171252170197,0.896953125,0.0,1,0.9024390243902439,45.567567567567565,7.837837837837838
20261006,delay,0.9,1,4,0.2,true,16.0,451.929653776349,495.666420677312,451.929653776349,495.666420677312,1.0,1.0,0.895234375,0.521875,2,nan,nan,nan
20261006,delay,0.9,1,4,0.2,sco_reset_ucb,16.0,486.70475042819606,538.9624044227329,451.929653776349,495.666420677312,1.0769480302105967,1.087349035438508,0.896171875,0.523125,2,0.9024390243902439,41.75675675675676,7.297297297297297
20261006,delay,0.9,1,4,0.2,ps_forced_reset_ucb,16.0,479.6313708909927,532.3264740050447,451.929653776349,495.666420677312,1.0612965245435138,1.0739611395858488,0.896015625,0.513359375,2,0.9024390243902439,41.189189189189186,7.243243243243243
20261006,delay,0.9,1,4,0.2,inflight_sco_ucb,16.0,202.51595328053367,229.6509397340829,451.929653776349,495.666420677312,0.44811388584108,0.46331752596892156,0.896328125,0.002734375,2,0.9512195121951219,43.30769230769231,7.333333333333333
20261006,delay,0.9,3,4,0.2,true,16.0,2426.8336050279463,2609.011336034773,2426.8336050279463,2609.011336034773,1.0,1.0,0.893046875,0.752265625,4,nan,nan,nan
20261006,delay,0.9,3,4,0.2,sco_reset_ucb,16.0,2644.223886974996,2877.46714415595,2426.8336050279463,2609.011336034773,1.0895777450487982,1.1028956081613586,0.89359375,0.7528125,4,0.9024390243902439,44.648648648648646,7.4324324324324325
20261006,delay,0.9,3,4,0.2,ps_forced_reset_ucb,16.0,2498.0413572537086,2745.2252430962476,2426.8336050279463,2609.011336034773,1.0293418354180661,1.0522090131154795,0.893671875,0.742265625,4,0.9512195121951219,44.333333333333336,7.487179487179487
20261006,delay,0.9,3,4,0.2,inflight_sco_ucb,16.0,545.4384857575938,625.8800476880712,2426.8336050279463,2609.011336034773,0.22475314526201837,0.23989165514293853,0.89390625,0.1075,4,0.9024390243902439,45.83783783783784,7.378378378378378
20261006,delay,0.9,5,4,0.2,true,16.0,7102.878209979497,7511.275677722088,7102.878209979497,7511.275677722088,1.0,1.0,0.890625,0.8321875,6,nan,nan,nan
20261006,delay,0.9,5,4,0.2,sco_reset_ucb,16.0,7748.413039306182,8296.306759365223,7102.878209979497,7511.275677722088,1.0908835559674546,1.104513682538837,0.891328125,0.832109375,6,0.9024390243902439,46.567567567567565,7.297297297297297
20261006,delay,0.9,5,4,0.2,ps_forced_reset_ucb,16.0,7037.206971670881,7726.995576714871,7102.878209979497,7511.275677722088,0.990754277862128,1.0287194756587876,0.89125,0.8225,6,0.9024390243902439,55.486486486486484,7.4324324324324325
20261006,delay,0.9,5,4,0.2,inflight_sco_ucb,16.0,1190.0061088777513,1365.7747660888065,7102.878209979497,7511.275677722088,0.1675385771370542,0.18182993471263445,0.89109375,0.44796875,6,0.975609756097561,49.675,7.55
20261006,capacity,0.9,1,2,0.1,true,16.0,2531.712770810708,2736.941574979273,2531.712770810708,2736.941574979273,1.0,1.0,0.895,0.51640625,2,nan,nan,nan
20261006,capacity,0.9,1,2,0.1,sco_reset_ucb,16.0,2882.289625808664,3095.1872950074785,2531.712770810708,2736.941574979273,1.1384741820003907,1.1308927173686265,0.89234375,0.51703125,2,0.9512195121951219,84.17948717948718,7.358974358974359
20261006,capacity,0.9,1,2,0.1,ps_forced_reset_ucb,16.0,2838.676173599106,3074.432283511513,2531.712770810708,2736.941574979273,1.1212473256553908,1.1233094310881648,0.893125,0.50875,2,0.9512195121951219,82.7948717948718,7.333333333333333
20261006,capacity,0.9,1,2,0.1,inflight_sco_ucb,16.0,770.1257965531016,856.2679348721547,2531.712770810708,2736.941574979273,0.30419161503320574,0.31285575939948196,0.8928125,0.0,1,0.9512195121951219,81.48717948717949,7.3076923076923075
20261006,capacity,0.9,1,4,0.2,true,16.0,451.929653776349,495.666420677312,451.929653776349,495.666420677312,1.0,1.0,0.895234375,0.521875,2,nan,nan,nan
20261006,capacity,0.9,1,4,0.2,sco_reset_ucb,16.0,486.70475042819606,538.9624044227329,451.929653776349,495.666420677312,1.0769480302105967,1.087349035438508,0.896171875,0.523125,2,0.9024390243902439,41.75675675675676,7.297297297297297
20261006,capacity,0.9,1,4,0.2,ps_forced_reset_ucb,16.0,479.6313708909927,532.3264740050447,451.929653776349,495.666420677312,1.0612965245435138,1.0739611395858488,0.896015625,0.513359375,2,0.9024390243902439,41.189189189189186,7.243243243243243
20261006,capacity,0.9,1,4,0.2,inflight_sco_ucb,16.0,202.51595328053367,229.6509397340829,451.929653776349,495.666420677312,0.44811388584108,0.46331752596892156,0.896328125,0.002734375,2,0.9512195121951219,43.30769230769231,7.333333333333333
20261006,capacity,0.9,1,8,0.4,true,16.0,111.20117166046296,124.24544467462226,111.20117166046296,124.24544467462226,1.0,1.0,0.8963671875,0.5405859375,2,nan,nan,nan
20261006,capacity,0.9,1,8,0.4,sco_reset_ucb,16.0,114.62538335606558,128.97684996039777,111.20117166046296,124.24544467462226,1.0307929461935703,1.0380811167617956,0.89578125,0.530703125,2,0.975609756097561,22.0,7.475
20261006,capacity,0.9,1,8,0.4,ps_forced_reset_ucb,16.0,114.4922746794582,129.6608779551688,111.20117166046296,124.24544467462226,1.0295959383327737,1.0435865740971721,0.895859375,0.527265625,2,0.975609756097561,21.25,7.3
20261006,capacity,0.9,1,8,0.4,inflight_sco_ucb,16.0,86.04398854145431,98.42152389959563,111.20117166046296,124.24544467462226,0.773768722547074,0.7921539832494052,0.8959765625,0.0536328125,2,0.975609756097561,25.975,9.125
20261007,delay,0.9,0,4,0.2,true,16.0,96.35679068774692,109.60287019837223,96.35679068774692,109.60287019837223,1.0,1.0,0.9009375,0.0,1,nan,nan,nan
20261007,delay,0.9,0,4,0.2,sco_reset_ucb,16.0,102.817639912966,118.74393781339475,96.35679068774692,109.60287019837223,1.0670513118909912,1.083401717477635,0.90171875,0.0,1,1.0,40.89473684210526,7.447368421052632
20261007,delay,0.9,0,4,0.2,ps_forced_reset_ucb,16.0,103.80258272991802,120.64883984664992,96.35679068774692,109.60287019837223,1.0772731427544102,1.1007817553343757,0.90140625,0.0,1,0.9736842105263158,41.75675675675676,7.486486486486487
20261007,delay,0.9,0,4,0.2,inflight_sco_ucb,16.0,102.817639912966,118.74393781339475,96.35679068774692,109.60287019837223,1.0670513118909912,1.083401717477635,0.90171875,0.0,1,1.0,40.89473684210526,7.447368421052632
20261007,delay,0.9,1,4,0.2,true,16.0,390.0876366572373,435.8348553609633,390.0876366572373,435.8348553609633,1.0,1.0,0.9,0.5209375,2,nan,nan,nan
20261007,delay,0.9,1,4,0.2,sco_reset_ucb,16.0,424.77293399420336,484.6225906604983,390.0876366572373,435.8348553609633,1.0889166794266885,1.1119408755390352,0.900859375,0.521953125,2,1.0,41.36842105263158,7.2894736842105265
20261007,delay,0.9,1,4,0.2,ps_forced_reset_ucb,16.0,420.9211678846623,483.4185651643198,390.0876366572373,435.8348553609633,1.0790425748727788,1.1091783027861486,0.90046875,0.513515625,2,1.0,39.94736842105263,7.2368421052631575
20261007,delay,0.9,1,4,0.2,inflight_sco_ucb,16.0,176.87190837316433,207.90540415669048,390.0876366572373,435.8348553609633,0.45341582698909877,0.4770279421192711,0.90046875,0.00234375,2,0.9736842105263158,41.45945945945946,7.351351351351352
20261007,delay,0.9,3,4,0.2,true,16.0,2041.424725612505,2251.3607650526974,2041.424725612505,2251.3607650526974,1.0,1.0,0.898359375,0.751484375,4,nan,nan,nan
20261007,delay,0.9,3,4,0.2,sco_reset_ucb,16.0,2251.7465134110766,2558.7838233804673,2041.424725612505,2251.3607650526974,1.1030269620818212,1.1365498871170805,0.898828125,0.75265625,4,1.0,41.526315789473685,7.184210526315789
20261007,delay,0.9,3,4,0.2,ps_forced_reset_ucb,16.0,2166.8293814088343,2444.761804357819,2041.424725612505,2251.3607650526974,1.0614299681114634,1.085904064025294,0.89734375,0.741484375,4,1.0,41.31578947368421,7.184210526315789
20261007,delay,0.9,3,4,0.2,inflight_sco_ucb,16.0,460.5597597597918,552.7465843750072,2041.424725612505,2251.3607650526974,0.22560702531983215,0.2455166639461575,0.898046875,0.096484375,4,1.0,41.8421052631579,7.105263157894737
20261007,delay,0.9,5,4,0.2,true,16.0,5828.253839447022,6346.00845073615,5828.253839447022,6346.00845073615,1.0,1.0,0.8959375,0.830625,6,nan,nan,nan
20261007,delay,0.9,5,4,0.2,sco_reset_ucb,16.0,6654.995221553389,7470.132537350525,5828.253839447022,6346.00845073615,1.1418506133879727,1.1771387629469632,0.895703125,0.83328125,6,1.0,50.10526315789474,7.368421052631579
20261007,delay,0.9,5,4,0.2,ps_forced_reset_ucb,16.0,6115.86288559066,6906.937579463202,5828.253839447022,6346.00845073615,1.0493473781455829,1.0883908575101227,0.895390625,0.8228125,6,1.0,44.10526315789474,7.157894736842105
20261007,delay,0.9,5,4,0.2,inflight_sco_ucb,16.0,1005.023576470369,1215.8779665690697,5828.253839447022,6346.00845073615,0.1724399115337304,0.19159728134746265,0.8959375,0.447578125,6,1.0,45.36842105263158,7.342105263157895
20261007,capacity,0.9,1,2,0.1,true,16.0,2126.044740448354,2358.6106882158406,2126.044740448354,2358.6106882158406,1.0,1.0,0.89984375,0.513125,2,nan,nan,nan
20261007,capacity,0.9,1,2,0.1,sco_reset_ucb,16.0,2461.630419900408,2778.079525040496,2126.044740448354,2358.6106882158406,1.157845069328731,1.1778457288099378,0.8990625,0.5165625,2,0.9736842105263158,79.48648648648648,7.378378378378378
20261007,capacity,0.9,1,2,0.1,ps_forced_reset_ucb,16.0,2379.1503654814333,2690.701417349857,2126.044740448354,2358.6106882158406,1.1190499993804002,1.1407992979906425,0.8984375,0.5021875,2,0.9736842105263158,78.67567567567568,7.45945945945946
20261007,capacity,0.9,1,2,0.1,inflight_sco_ucb,16.0,664.9797921569071,766.8706322723638,2126.044740448354,2358.6106882158406,0.3127778919726176,0.3251365882906514,0.8984375,0.0,1,0.9736842105263158,80.37837837837837,7.45945945945946
20261007,capacity,0.9,1,4,0.2,true,16.0,390.0876366572373,435.8348553609633,390.0876366572373,435.8348553609633,1.0,1.0,0.9,0.5209375,2,nan,nan,nan
20261007,capacity,0.9,1,4,0.2,sco_reset_ucb,16.0,424.77293399420336,484.6225906604983,390.0876366572373,435.8348553609633,1.0889166794266885,1.1119408755390352,0.900859375,0.521953125,2,1.0,41.36842105263158,7.2894736842105265
20261007,capacity,0.9,1,4,0.2,ps_forced_reset_ucb,16.0,420.9211678846623,483.4185651643198,390.0876366572373,435.8348553609633,1.0790425748727788,1.1091783027861486,0.90046875,0.513515625,2,1.0,39.94736842105263,7.2368421052631575
20261007,capacity,0.9,1,4,0.2,inflight_sco_ucb,16.0,176.87190837316433,207.90540415669048,390.0876366572373,435.8348553609633,0.45341582698909877,0.4770279421192711,0.90046875,0.00234375,2,0.9736842105263158,41.45945945945946,7.351351351351352
20261007,capacity,0.9,1,8,0.4,true,16.0,97.86497864410273,112.48321710598982,97.86497864410273,112.48321710598982,1.0,1.0,0.898359375,0.5391015625,2,nan,nan,nan
20261007,capacity,0.9,1,8,0.4,sco_reset_ucb,16.0,101.51409654115395,118.36985103292668,97.86497864410273,112.48321710598982,1.037287270151273,1.0523334420759858,0.898046875,0.5275390625,2,0.9736842105263158,21.81081081081081,7.4324324324324325
20261007,capacity,0.9,1,8,0.4,ps_forced_reset_ucb,16.0,101.8169525428362,118.7429140783904,97.86497864410273,112.48321710598982,1.0403819012019129,1.0556500528118984,0.898046875,0.5244921875,2,0.9736842105263158,21.7027027027027,7.324324324324325
20261007,capacity,0.9,1,8,0.4,inflight_sco_ucb,16.0,76.30230895289144,90.30172618421511,97.86497864410273,112.48321710598982,0.7796691933114661,0.8028017735225895,0.898125,0.05203125,2,1.0,21.68421052631579,7.2894736842105265
20261008,delay,0.9,0,4,0.2,true,16.0,94.5746842784568,98.88136553139145,94.5746842784568,98.88136553139145,1.0,1.0,0.898125,0.0,1,nan,nan,nan
20261008,delay,0.9,0,4,0.2,sco_reset_ucb,16.0,99.47918165918257,105.14316132063736,94.5746842784568,98.88136553139145,1.0518584589326825,1.063326348251714,0.900078125,0.0,1,0.9117647058823529,41.83870967741935,7.580645161290323
20261008,delay,0.9,0,4,0.2,ps_forced_reset_ucb,16.0,101.62926503277312,107.17964602477313,94.5746842784568,98.88136553139145,1.074592696852632,1.0839215806616997,0.9,0.0,1,0.9117647058823529,41.774193548387096,7.419354838709677
20261008,delay,0.9,0,4,0.2,inflight_sco_ucb,16.0,99.47918165918257,105.14316132063736,94.5746842784568,98.88136553139145,1.0518584589326825,1.063326348251714,0.900078125,0.0,1,0.9117647058823529,41.83870967741935,7.580645161290323
20261008,delay,0.9,1,4,0.2,true,16.0,384.93872298928386,398.6641789091818,384.93872298928386,398.6641789091818,1.0,1.0,0.896640625,0.522265625,2,nan,nan,nan
20261008,delay,0.9,1,4,0.2,sco_reset_ucb,16.0,414.8954610254199,435.2104163430133,384.93872298928386,398.6641789091818,1.0778220954324982,1.0916717361811354,0.898203125,0.52328125,2,0.9117647058823529,42.61290322580645,7.483870967741935
20261008,delay,0.9,1,4,0.2,ps_forced_reset_ucb,16.0,409.6657460421116,428.73157231644166,384.93872298928386,398.6641789091818,1.0642362578147695,1.0754203537662443,0.898828125,0.51265625,2,0.9705882352941176,43.78787878787879,7.454545454545454
20261008,delay,0.9,1,4,0.2,inflight_sco_ucb,16.0,172.3804295666413,184.78452558363165,384.93872298928386,398.6641789091818,0.44781264983684205,0.46350922746366613,0.89828125,0.002734375,2,0.9117647058823529,43.58064516129032,7.483870967741935
20261008,delay,0.9,3,4,0.2,true,16.0,2037.8033046436008,2071.4313947458713,2037.8033046436008,2071.4313947458713,1.0,1.0,0.894765625,0.751640625,4,nan,nan,nan
20261008,delay,0.9,3,4,0.2,sco_reset_ucb,16.0,2202.3480458948193,2295.9146337656616,2037.8033046436008,2071.4313947458713,1.0807461352507701,1.1083710711294548,0.896015625,0.752421875,4,0.9705882352941176,42.696969696969695,7.454545454545454
20261008,delay,0.9,3,4,0.2,ps_forced_reset_ucb,16.0,2096.3678387842656,2191.1118571125776,2037.8033046436008,2071.4313947458713,1.0287390515106203,1.0577766961871258,0.8965625,0.741875,4,0.9411764705882353,42.6875,7.5625
20261008,delay,0.9,3,4,0.2,inflight_sco_ucb,16.0,456.1710252634034,497.2929776769897,2037.8033046436008,2071.4313947458713,0.22385429654761743,0.2400721447682794,0.896640625,0.109609375,4,0.9117647058823529,43.354838709677416,7.419354838709677
20261008,delay,0.9,5,4,0.2,true,16.0,5947.26332787043,5959.177068600471,5947.26332787043,5959.177068600471,1.0,1.0,0.8921875,0.832109375,6,nan,nan,nan
20261008,delay,0.9,5,4,0.2,sco_reset_ucb,16.0,6562.222669683208,6710.6980119869895,5947.26332787043,5959.177068600471,1.1034020704835648,1.126111530960602,0.893984375,0.83328125,6,0.9411764705882353,48.5,7.375
20261008,delay,0.9,5,4,0.2,ps_forced_reset_ucb,16.0,6142.260081830426,6252.399959218314,5947.26332787043,5959.177068600471,1.0327876442003485,1.0492052656335493,0.894140625,0.822734375,6,0.9411764705882353,50.46875,7.5
20261008,delay,0.9,5,4,0.2,inflight_sco_ucb,16.0,1008.1757085710849,1094.7246780322062,5947.26332787043,5959.177068600471,0.1695192650788658,0.183704002319452,0.89484375,0.45578125,6,0.9117647058823529,47.516129032258064,7.451612903225806
20261008,capacity,0.9,1,2,0.1,true,16.0,2134.5114731160747,2186.697343019769,2134.5114731160747,2186.697343019769,1.0,1.0,0.90109375,0.5165625,2,nan,nan,nan
20261008,capacity,0.9,1,2,0.1,sco_reset_ucb,16.0,2395.83581094548,2476.1344388012712,2134.5114731160747,2186.697343019769,1.1224281720294105,1.1323626686177783,0.9028125,0.51875,2,0.9705882352941176,81.0909090909091,7.515151515151516
20261008,capacity,0.9,1,2,0.1,ps_forced_reset_ucb,16.0,2267.3272792677594,2402.045881344453,2134.5114731160747,2186.697343019769,1.0622230462681903,1.0984811816834668,0.9025,0.5040625,2,0.9705882352941176,82.27272727272727,7.545454545454546
20261008,capacity,0.9,1,2,0.1,inflight_sco_ucb,16.0,629.8693642842954,667.7706753507528,2134.5114731160747,2186.697343019769,0.29508830110188083,0.3053786466985778,0.9025,0.0,1,0.9705882352941176,82.42424242424242,7.484848484848484
20261008,capacity,0.9,1,4,0.2,true,16.0,384.93872298928386,398.6641789091818,384.93872298928386,398.6641789091818,1.0,1.0,0.896640625,0.522265625,2,nan,nan,nan
20261008,capacity,0.9,1,4,0.2,sco_reset_ucb,16.0,414.8954610254199,435.2104163430133,384.93872298928386,398.6641789091818,1.0778220954324982,1.0916717361811354,0.898203125,0.52328125,2,0.9117647058823529,42.61290322580645,7.483870967741935
20261008,capacity,0.9,1,4,0.2,ps_forced_reset_ucb,16.0,409.6657460421116,428.73157231644166,384.93872298928386,398.6641789091818,1.0642362578147695,1.0754203537662443,0.898828125,0.51265625,2,0.9705882352941176,43.78787878787879,7.454545454545454
20261008,capacity,0.9,1,4,0.2,inflight_sco_ucb,16.0,172.3804295666413,184.78452558363165,384.93872298928386,398.6641789091818,0.44781264983684205,0.46350922746366613,0.89828125,0.002734375,2,0.9117647058823529,43.58064516129032,7.483870967741935
20261008,capacity,0.9,1,8,0.4,true,16.0,95.55972038341606,102.37128086634561,95.55972038341606,102.37128086634561,1.0,1.0,0.8940625,0.5496484375,2,nan,nan,nan
20261008,capacity,0.9,1,8,0.4,sco_reset_ucb,16.0,99.89251690077174,107.06564004964969,95.55972038341606,102.37128086634561,1.0453412431511009,1.04585621224602,0.89328125,0.5368359375,2,0.9117647058823529,23.06451612903226,7.225806451612903
20261008,capacity,0.9,1,8,0.4,ps_forced_reset_ucb,16.0,99.50935383693538,106.83992813854194,95.55972038341606,102.37128086634561,1.0413315718973655,1.043651375995095,0.893515625,0.5311328125,2,0.9705882352941176,21.484848484848484,7.393939393939394
20261008,capacity,0.9,1,8,0.4,inflight_sco_ucb,16.0,75.351843863974,82.106648084082,95.55972038341606,102.37128086634561,0.7885314394144141,0.8020476777200745,0.8937890625,0.0578125,2,0.9411764705882353,23.0,7.375
20261009,delay,0.9,0,4,0.2,true,16.0,118.05033171139269,126.35915740640658,118.05033171139269,126.35915740640658,1.0,1.0,0.902578125,0.0,1,nan,nan,nan
20261009,delay,0.9,0,4,0.2,sco_reset_ucb,16.0,121.21834351449144,131.6140883888353,118.05033171139269,126.35915740640658,1.026836110980559,1.0415872588128092,0.903203125,0.0,1,0.9117647058823529,41.774193548387096,7.483870967741935
20261009,delay,0.9,0,4,0.2,ps_forced_reset_ucb,16.0,123.3359959817441,133.93398470241473,118.05033171139269,126.35915740640658,1.0447746668198588,1.0599468012567177,0.90328125,0.0,1,0.9117647058823529,40.61290322580645,7.451612903225806
20261009,delay,0.9,0,4,0.2,inflight_sco_ucb,16.0,121.21834351449144,131.6140883888353,118.05033171139269,126.35915740640658,1.026836110980559,1.0415872588128092,0.903203125,0.0,1,0.9117647058823529,41.774193548387096,7.483870967741935
20261009,delay,0.9,1,4,0.2,true,16.0,488.8164472026614,514.7588241811027,488.8164472026614,514.7588241811027,1.0,1.0,0.901015625,0.52015625,2,nan,nan,nan
20261009,delay,0.9,1,4,0.2,sco_reset_ucb,16.0,508.665036664058,546.9066271076734,488.8164472026614,514.7588241811027,1.0406054042882225,1.0624521648127405,0.901953125,0.52171875,2,0.9117647058823529,42.96774193548387,7.645161290322581
20261009,delay,0.9,1,4,0.2,ps_forced_reset_ucb,16.0,501.86491065932603,543.3182991885615,488.8164472026614,514.7588241811027,1.02669399430264,1.0554812732989907,0.902109375,0.511640625,2,0.9117647058823529,40.96774193548387,7.483870967741935
20261009,delay,0.9,1,4,0.2,inflight_sco_ucb,16.0,211.37439935327697,232.0940768388113,488.8164472026614,514.7588241811027,0.4324208004106743,0.45087925827796177,0.9025,0.003203125,2,0.9117647058823529,42.064516129032256,7.451612903225806
20261009,delay,0.9,3,4,0.2,true,16.0,2612.011078788307,2710.213988533682,2612.011078788307,2710.213988533682,1.0,1.0,0.899609375,0.751328125,4,nan,nan,nan
20261009,delay,0.9,3,4,0.2,sco_reset_ucb,16.0,2757.698076263555,2946.7737368694493,2612.011078788307,2710.213988533682,1.0557757961512289,1.0872845278404581,0.90015625,0.753046875,4,0.9411764705882353,39.75,7.46875
20261009,delay,0.9,3,4,0.2,ps_forced_reset_ucb,16.0,2622.547473288563,2807.6688747422454,2612.011078788307,2710.213988533682,1.004033824582836,1.0359583732579323,0.899765625,0.74234375,4,0.9117647058823529,44.74193548387097,7.354838709677419
20261009,delay,0.9,3,4,0.2,inflight_sco_ucb,16.0,572.4244397886124,625.8157346115994,2612.011078788307,2710.213988533682,0.21915084680810618,0.23091008210395483,0.900078125,0.10265625,4,0.9411764705882353,44.71875,7.34375
20261009,delay,0.9,5,4,0.2,true,16.0,7761.846913791021,7878.735765111593,7761.846913791021,7878.735765111593,1.0,1.0,0.896640625,0.832265625,6,nan,nan,nan
20261009,delay,0.9,5,4,0.2,sco_reset_ucb,16.0,8238.108401771917,8585.653253444782,7761.846913791021,7878.735765111593,1.0613592993098961,1.0897247362278022,0.89703125,0.832890625,6,0.9117647058823529,49.935483870967744,7.451612903225806
20261009,delay,0.9,5,4,0.2,ps_forced_reset_ucb,16.0,7444.636886882077,7875.649419595355,7761.846913791021,7878.735765111593,0.959132145939991,0.9996082689395543,0.89734375,0.82296875,6,0.9117647058823529,46.96774193548387,7.483870967741935
20261009,delay,0.9,5,4,0.2,inflight_sco_ucb,16.0,1274.0757990319453,1379.3223771677979,7761.846913791021,7878.735765111593,0.1641459581956203,0.1750689981602983,0.8971875,0.44859375,6,0.9117647058823529,46.645161290322584,7.387096774193548
20261009,capacity,0.9,1,2,0.1,true,16.0,2795.8194639342146,2906.992088321968,2795.8194639342146,2906.992088321968,1.0,1.0,0.8975,0.51734375,2,nan,nan,nan
20261009,capacity,0.9,1,2,0.1,sco_reset_ucb,16.0,3023.6590311850046,3175.5566370538336,2795.8194639342146,2906.992088321968,1.0814929469480763,1.0923857171165856,0.89703125,0.5184375,2,0.9411764705882353,84.375,7.59375
20261009,capacity,0.9,1,2,0.1,ps_forced_reset_ucb,16.0,2935.617517893197,3077.6751442756213,2795.8194639342146,2906.992088321968,1.0500025326250007,1.0587146613296008,0.8978125,0.50484375,2,0.9411764705882353,93.03125,8.0
20261009,capacity,0.9,1,2,0.1,inflight_sco_ucb,16.0,825.2450829026556,871.7537351127205,2795.8194639342146,2906.992088321968,0.2951710915344259,0.29988170198837094,0.89671875,0.0,1,0.9117647058823529,81.38709677419355,7.290322580645161
20261009,capacity,0.9,1,4,0.2,true,16.0,488.8164472026614,514.7588241811027,488.8164472026614,514.7588241811027,1.0,1.0,0.901015625,0.52015625,2,nan,nan,nan
20261009,capacity,0.9,1,4,0.2,sco_reset_ucb,16.0,508.665036664058,546.9066271076734,488.8164472026614,514.7588241811027,1.0406054042882225,1.0624521648127405,0.901953125,0.52171875,2,0.9117647058823529,42.96774193548387,7.645161290322581
20261009,capacity,0.9,1,4,0.2,ps_forced_reset_ucb,16.0,501.86491065932603,543.3182991885615,488.8164472026614,514.7588241811027,1.02669399430264,1.0554812732989907,0.902109375,0.511640625,2,0.9117647058823529,40.96774193548387,7.483870967741935
20261009,capacity,0.9,1,4,0.2,inflight_sco_ucb,16.0,211.37439935327697,232.0940768388113,488.8164472026614,514.7588241811027,0.4324208004106743,0.45087925827796177,0.9025,0.003203125,2,0.9117647058823529,42.064516129032256,7.451612903225806
20261009,capacity,0.9,1,8,0.4,true,16.0,121.68240020328827,129.30050593011768,121.68240020328827,129.30050593011768,1.0,1.0,0.900078125,0.5373046875,2,nan,nan,nan
20261009,capacity,0.9,1,8,0.4,sco_reset_ucb,16.0,124.86605293431404,133.2041501026821,121.68240020328827,129.30050593011768,1.0261636253534365,1.030190478718422,0.8999609375,0.52921875,2,0.9117647058823529,23.06451612903226,7.483870967741935
20261009,capacity,0.9,1,8,0.4,ps_forced_reset_ucb,16.0,125.05028851353879,133.43452538137157,121.68240020328827,129.30050593011768,1.0276776945936632,1.0319721831056732,0.900078125,0.525390625,2,0.9117647058823529,22.129032258064516,7.516129032258065
20261009,capacity,0.9,1,8,0.4,inflight_sco_ucb,16.0,94.27928791330922,101.36235372368043,121.68240020328827,129.30050593011768,0.7747980624626228,0.7839285159368454,0.900078125,0.05375,2,0.8529411764705882,22.06896551724138,7.413793103448276
20261010,delay,0.9,0,4,0.2,true,16.0,106.42303316855251,110.57521806422751,106.42303316855251,110.57521806422751,1.0,1.0,0.896875,0.0,1,nan,nan,nan
20261010,delay,0.9,0,4,0.2,sco_reset_ucb,16.0,112.00330240474734,118.31404312742896,106.42303316855251,110.57521806422751,1.0524347885044474,1.0699869753700721,0.896875,0.0,1,1.0,41.432432432432435,7.378378378378378
20261010,delay,0.9,0,4,0.2,ps_forced_reset_ucb,16.0,113.9637523147849,119.9311457265608,106.42303316855251,110.57521806422751,1.0708560818247814,1.0846114330690164,0.896875,0.0,1,1.0,41.648648648648646,7.4324324324324325
20261010,delay,0.9,0,4,0.2,inflight_sco_ucb,16.0,112.00330240474734,118.31404312742896,106.42303316855251,110.57521806422751,1.0524347885044474,1.0699869753700721,0.896875,0.0,1,1.0,41.432432432432435,7.378378378378378
20261010,delay,0.9,1,4,0.2,true,16.0,425.8809520170098,442.7585810040197,425.8809520170098,442.7585810040197,1.0,1.0,0.89625,0.52015625,2,nan,nan,nan
20261010,delay,0.9,1,4,0.2,sco_reset_ucb,16.0,464.26391944007486,486.45582794770644,425.8809520170098,442.7585810040197,1.0901260487027653,1.098693167831094,0.89578125,0.521171875,2,1.0,42.351351351351354,7.486486486486487
20261010,delay,0.9,1,4,0.2,ps_forced_reset_ucb,16.0,459.30037892929624,484.2880184034284,425.8809520170098,442.7585810040197,1.0784712881710465,1.0937970243405213,0.89609375,0.512734375,2,1.0,42.13513513513514,7.54054054054054
20261010,delay,0.9,1,4,0.2,inflight_sco_ucb,16.0,196.40912920442793,206.62350481556348,425.8809520170098,442.7585810040197,0.46118317401662823,0.4666730667241153,0.895703125,0.002421875,2,1.0,41.78378378378378,7.378378378378378
20261010,delay,0.9,3,4,0.2,true,16.0,2310.799728565733,2352.371456776991,2310.799728565733,2352.371456776991,1.0,1.0,0.893828125,0.752265625,4,nan,nan,nan
20261010,delay,0.9,3,4,0.2,sco_reset_ucb,16.0,2511.174455637668,2619.401812409913,2310.799728565733,2352.371456776991,1.0867122860518525,1.1135153867233123,0.89359375,0.753203125,4,0.972972972972973,44.72222222222222,7.444444444444445
20261010,delay,0.9,3,4,0.2,ps_forced_reset_ucb,16.0,2373.301060975761,2485.304468918844,2310.799728565733,2352.371456776991,1.0270474899392608,1.0565102130273192,0.893671875,0.7428125,4,1.0,44.86486486486486,7.486486486486487
20261010,delay,0.9,3,4,0.2,inflight_sco_ucb,16.0,528.7168019276135,554.2595659038825,2310.799728565733,2352.371456776991,0.2288025203533226,0.23561736574685332,0.89359375,0.100859375,4,0.972972972972973,44.111111111111114,7.416666666666667
20261010,delay,0.9,5,4,0.2,true,16.0,6647.140087875563,6754.093417493894,6647.140087875563,6754.093417493894,1.0,1.0,0.89125,0.831484375,6,nan,nan,nan
20261010,delay,0.9,5,4,0.2,sco_reset_ucb,16.0,7427.388999469204,7652.711913347077,6647.140087875563,6754.093417493894,1.1173811445642345,1.133047981469379,0.892109375,0.833359375,6,1.0,50.567567567567565,7.378378378378378
20261010,delay,0.9,5,4,0.2,ps_forced_reset_ucb,16.0,6821.273575244085,7016.957114972212,6647.140087875563,6754.093417493894,1.0261967530496525,1.0389191681591894,0.89109375,0.822734375,6,0.972972972972973,48.02777777777778,7.305555555555555
20261010,delay,0.9,5,4,0.2,inflight_sco_ucb,16.0,1151.6890196892127,1217.6621837344965,6647.140087875563,6754.093417493894,0.1732608316454625,0.18028506691669507,0.891640625,0.427578125,6,0.9459459459459459,44.457142857142856,7.114285714285714
20261010,capacity,0.9,1,2,0.1,true,16.0,2423.3329402214003,2465.7386169398496,2423.3329402214003,2465.7386169398496,1.0,1.0,0.89390625,0.513125,2,nan,nan,nan
20261010,capacity,0.9,1,2,0.1,sco_reset_ucb,16.0,2717.9662590571006,2792.554132618381,2423.3329402214003,2465.7386169398496,1.1215818569316283,1.1325426439904371,0.8940625,0.51578125,2,0.918918918918919,83.79411764705883,7.470588235294118
20261010,capacity,0.9,1,2,0.1,ps_forced_reset_ucb,16.0,2684.7364808533566,2757.9121549394326,2423.3329402214003,2465.7386169398496,1.107869429038535,1.1184933131161283,0.89453125,0.5059375,2,0.972972972972973,84.69444444444444,7.472222222222222
20261010,capacity,0.9,1,2,0.1,inflight_sco_ucb,16.0,748.4424270990996,770.0583294943185,2423.3329402214003,2465.7386169398496,0.3088483693993449,0.3123033091196072,0.89375,0.0,1,0.918918918918919,84.05882352941177,7.5588235294117645
20261010,capacity,0.9,1,4,0.2,true,16.0,425.8809520170098,442.7585810040197,425.8809520170098,442.7585810040197,1.0,1.0,0.89625,0.52015625,2,nan,nan,nan
20261010,capacity,0.9,1,4,0.2,sco_reset_ucb,16.0,464.26391944007486,486.45582794770644,425.8809520170098,442.7585810040197,1.0901260487027653,1.098693167831094,0.89578125,0.521171875,2,1.0,42.351351351351354,7.486486486486487
20261010,capacity,0.9,1,4,0.2,ps_forced_reset_ucb,16.0,459.30037892929624,484.2880184034284,425.8809520170098,442.7585810040197,1.0784712881710465,1.0937970243405213,0.89609375,0.512734375,2,1.0,42.13513513513514,7.54054054054054
20261010,capacity,0.9,1,4,0.2,inflight_sco_ucb,16.0,196.40912920442793,206.62350481556348,425.8809520170098,442.7585810040197,0.46118317401662823,0.4666730667241153,0.895703125,0.002421875,2,1.0,41.78378378378378,7.378378378378378
20261010,capacity,0.9,1,8,0.4,true,16.0,108.3630013604897,112.40543883630184,108.3630013604897,112.40543883630184,1.0,1.0,0.897109375,0.54375,2,nan,nan,nan
20261010,capacity,0.9,1,8,0.4,sco_reset_ucb,16.0,111.38341047663418,117.07226978858768,108.3630013604897,112.40543883630184,1.0278730662516122,1.0415178393554625,0.8969140625,0.527421875,2,0.9459459459459459,21.085714285714285,7.371428571428571
20261010,capacity,0.9,1,8,0.4,ps_forced_reset_ucb,16.0,111.7068457830423,117.56709896420622,108.3630013604897,112.40543883630184,1.0308578055292938,1.0459200211425836,0.896640625,0.5241796875,2,0.972972972972973,21.38888888888889,7.444444444444445
20261010,capacity,0.9,1,8,0.4,inflight_sco_ucb,16.0,84.74197686752673,88.92069147435386,108.3630013604897,112.40543883630184,0.782019469778405,0.7910710762301345,0.8966015625,0.05109375,2,0.9459459459459459,21.8,7.428571428571429
20261011,delay,0.9,0,4,0.2,true,16.0,110.26640898467379,120.08782936066368,110.26640898467379,120.08782936066368,1.0,1.0,0.89625,0.0,1,nan,nan,nan
20261011,delay,0.9,0,4,0.2,sco_reset_ucb,16.0,116.48515776242427,126.26903000512529,110.26640898467379,120.08782936066368,1.0563974907228078,1.0514723321869481,0.895703125,0.0,1,0.9428571428571428,40.57575757575758,7.363636363636363
20261011,delay,0.9,0,4,0.2,ps_forced_reset_ucb,16.0,118.493486310126,128.2207775489294,110.26640898467379,120.08782936066368,1.0746109118924487,1.0677249995404594,0.895625,0.0,1,0.9714285714285714,40.23529411764706,7.323529411764706
20261011,delay,0.9,0,4,0.2,inflight_sco_ucb,16.0,116.48515776242427,126.26903000512529,110.26640898467379,120.08782936066368,1.0563974907228078,1.0514723321869481,0.895703125,0.0,1,0.9428571428571428,40.57575757575758,7.363636363636363
20261011,delay,0.9,1,4,0.2,true,16.0,451.7073672976047,486.9681116480152,451.7073672976047,486.9681116480152,1.0,1.0,0.895,0.521640625,2,nan,nan,nan
20261011,delay,0.9,1,4,0.2,sco_reset_ucb,16.0,481.57699870038533,520.0352223571621,451.7073672976047,486.9681116480152,1.066126066487424,1.0679040576132182,0.894609375,0.523359375,2,0.9428571428571428,41.09090909090909,7.484848484848484
20261011,delay,0.9,1,4,0.2,ps_forced_reset_ucb,16.0,482.68488691572156,520.0741766398048,451.7073672976047,486.9681116480152,1.0685787345100075,1.067984051111172,0.894609375,0.5140625,2,0.9142857142857143,41.5625,7.40625
20261011,delay,0.9,1,4,0.2,inflight_sco_ucb,16.0,203.40750682826305,222.30213607265418,451.7073672976047,486.9681116480152,0.4503081453932745,0.4565024500687143,0.894609375,0.00296875,2,0.9428571428571428,42.15151515151515,7.484848484848484
20261011,delay,0.9,3,4,0.2,true,16.0,2409.9007285460984,2560.2960638946965,2409.9007285460984,2560.2960638946965,1.0,1.0,0.8925,0.751875,4,nan,nan,nan
20261011,delay,0.9,3,4,0.2,sco_reset_ucb,16.0,2591.221202395949,2762.8820751912435,2409.9007285460984,2560.2960638946965,1.0752398103797587,1.0791260097429416,0.891953125,0.753203125,4,0.9428571428571428,42.515151515151516,7.454545454545454
20261011,delay,0.9,3,4,0.2,ps_forced_reset_ucb,16.0,2484.7356077877103,2644.6426879334754,2409.9007285460984,2560.2960638946965,1.0310530962355284,1.0329440900324909,0.892265625,0.743203125,4,0.9428571428571428,42.81818181818182,7.545454545454546
20261011,delay,0.9,3,4,0.2,inflight_sco_ucb,16.0,545.0646222964622,599.0940232567375,2409.9007285460984,2560.2960638946965,0.22617720964186835,0.23399404143339647,0.892265625,0.1128125,4,0.9428571428571428,42.36363636363637,7.212121212121212
20261011,delay,0.9,5,4,0.2,true,16.0,7059.378158251346,7359.486301527766,7059.378158251346,7359.486301527766,1.0,1.0,0.890859375,0.832109375,6,nan,nan,nan
20261011,delay,0.9,5,4,0.2,sco_reset_ucb,16.0,7685.804136175049,8106.640970913419,7059.378158251346,7359.486301527766,1.0887367079480657,1.1015226659543547,0.889609375,0.83359375,6,0.9714285714285714,48.0,7.470588235294118
20261011,delay,0.9,5,4,0.2,ps_forced_reset_ucb,16.0,7134.769240000657,7503.230598268828,7059.378158251346,7359.486301527766,1.0106795641286324,1.019531838344644,0.89,0.822890625,6,0.9428571428571428,46.484848484848484,7.181818181818182
20261011,delay,0.9,5,4,0.2,inflight_sco_ucb,16.0,1198.7860864299782,1327.9319290930084,7059.378158251346,7359.486301527766,0.16981468616025033,0.18043812770156814,0.890390625,0.436875,6,0.9428571428571428,45.666666666666664,7.484848484848484
20261011,capacity,0.9,1,2,0.1,true,16.0,2562.6307570637555,2723.835570001165,2562.6307570637555,2723.835570001165,1.0,1.0,0.89328125,0.5171875,2,nan,nan,nan
20261011,capacity,0.9,1,2,0.1,sco_reset_ucb,16.0,2820.2246202675196,2977.4892784587046,2562.6307570637555,2723.835570001165,1.100519305207635,1.0931237227574024,0.89515625,0.518125,2,0.9142857142857143,75.6875,7.46875
20261011,capacity,0.9,1,2,0.1,ps_forced_reset_ucb,16.0,2699.6188445708885,2922.9809561369098,2562.6307570637555,2723.835570001165,1.0534560381473346,1.0731121174600344,0.89515625,0.5053125,2,0.8285714285714286,76.27586206896552,7.241379310344827
20261011,capacity,0.9,1,2,0.1,inflight_sco_ucb,16.0,746.1862304631948,817.0189968602518,2562.6307570637555,2723.835570001165,0.29117976844942334,0.2999516585576795,0.895,0.0,1,0.8571428571428571,77.36666666666666,7.4
20261011,capacity,0.9,1,4,0.2,true,16.0,451.7073672976047,486.9681116480152,451.7073672976047,486.9681116480152,1.0,1.0,0.895,0.521640625,2,nan,nan,nan
20261011,capacity,0.9,1,4,0.2,sco_reset_ucb,16.0,481.57699870038533,520.0352223571621,451.7073672976047,486.9681116480152,1.066126066487424,1.0679040576132182,0.894609375,0.523359375,2,0.9428571428571428,41.09090909090909,7.484848484848484
20261011,capacity,0.9,1,4,0.2,ps_forced_reset_ucb,16.0,482.68488691572156,520.0741766398048,451.7073672976047,486.9681116480152,1.0685787345100075,1.067984051111172,0.894609375,0.5140625,2,0.9142857142857143,41.5625,7.40625
20261011,capacity,0.9,1,4,0.2,inflight_sco_ucb,16.0,203.40750682826305,222.30213607265418,451.7073672976047,486.9681116480152,0.4503081453932745,0.4565024500687143,0.894609375,0.00296875,2,0.9428571428571428,42.15151515151515,7.484848484848484
20261011,capacity,0.9,1,8,0.4,true,16.0,111.38473328655104,122.4618096761407,111.38473328655104,122.4618096761407,1.0,1.0,0.8959375,0.542890625,2,nan,nan,nan
20261011,capacity,0.9,1,8,0.4,sco_reset_ucb,16.0,115.3605845185613,126.92695637763052,111.38473328655104,122.4618096761407,1.0356947591891421,1.0364615443238854,0.895859375,0.5326171875,2,0.9142857142857143,21.375,7.3125
20261011,capacity,0.9,1,8,0.4,ps_forced_reset_ucb,16.0,114.99069127133393,127.04725460146642,111.38473328655104,122.4618096761407,1.0323738979156696,1.0374438768906997,0.8960546875,0.529453125,2,0.9142857142857143,20.90625,7.5
20261011,capacity,0.9,1,8,0.4,inflight_sco_ucb,16.0,86.16848410484184,96.57433460938282,111.38473328655104,122.4618096761407,0.773611262175066,0.788607769759248,0.896171875,0.05984375,2,0.9428571428571428,21.424242424242426,7.333333333333333
