seed,profile,method,evidence_status,forward_mean,feedback_mean,round_trip_mean,round_trip_p95,round_trip_p99,round_trip_max,post_cost,total_cost,delivery_rate,ack_rate,redundant_attempt_rate,stale_arrival_rate,mean_inflight_per_slot,capacity_utilization,max_inflight_count,learned_wait_threshold,detected_fraction,calendar_delay,observation_delay
20266000,fixed,he_rm,retrospective_addendum,2.0,2.0,4.0,4.0,4.0,4,482.3473175418254,504.5133008871269,0.898125,0.995,0.0,0.0,19.95,1.0,1,2.017297494047222,nan,nan,nan
20266000,light_iid,he_rm,retrospective_addendum,1.9996596534653466,1.9999690594059405,3.9996287128712873,6.0,6.0,6,613.0632855682663,625.8299472843127,0.8991052407328505,0.9951427354069025,0.0,0.0,18.2384375,0.916796875,1,2.255059327879838,nan,nan,nan
20266000,heavy_iid,he_rm,retrospective_addendum,1.9856126237623761,1.9924195544554455,3.9780321782178216,12.0,12.0,22,1857.451582091865,2033.0945766398825,0.8988014590932778,0.9954142782699322,0.0,0.0,14.8603125,0.749609375,1,3.921853027453396,nan,nan,nan
20266000,lognormal,he_rm,retrospective_addendum,2.351144801980198,2.3365872524752476,4.687732054455446,14.0,34.0,123,9825.0696035806,15198.61562213323,0.8972257988996839,0.9950836942526045,0.0,0.0,15.13375,0.667421875,1,5.8301065677543225,nan,nan,nan
20266000,markov_burst,he_rm,retrospective_addendum,1.979115099009901,2.0099783415841586,3.9890934405940595,7.0,12.0,12,1311.27318864616,1431.4721396607918,0.9000184808722972,0.9953797819257069,0.0,0.0,17.0121875,0.84546875,1,2.93839240995547,nan,nan,nan
20266000,forward_heavy,he_rm,retrospective_addendum,1.9856126237623761,2.0,3.985612623762376,13.0,13.0,13,1449.6184614634158,1495.3730254984212,0.8990069161198794,0.9956552580244724,0.0,0.0,17.570625,0.88109375,1,3.189843774737956,nan,nan,nan
20266000,feedback_heavy,he_rm,retrospective_addendum,2.0,1.9924195544554455,3.9924195544554455,13.0,13.0,13,943.0327249681595,983.3873333545765,0.8995147772386414,0.9949713277459197,0.0,0.0,17.565625,0.885546875,1,3.0946151797870445,nan,nan,nan
20266001,fixed,he_rm,retrospective_addendum,2.0,2.0,4.0,4.0,4.0,4,456.53009881214166,479.9848120024165,0.896953125,0.995,0.0,0.0,19.95,1.0,1,2.022167442574984,nan,nan,nan
20266001,light_iid,he_rm,retrospective_addendum,1.9997834158415841,1.9951113861386138,3.994894801980198,6.0,6.0,6,583.2986104302967,608.1797298684859,0.895293315143247,0.9947987721691678,0.0,0.0,18.3203125,0.91625,1,2.265768681416964,nan,nan,nan
20266001,heavy_iid,he_rm,retrospective_addendum,2.0071163366336635,1.9969059405940595,4.0040222772277225,12.0,12.0,22,1809.6405847115882,1978.4646792977878,0.8951362907536077,0.9957242116515232,0.0,0.0,14.8528125,0.730859375,1,3.9917438711376123,nan,nan,nan
20266001,lognormal,he_rm,retrospective_addendum,2.349381188118812,2.336664603960396,4.686045792079208,14.0,33.0,86,9265.660223751984,15129.754651337193,0.8922582946842669,0.9940539897728624,0.0,0.0,15.1203125,0.656953125,1,6.114353326338537,nan,nan,nan
20266001,markov_burst,he_rm,retrospective_addendum,2.0169399752475248,1.9871596534653466,4.004099628712871,7.0,12.0,12,1252.1157457297413,1155.7572640370724,0.8965859826589595,0.9953937861271677,0.0,0.0,17.1675,0.865,1,2.918430375912716,nan,nan,nan
20266001,forward_heavy,he_rm,retrospective_addendum,2.0071163366336635,2.0,4.007116336633663,13.0,13.0,13,1318.8470284254752,1431.6524517296011,0.8965733763903839,0.9950663796196627,0.0,0.0,17.4971875,0.8709375,1,3.166114617829503,nan,nan,nan
20266001,feedback_heavy,he_rm,retrospective_addendum,2.0,1.9969059405940595,3.9969059405940595,13.0,13.0,13,985.2715888503833,991.5045125267229,0.8958295557570263,0.9951949229374434,0.0,0.0,17.4284375,0.86171875,1,3.2556869945289364,nan,nan,nan
20266002,fixed,he_rm,retrospective_addendum,2.0,2.0,4.0,4.0,4.0,4,574.1135352007764,644.1006138494035,0.8978125,0.995,0.0,0.0,19.95,1.0,1,2.035509697110138,nan,nan,nan
20266002,light_iid,he_rm,retrospective_addendum,2.005259900990099,2.0008044554455444,4.006064356435644,6.0,6.0,6,728.2971489148608,802.6786471006792,0.8974358974358975,0.9955555555555555,0.0,0.0,18.2546875,0.9140625,1,2.284259357686309,nan,nan,nan
20266002,heavy_iid,he_rm,retrospective_addendum,2.00572400990099,2.0068069306930694,4.0125309405940595,12.0,12.0,22,2191.5513769799386,2420.652663197998,0.8961806288246466,0.995357670394598,0.0,0.0,14.8284375,0.74046875,1,3.9724801551039777,nan,nan,nan
20266002,lognormal,he_rm,retrospective_addendum,2.3318842821782177,2.297478341584158,4.629362623762376,14.0,33.0,91,10152.943230300363,20519.08648334437,0.89548802946593,0.9948204419889503,0.0,0.0,15.0453125,0.67875,1,5.901360248293017,nan,nan,nan
20266002,markov_burst,he_rm,retrospective_addendum,1.9891707920792079,2.015238242574257,4.004409034653466,7.0,12.0,12,1528.0961070589233,1779.660848620688,0.8954001839926403,0.9951241950321987,0.0,0.0,17.026875,0.84921875,1,2.899762655101487,nan,nan,nan
20266002,forward_heavy,he_rm,retrospective_addendum,2.00572400990099,2.0,4.00572400990099,13.0,13.0,13,1484.5932610019706,1672.6549149283358,0.8971072541165999,0.9951045838896306,0.0,0.0,17.45625,0.877734375,1,3.109579388986235,nan,nan,nan
20266002,feedback_heavy,he_rm,retrospective_addendum,2.0,2.0068069306930694,4.006806930693069,13.0,13.0,13,1275.0948727344896,1427.5737711246634,0.8967904342353682,0.9947855794300099,0.0,0.0,17.4178125,0.868984375,1,3.2036392405640752,nan,nan,nan
20266003,fixed,he_rm,retrospective_addendum,2.0,2.0,4.0,4.0,4.0,4,419.89259500200023,482.90857499933816,0.897265625,0.995,0.0,0.0,19.95,1.0,1,2.008068629779126,nan,nan,nan
20266003,light_iid,he_rm,retrospective_addendum,2.000928217821782,2.0070544554455445,4.0079826732673265,6.0,6.0,6,525.8655134158153,601.6415358809503,0.8968165912776308,0.9946231970640949,0.0,0.0,18.291875,0.915390625,1,2.248351079740959,nan,nan,nan
20266003,heavy_iid,he_rm,retrospective_addendum,2.005259900990099,1.9777227722772277,3.9829826732673266,12.0,22.0,22,1499.1200365466009,1742.5966977406674,0.8991481754127668,0.9946366600063098,0.0,0.0,14.8765625,0.742890625,1,3.9048280639027153,nan,nan,nan
20266003,lognormal,he_rm,retrospective_addendum,2.3176361386138615,2.333601485148515,4.651237623762376,14.0,33.0,109,6150.149860986196,8778.171858666125,0.8979931124569529,0.994062462890393,0.0,0.0,14.88,0.657890625,1,6.170849972002534,nan,nan,nan
20266003,markov_burst,he_rm,retrospective_addendum,1.9883972772277227,2.0038675742574257,3.9922648514851486,7.0,12.0,12,1096.3773778454176,1210.5924291118529,0.8979086406164006,0.9945881489634929,0.0,0.0,17.0778125,0.85171875,1,2.938222118562449,nan,nan,nan
20266003,forward_heavy,he_rm,retrospective_addendum,2.005259900990099,2.0,4.005259900990099,13.0,13.0,13,1060.9714622911765,1267.3614797042644,0.898105112620665,0.9944583482302467,0.0,0.0,17.51,0.8740625,1,3.1322156730866504,nan,nan,nan
20266003,feedback_heavy,he_rm,retrospective_addendum,2.0,1.9777227722772277,3.977722772277228,13.0,13.0,13,862.8486797511973,1012.1595909370417,0.8975882248625643,0.9949459123958149,0.0,0.0,17.53125,0.88109375,1,3.0714296769963996,nan,nan,nan
20266004,fixed,he_rm,retrospective_addendum,2.0,2.0,4.0,4.0,4.0,4,502.0753715147433,499.2815133662474,0.893046875,0.995,0.0,0.0,19.95,1.0,1,1.9935237729297455,nan,nan,nan
20266004,light_iid,he_rm,retrospective_addendum,2.000711633663366,2.0031559405940595,4.003867574257426,6.0,6.0,6,633.4443997632925,624.8166460871736,0.8940855167705044,0.9950499274558334,0.0,0.0,18.279375,0.915390625,1,2.236235390009351,nan,nan,nan
20266004,heavy_iid,he_rm,retrospective_addendum,2.004950495049505,2.016398514851485,4.02134900990099,12.0,22.0,22,1802.993296970192,1921.1159995121807,0.8969614131006204,0.9956892019766586,0.0,0.0,14.9278125,0.743046875,1,3.9705948803331887,nan,nan,nan
20266004,lognormal,he_rm,retrospective_addendum,2.337654702970297,2.3528774752475248,4.690532178217822,14.0,34.0,101,12202.960635093365,16584.076442509562,0.8945348837209303,0.9940697674418605,0.0,0.0,15.2290625,0.671875,1,6.173225101095506,nan,nan,nan
20266004,markov_burst,he_rm,retrospective_addendum,2.0327196782178216,2.016862623762376,4.049582301980198,7.0,12.0,12,1294.8736382858513,1260.3431898139268,0.8940285204991087,0.9962566844919786,0.0,0.0,17.13,0.8765625,1,2.8139425251204218,nan,nan,nan
20266004,forward_heavy,he_rm,retrospective_addendum,2.004950495049505,2.0,4.0049504950495045,13.0,13.0,13,1333.6296902780643,1331.9434070632815,0.8946808510638298,0.9948581560283688,0.0,0.0,17.5715625,0.88125,1,3.1045305078373144,nan,nan,nan
20266004,feedback_heavy,he_rm,retrospective_addendum,2.0,2.016398514851485,4.016398514851486,13.0,13.0,13,1073.3220013042926,1100.7652175019923,0.8931726907630522,0.9950914770191879,0.0,0.0,17.54875,0.875390625,1,3.157319384372806,nan,nan,nan
20266005,fixed,he_rm,retrospective_addendum,2.0,2.0,4.0,4.0,4.0,4,456.24070842155004,507.9601842502642,0.89875,0.995,0.0,0.0,19.95,1.0,1,2.038766140924774,nan,nan,nan
20266005,light_iid,he_rm,retrospective_addendum,2.0016398514851486,2.004238861386139,4.005878712871287,6.0,6.0,6,602.367383727127,639.5830194890133,0.8984615384615384,0.9951282051282051,0.0,0.0,18.2578125,0.9140625,1,2.290828261736872,nan,nan,nan
20266005,heavy_iid,he_rm,retrospective_addendum,2.0091274752475248,1.9972153465346534,4.006342821782178,12.0,12.0,22,1901.3512395867024,2045.1650774033455,0.8955980154122242,0.9942995883035997,0.0,0.0,14.810625,0.740078125,1,3.8915167918774314,nan,nan,nan
20266005,lognormal,he_rm,retrospective_addendum,2.3218595297029703,2.3590346534653466,4.680894183168316,14.0,34.0,125,6224.032883759759,17014.43936880828,0.8945202257761053,0.9945907808090311,0.0,0.0,14.9875,0.664375,1,5.971453812947145,nan,nan,nan
20266005,markov_burst,he_rm,retrospective_addendum,2.0199566831683167,2.0091274752475248,4.029084158415841,7.0,12.0,12,1354.0900450446934,1463.6535204257852,0.897675710713955,0.9952773404944902,0.0,0.0,17.074375,0.843671875,1,3.0013456683900004,nan,nan,nan
20266005,forward_heavy,he_rm,retrospective_addendum,2.0091274752475248,2.0,4.009127475247524,13.0,13.0,13,1427.8800521994733,1577.1163709668203,0.8967440187084008,0.995053067098399,0.0,0.0,17.45375,0.86859375,1,3.186714969601283,nan,nan,nan
20266005,feedback_heavy,he_rm,retrospective_addendum,2.0,1.9972153465346534,3.9972153465346536,13.0,13.0,13,1046.7404405407933,1117.4142836805772,0.897445059853493,0.9947293192781848,0.0,0.0,17.454375,0.87453125,1,3.148291961132913,nan,nan,nan
20266006,fixed,he_rm,retrospective_addendum,2.0,2.0,4.0,4.0,4.0,4,464.89776599252497,502.5636445949872,0.897109375,0.995,0.0,0.0,19.95,1.0,1,2.026564424287284,nan,nan,nan
20266006,light_iid,he_rm,retrospective_addendum,2.0016089108910893,1.9978032178217822,3.9994121287128714,6.0,6.0,6,578.4367049932127,619.5905448691609,0.8953379357368108,0.9949714480525015,0.0,0.0,18.22125,0.916640625,1,2.260798404489966,nan,nan,nan
20266006,heavy_iid,he_rm,retrospective_addendum,2.0083539603960396,1.994430693069307,4.002784653465347,12.0,22.0,22,1642.9819541550914,1887.2068402519726,0.8965588295899444,0.9956727797238821,0.0,0.0,14.85125,0.75828125,1,3.8787391262316775,nan,nan,nan
20266006,lognormal,he_rm,retrospective_addendum,2.331048886138614,2.3291460396039603,4.660194925742574,14.0,33.0,121,6976.175623230203,12374.41873245523,0.8935274712774428,0.9954498919349335,0.0,0.0,15.2425,0.686796875,1,5.657325496335744,nan,nan,nan
20266006,markov_burst,he_rm,retrospective_addendum,2.025371287128713,2.0215810643564356,4.046952351485149,7.0,12.0,12,1429.6397378501738,1388.5634557927415,0.8972914015633521,0.9958189420105436,0.0,0.0,17.1603125,0.85953125,1,2.9468704439643068,nan,nan,nan
20266006,forward_heavy,he_rm,retrospective_addendum,2.0083539603960396,2.0,4.00835396039604,13.0,13.0,13,1316.2371071170207,1446.978901043266,0.8960223307745987,0.9953768318213538,0.0,0.0,17.685,0.895625,1,3.108264098654246,nan,nan,nan
20266006,feedback_heavy,he_rm,retrospective_addendum,2.0,1.994430693069307,3.9944306930693068,13.0,13.0,13,943.1723711271029,1018.8910733129142,0.8951104800780904,0.9948531369243057,0.0,0.0,17.4559375,0.880390625,1,3.126987549431348,nan,nan,nan
20266007,fixed,he_rm,retrospective_addendum,2.0,2.0,4.0,4.0,4.0,4,540.0250016644527,607.8279309075829,0.897578125,0.995,0.0,0.0,19.95,1.0,1,2.0179735932712104,nan,nan,nan
20266007,light_iid,he_rm,retrospective_addendum,2.0010829207920793,1.9996596534653466,4.000742574257425,6.0,6.0,6,719.4952898616286,767.8195431550964,0.8984455073454048,0.9951315339938503,0.0,0.0,18.2528125,0.9146875,1,2.262594692847618,nan,nan,nan
20266007,heavy_iid,he_rm,retrospective_addendum,2.004641089108911,2.00990099009901,4.014542079207921,12.0,22.0,22,2072.21368357334,2336.7999660376217,0.8980905158772022,0.9955691528642262,0.0,0.0,14.869375,0.740546875,1,3.9466697008376572,nan,nan,nan
20266007,lognormal,he_rm,retrospective_addendum,2.318579826732673,2.3462407178217823,4.6648205445544555,14.0,33.0,83,10278.788153238478,10814.789032843302,0.8989504242965609,0.9946404644930773,0.0,0.0,15.3340625,0.6996875,1,5.420853008515111,nan,nan,nan
20266007,markov_burst,he_rm,retrospective_addendum,2.0244430693069306,1.981512995049505,4.005956064356436,7.0,12.0,12,1363.4598870725772,1598.0614826140436,0.8987203920500952,0.9950993738088756,0.0,0.0,17.03875,0.860859375,1,2.914850199343712,nan,nan,nan
20266007,forward_heavy,he_rm,retrospective_addendum,2.004641089108911,2.0,4.004641089108911,13.0,13.0,13,1436.8458198151873,1606.1800328213385,0.898726339996462,0.9949584291526623,0.0,0.0,17.5078125,0.88328125,1,3.1150787831233457,nan,nan,nan
20266007,feedback_heavy,he_rm,retrospective_addendum,2.0,2.00990099009901,4.00990099009901,13.0,13.0,13,1108.051952199629,1301.4934974395937,0.8986966292134831,0.9950561797752809,0.0,0.0,17.5021875,0.869140625,1,3.158583318632124,nan,nan,nan
20266008,fixed,he_rm,retrospective_addendum,2.0,2.0,4.0,4.0,4.0,4,407.1447906493962,495.64614124854074,0.894921875,0.995,0.0,0.0,19.95,1.0,1,2.0394505340972,nan,nan,nan
20266008,light_iid,he_rm,retrospective_addendum,2.001237623762376,1.9999071782178217,4.001144801980198,6.0,6.0,6,489.39575899167534,600.8564502262352,0.8945162118230815,0.9953802720506459,0.0,0.0,18.22875,0.913203125,1,2.2868222308967066,nan,nan,nan
20266008,heavy_iid,he_rm,retrospective_addendum,1.994740099009901,1.9952042079207921,3.9899443069306932,12.0,22.0,22,1274.4584836403337,1798.2539380613055,0.8921393244238661,0.9949489634852152,0.0,0.0,14.818125,0.742421875,1,4.012961700971213,nan,nan,nan
20266008,lognormal,he_rm,retrospective_addendum,2.3247524752475246,2.328697400990099,4.653449876237624,14.0,33.0,125,5873.289826758855,9414.403879333297,0.891491395793499,0.9943833652007649,0.0,0.0,14.8734375,0.65375,1,5.51051016437348,nan,nan,nan
20266008,markov_burst,he_rm,retrospective_addendum,1.9964418316831682,2.0100556930693068,4.006497524752476,7.0,12.0,12,1191.2923107181514,1408.2977247116007,0.8929361859092586,0.9950202877167097,0.0,0.0,17.151875,0.8471875,1,3.0107593300529283,nan,nan,nan
20266008,forward_heavy,he_rm,retrospective_addendum,1.994740099009901,2.0,3.994740099009901,13.0,13.0,13,1047.8732538346296,1337.0727610694125,0.8935102187163858,0.9955181068483328,0.0,0.0,17.469375,0.8715625,1,3.1575678095553394,nan,nan,nan
20266008,feedback_heavy,he_rm,retrospective_addendum,2.0,1.9952042079207921,3.995204207920792,13.0,13.0,13,769.1278040312123,1033.0493065593193,0.894404973357016,0.9955595026642984,0.0,0.0,17.501875,0.8796875,1,3.203364956371445,nan,nan,nan
20266009,fixed,he_rm,retrospective_addendum,2.0,2.0,4.0,4.0,4.0,4,519.2659647799853,548.235347414738,0.89921875,0.995,0.0,0.0,19.95,1.0,1,2.0170512899230233,nan,nan,nan
20266009,light_iid,he_rm,retrospective_addendum,1.994430693069307,2.0020111386138613,3.9964418316831685,6.0,6.0,6,659.4037980618626,683.2952829228415,0.9011672488710915,0.9950583624435546,0.0,0.0,18.275625,0.916953125,1,2.267519988405694,nan,nan,nan
20266009,heavy_iid,he_rm,retrospective_addendum,2.000773514851485,1.984839108910891,3.985612623762376,12.0,22.0,22,2155.1101867530206,2118.0128346633683,0.899823706315462,0.9949185937986104,0.0,0.0,14.9528125,0.753359375,1,3.9020607282911337,nan,nan,nan
20266009,lognormal,he_rm,retrospective_addendum,2.333818069306931,2.3445080445544555,4.678326113861386,14.0,34.0,78,8371.903107919356,13739.492510565142,0.9017690875232774,0.9941806331471136,0.0,0.0,15.0178125,0.67125,1,5.5511729212188845,nan,nan,nan
20266009,markov_burst,he_rm,retrospective_addendum,1.9860767326732673,2.010210396039604,3.996287128712871,7.0,12.0,12,1866.3795251863871,1637.0672114320225,0.9006120398282634,0.9952498401388509,0.0,0.0,17.1621875,0.855234375,1,2.9725964265293827,nan,nan,nan
20266009,forward_heavy,he_rm,retrospective_addendum,2.000773514851485,2.0,4.000773514851486,13.0,13.0,13,1658.882560527742,1606.4901184596652,0.9004886717014661,0.9946690359840071,0.0,0.0,17.5971875,0.879296875,1,3.159682311566506,nan,nan,nan
20266009,feedback_heavy,he_rm,retrospective_addendum,2.0,1.984839108910891,3.984839108910891,13.0,13.0,13,1074.8968139620767,1155.1095016838956,0.9007901668129938,0.9948200175592625,0.0,0.0,17.615,0.88984375,1,3.1119298168275655,nan,nan,nan
20266010,fixed,he_rm,retrospective_addendum,2.0,2.0,4.0,4.0,4.0,4,434.1122539055568,463.57812913084297,0.900546875,0.995,0.0,0.0,19.95,1.0,1,2.008303340544142,nan,nan,nan
20266010,light_iid,he_rm,retrospective_addendum,1.9956373762376238,2.0030012376237623,3.9986386138613863,6.0,6.0,6,556.3989173794084,587.7639962046438,0.8999829613222013,0.9953143636053842,0.0,0.0,18.224375,0.91703125,1,2.2497532948336514,nan,nan,nan
20266010,heavy_iid,he_rm,retrospective_addendum,1.989789603960396,2.0021658415841586,3.9919554455445545,12.0,22.0,22,1693.0686750954142,1663.4650930956143,0.9011045203518102,0.9960114542851299,0.0,0.0,14.785,0.76390625,1,3.8442824522642374,nan,nan,nan
20266010,lognormal,he_rm,retrospective_addendum,2.326825495049505,2.3261293316831684,4.652954826732674,14.0,33.0,125,7033.452844376452,6879.115341440389,0.901035802747129,0.9949335735194776,0.0,0.0,15.203125,0.69390625,1,5.252207807156871,nan,nan,nan
20266010,markov_burst,he_rm,retrospective_addendum,1.9988397277227723,1.9959777227722773,3.9948174504950495,7.0,12.0,12,1465.317313523936,1437.1595349308066,0.9002394988946205,0.9953021370670597,0.0,0.0,17.1503125,0.848125,1,2.991390952204727,nan,nan,nan
20266010,forward_heavy,he_rm,retrospective_addendum,1.989789603960396,2.0,3.989789603960396,13.0,13.0,13,1234.2274028434458,1264.2368162646544,0.9002460889435753,0.9951661100369134,0.0,0.0,17.5690625,0.88890625,1,3.121882534281299,nan,nan,nan
20266010,feedback_heavy,he_rm,retrospective_addendum,2.0,2.0021658415841586,4.002165841584159,13.0,13.0,13,861.4116860606927,893.920605515575,0.8986263258563728,0.9952182229177534,0.0,0.0,17.6265625,0.89859375,1,3.046226587300865,nan,nan,nan
20266011,fixed,he_rm,retrospective_addendum,2.0,2.0,4.0,4.0,4.0,4,413.62051319481947,479.9839160948913,0.9020634672502735,0.9949976551508519,0.0,0.0,19.940625,0.99953125,1,2.019064508342759,nan,nan,nan
20266011,light_iid,he_rm,retrospective_addendum,1.999009900990099,2.0000928217821783,3.9991027227722773,6.0,6.0,6,518.6604457820431,598.4127120334499,0.9008102345415778,0.9949680170575693,0.0,0.0,18.2746875,0.916015625,1,2.272195214111526,nan,nan,nan
20266011,heavy_iid,he_rm,retrospective_addendum,1.9989170792079207,1.9970606435643565,3.995977722772277,12.0,12.0,22,1741.7763343166534,2015.5468188987875,0.9027689706193194,0.9957725639399704,0.0,0.0,14.865,0.73921875,1,3.9607489487078213,nan,nan,nan
20266011,lognormal,he_rm,retrospective_addendum,2.334792698019802,2.363907797029703,4.698700495049505,14.0,34.0,104,8863.059036502458,18627.881164336944,0.9017417417417417,0.993993993993994,0.0,0.0,14.7775,0.650390625,1,5.842679117363109,nan,nan,nan
20266011,markov_burst,he_rm,retrospective_addendum,1.9808168316831682,2.023050742574257,4.003867574257426,7.0,12.0,12,1142.759083426546,1393.157471828897,0.900491059019735,0.9953673677383489,0.0,0.0,16.9925,0.843203125,1,3.0141952356825525,nan,nan,nan
20266011,forward_heavy,he_rm,retrospective_addendum,1.9989170792079207,2.0,3.9989170792079207,13.0,13.0,13,1184.9457767690137,1420.4845764605213,0.9010439903631658,0.9952708128848041,0.0,0.0,17.514375,0.875546875,1,3.1370782015571774,nan,nan,nan
20266011,feedback_heavy,he_rm,retrospective_addendum,2.0,1.9970606435643565,3.9970606435643563,13.0,13.0,13,878.9831434001472,1067.5118229642328,0.9007237959074256,0.9949066213921901,0.0,0.0,17.536875,0.874296875,1,3.156226009475437,nan,nan,nan
