seed,profile,method,inflight_beta,forward_mean,feedback_mean,round_trip_mean,round_trip_p95,round_trip_p99,round_trip_max,post_cost,total_cost,delivery_rate,ack_rate,redundant_attempt_rate,stale_arrival_rate,mean_inflight_per_slot,max_inflight_count,detected_fraction,calendar_delay,observation_delay
20266000,fixed,true,,2.0,2.0,4.0,4.0,4.0,4,1211.1542432288109,1191.2234652080238,0.897421875,0.995,0.672890625,0.0,19.95,5,nan,nan,nan
20266000,fixed,sco,,2.0,2.0,4.0,4.0,4.0,4,3429.5205630529936,3389.0647411945347,0.8975,0.995,0.800390625,0.0,19.95,5,0.9230769230769231,44.47222222222222,7.416666666666667
20266000,fixed,forced,,2.0,2.0,4.0,4.0,4.0,4,3172.22690827481,3166.158788472995,0.89765625,0.995,0.790390625,0.0,19.95,5,0.9487179487179487,44.4054054054054,7.378378378378378
20266000,fixed,pa16,16.0,2.0,2.0,4.0,4.0,4.0,4,414.21307058935815,427.34987387434876,0.89890625,0.995,0.2771875,0.0,19.95,5,0.9230769230769231,45.611111111111114,7.444444444444445
20266000,fixed,stopwait,1000000.0,2.0,2.0,4.0,4.0,4.0,4,482.8029007787802,504.4709668317399,0.898046875,0.995,0.0,0.0,19.95,1,0.9743589743589743,43.23684210526316,7.447368421052632
20266000,light_iid,true,,1.9996596534653466,1.9999690594059405,3.9996287128712873,6.0,6.0,6,1051.1900962469267,1040.4638057626214,0.71046875,0.995,0.651015625,0.08501566306996171,19.8884375,6,nan,nan,nan
20266000,light_iid,sco,,1.9996596534653466,1.9999690594059405,3.9996287128712873,6.0,6.0,6,2691.9307605293147,2701.5557886620795,0.68109375,0.994765625,0.7803125,0.11068602730197374,19.8815625,7,0.9743589743589743,45.86842105263158,7.657894736842105
20266000,light_iid,forced,,1.9996596534653466,1.9999690594059405,3.9996287128712873,6.0,6.0,6,2592.198833956366,2587.1766914512114,0.684296875,0.995078125,0.77234375,0.11012526096033402,19.879375,7,0.9230769230769231,54.083333333333336,9.083333333333334
20266000,light_iid,pa16,16.0,1.9996596534653466,1.9999690594059405,3.9996287128712873,6.0,6.0,6,446.5650722982279,455.3422661804397,0.8640625,0.99515625,0.33125,0.017824536996782887,19.880625,7,0.9230769230769231,47.361111111111114,7.694444444444445
20266000,light_iid,stopwait,1000000.0,1.9996596534653466,1.9999690594059405,3.9996287128712873,6.0,6.0,6,510.7172833161835,532.3165283540033,0.89265625,0.995,0.09015625,0.0038254216657972527,19.900625,4,0.9743589743589743,45.68421052631579,7.578947368421052
20266000,heavy_iid,true,,1.9856126237623761,1.9924195544554455,3.9780321782178216,12.0,12.0,22,562.0900986038674,555.6771581636707,0.82140625,0.994609375,0.672890625,0.06642291285801341,19.8053125,6,nan,nan,nan
20266000,heavy_iid,sco,,1.9856126237623761,1.9924195544554455,3.9780321782178216,12.0,12.0,22,1217.5965521223984,1223.9090565213683,0.83265625,0.99484375,0.74375,0.06352797841789226,19.7446875,8,0.9743589743589743,47.28947368421053,7.815789473684211
20266000,heavy_iid,forced,,1.9856126237623761,1.9924195544554455,3.9780321782178216,12.0,12.0,22,1206.0650079169827,1199.0826557535559,0.83171875,0.99484375,0.74,0.06541974771639844,19.729375,8,0.8974358974358975,45.94285714285714,7.457142857142857
20266000,heavy_iid,pa16,16.0,1.9856126237623761,1.9924195544554455,3.9780321782178216,12.0,12.0,22,464.57215911196175,464.5617726672963,0.818359375,0.994921875,0.380859375,0.07321102512824972,19.756875,7,0.8461538461538461,46.90909090909091,7.484848484848484
20266000,heavy_iid,stopwait,1000000.0,1.9856126237623761,1.9924195544554455,3.9780321782178216,12.0,12.0,22,1214.6178936985516,1255.1825637925094,0.88171875,0.995234375,0.085,0.014774900052146706,19.755625,6,0.9487179487179487,44.432432432432435,7.4324324324324325
20266000,lognormal,true,,2.351144801980198,2.3365872524752476,4.687732054455446,14.0,34.0,123,723.5385781729001,713.6870234663945,0.757421875,0.9934375,0.702265625,0.0817374651810585,22.651875,8,nan,nan,nan
20266000,lognormal,sco,,2.351144801980198,2.3365872524752476,4.687732054455446,14.0,34.0,123,1740.1450314940578,1748.4745700653375,0.741171875,0.99390625,0.789140625,0.08690735102218355,22.7046875,10,0.9230769230769231,48.083333333333336,7.666666666666667
20266000,lognormal,forced,,2.351144801980198,2.3365872524752476,4.687732054455446,14.0,34.0,123,1639.4566664460142,1670.5034579576024,0.743515625,0.994140625,0.784765625,0.08506007313250914,22.708125,10,0.9487179487179487,48.78378378378378,7.594594594594595
20266000,lognormal,pa16,16.0,2.351144801980198,2.3365872524752476,4.687732054455446,14.0,34.0,123,537.7598252149297,544.0777317319006,0.8146875,0.993984375,0.454765625,0.056159262801008435,22.693125,8,0.9230769230769231,47.611111111111114,7.638888888888889
20266000,lognormal,stopwait,1000000.0,2.351144801980198,2.3365872524752476,4.687732054455446,14.0,34.0,123,924.2098697610855,946.2180886134513,0.858671875,0.9934375,0.20875,0.029624466323952253,22.6015625,7,0.8974358974358975,43.82857142857143,7.685714285714286
20266000,markov_burst,true,,1.979115099009901,2.0099783415841586,3.9890934405940595,7.0,12.0,12,753.4558743276223,764.4743034456226,0.8184375,0.995,0.62234375,0.07262277951933124,20.203125,12,nan,nan,nan
20266000,markov_burst,sco,,1.979115099009901,2.0099783415841586,3.9890934405940595,7.0,12.0,12,2058.021093111585,2125.508302435668,0.818359375,0.993984375,0.755625,0.05815269435013493,20.18875,13,0.9743589743589743,52.28947368421053,7.447368421052632
20266000,markov_burst,forced,,1.979115099009901,2.0099783415841586,3.9890934405940595,7.0,12.0,12,1877.0177212290032,1981.3575830122345,0.820859375,0.994609375,0.745546875,0.05608695652173913,20.18,13,0.9743589743589743,50.0,7.684210526315789
20266000,markov_burst,pa16,16.0,1.979115099009901,2.0099783415841586,3.9890934405940595,7.0,12.0,12,474.95699804063065,492.0522519849831,0.865625,0.995078125,0.3275,0.021408058480549996,20.1771875,12,0.9487179487179487,47.513513513513516,7.378378378378378
20266000,markov_burst,stopwait,1000000.0,1.979115099009901,2.0099783415841586,3.9890934405940595,7.0,12.0,12,1051.365322793698,1102.6963872490965,0.8934375,0.994921875,0.0771875,0.003652809184205949,20.0,6,0.9743589743589743,46.0,7.368421052631579
20266000,forward_heavy,true,,1.9856126237623761,2.0,3.985612623762376,13.0,13.0,13,562.0900986038674,555.6771581636707,0.82140625,0.9946875,0.618828125,0.06642291285801341,19.8534375,6,nan,nan,nan
20266000,forward_heavy,sco,,1.9856126237623761,2.0,3.985612623762376,13.0,13.0,13,1981.045493852258,1950.4703963657203,0.8365625,0.995234375,0.769921875,0.06732191006349482,19.8121875,7,0.9230769230769231,45.388888888888886,7.527777777777778
20266000,forward_heavy,forced,,1.9856126237623761,2.0,3.985612623762376,13.0,13.0,13,1876.7043632694688,1837.9393689248282,0.834375,0.994921875,0.762265625,0.06749107376121223,19.81,7,0.9743589743589743,43.86842105263158,7.526315789473684
20266000,forward_heavy,pa16,16.0,1.9856126237623761,2.0,3.985612623762376,13.0,13.0,13,447.7229313506889,451.72680822727534,0.820625,0.9953125,0.3046875,0.07041641310962357,19.836875,7,0.9230769230769231,46.138888888888886,7.388888888888889
20266000,forward_heavy,stopwait,1000000.0,1.9856126237623761,2.0,3.985612623762376,13.0,13.0,13,971.307727587497,967.8591304580117,0.879765625,0.99515625,0.06328125,0.016001391425341335,19.875625,5,0.9743589743589743,46.5,7.5
20266000,feedback_heavy,true,,2.0,1.9924195544554455,3.9924195544554455,13.0,13.0,13,1211.1542432288109,1191.2234652080238,0.897421875,0.994765625,0.717265625,0.0,19.9178125,6,nan,nan,nan
20266000,feedback_heavy,sco,,2.0,1.9924195544554455,3.9924195544554455,13.0,13.0,13,2300.6644022025416,2296.688503872606,0.897890625,0.994921875,0.76984375,0.0,19.8778125,7,0.8974358974358975,44.51428571428571,7.514285714285714
20266000,feedback_heavy,forced,,2.0,1.9924195544554455,3.9924195544554455,13.0,13.0,13,2198.195669042244,2189.1959403760297,0.89765625,0.994765625,0.763359375,0.0,19.845625,7,0.9487179487179487,41.4054054054054,7.243243243243243
20266000,feedback_heavy,pa16,16.0,2.0,1.9924195544554455,3.9924195544554455,13.0,13.0,13,463.81518167324526,469.9738303726033,0.898359375,0.99515625,0.3071875,0.0,19.870625,7,0.9487179487179487,48.67567567567568,7.5675675675675675
20266000,feedback_heavy,stopwait,1000000.0,2.0,1.9924195544554455,3.9924195544554455,13.0,13.0,13,753.8023554950969,762.4916284857613,0.898359375,0.99515625,0.059296875,0.0,19.8346875,4,0.9487179487179487,44.62162162162162,7.486486486486487
20266001,fixed,true,,2.0,2.0,4.0,4.0,4.0,4,1169.0832517250542,1120.5794766366669,0.896484375,0.995,0.67328125,0.0,19.95,5,nan,nan,nan
20266001,fixed,sco,,2.0,2.0,4.0,4.0,4.0,4,3389.962322057904,3298.0239349156714,0.8946875,0.995,0.800859375,0.0,19.95,5,0.9666666666666667,45.172413793103445,7.517241379310345
20266001,fixed,forced,,2.0,2.0,4.0,4.0,4.0,4,3143.2671512050592,3070.305419684669,0.89453125,0.995,0.789921875,0.00043649061545176777,19.95,5,0.9666666666666667,45.689655172413794,7.551724137931035
20266001,fixed,pa16,16.0,2.0,2.0,4.0,4.0,4.0,4,424.22340250390613,425.05530349544404,0.895546875,0.995,0.262734375,0.0,19.95,5,0.9666666666666667,46.241379310344826,7.448275862068965
20266001,fixed,stopwait,1000000.0,2.0,2.0,4.0,4.0,4.0,4,455.8886848650325,479.7368498271295,0.896953125,0.995,0.0,0.0,19.95,1,0.9333333333333333,42.07142857142857,7.25
20266001,light_iid,true,,1.9997834158415841,1.9951113861386138,3.994894801980198,6.0,6.0,6,1024.6061336349412,980.6589846879463,0.702265625,0.99515625,0.6528125,0.08857890148212728,19.958125,6,nan,nan,nan
20266001,light_iid,sco,,1.9997834158415841,1.9951113861386138,3.994894801980198,6.0,6.0,6,2751.7019819624556,2645.066074934115,0.679296875,0.995078125,0.781328125,0.11581427823354862,19.9765625,7,1.0,46.233333333333334,7.6
20266001,light_iid,forced,,1.9997834158415841,1.9951113861386138,3.994894801980198,6.0,6.0,6,2621.8397230662968,2552.8419364104366,0.682890625,0.995625,0.773125,0.1124105428521557,19.9778125,7,0.9333333333333333,49.285714285714285,7.678571428571429
20266001,light_iid,pa16,16.0,1.9997834158415841,1.9951113861386138,3.994894801980198,6.0,6.0,6,446.46382220836426,447.42490766482376,0.86109375,0.995234375,0.3265625,0.01727145847871598,19.9678125,6,0.9666666666666667,45.3448275862069,7.413793103448276
20266001,light_iid,stopwait,1000000.0,1.9997834158415841,1.9951113861386138,3.994894801980198,6.0,6.0,6,504.8370674704015,516.6722760245488,0.8903125,0.99484375,0.096171875,0.0029660647300008723,19.9890625,4,0.9333333333333333,42.42857142857143,7.357142857142857
20266001,heavy_iid,true,,2.0071163366336635,1.9969059405940595,4.0040222772277225,12.0,12.0,22,535.7298013370296,521.8262367573788,0.8178125,0.995078125,0.67890625,0.06520223152022316,20.2225,7,nan,nan,nan
20266001,heavy_iid,sco,,2.0071163366336635,1.9969059405940595,4.0040222772277225,12.0,12.0,22,1231.3188842766208,1219.445629317505,0.830390625,0.99515625,0.74828125,0.06570107320478143,20.3125,8,0.9333333333333333,45.75,7.5
20266001,heavy_iid,forced,,2.0071163366336635,1.9969059405940595,4.0040222772277225,12.0,12.0,22,1209.9326382963698,1185.5466435930666,0.82734375,0.99453125,0.7434375,0.06749912679008034,20.3171875,8,0.9,43.25925925925926,7.444444444444445
20266001,heavy_iid,pa16,16.0,2.0071163366336635,1.9969059405940595,4.0040222772277225,12.0,12.0,22,471.3794957543321,467.64593357188005,0.812734375,0.995078125,0.39421875,0.07706406004538313,20.2746875,8,0.9333333333333333,45.32142857142857,7.321428571428571
20266001,heavy_iid,stopwait,1000000.0,2.0071163366336635,1.9969059405940595,4.0040222772277225,12.0,12.0,22,1192.5042043496474,1186.7433718137318,0.874296875,0.9946875,0.106171875,0.017450484250937964,20.2446875,7,0.9666666666666667,45.51724137931034,7.551724137931035
20266001,lognormal,true,,2.349381188118812,2.336664603960396,4.686045792079208,14.0,33.0,86,714.5710177748964,670.1826981551401,0.75328125,0.993984375,0.705390625,0.08475758632717126,22.8534375,8,nan,nan,nan
20266001,lognormal,sco,,2.349381188118812,2.336664603960396,4.686045792079208,14.0,33.0,86,1830.3211946252989,1736.9639100308161,0.734140625,0.99390625,0.788046875,0.0948803075310152,22.8953125,9,0.8666666666666667,45.42307692307692,7.423076923076923
20266001,lognormal,forced,,2.349381188118812,2.336664603960396,4.686045792079208,14.0,33.0,86,1694.3247480640134,1640.8391586108899,0.734140625,0.99453125,0.78453125,0.0941320293398533,22.8721875,9,0.9,44.666666666666664,7.296296296296297
20266001,lognormal,pa16,16.0,2.349381188118812,2.336664603960396,4.686045792079208,14.0,33.0,86,560.3470493812456,535.6568471822786,0.808984375,0.9940625,0.450234375,0.06198166739415103,22.865,9,0.8333333333333334,49.0,7.32
20266001,lognormal,stopwait,1000000.0,2.349381188118812,2.336664603960396,4.686045792079208,14.0,33.0,86,880.4446896228376,880.4824906214479,0.85203125,0.993828125,0.22296875,0.03385098586634095,22.8465625,8,0.9666666666666667,46.58620689655172,7.413793103448276
20266001,markov_burst,true,,2.0169399752475248,1.9871596534653466,4.004099628712871,7.0,12.0,12,734.9112929334539,706.8334981247388,0.81578125,0.994609375,0.625859375,0.07478427612655801,20.108125,13,nan,nan,nan
20266001,markov_burst,sco,,2.0169399752475248,1.9871596534653466,4.004099628712871,7.0,12.0,12,2104.9540159458384,2081.343715836071,0.81796875,0.994453125,0.75453125,0.05588978986834074,20.1084375,13,0.9333333333333333,49.0,7.75
20266001,markov_burst,forced,,2.0169399752475248,1.9871596534653466,4.004099628712871,7.0,12.0,12,2000.5032303019102,1974.5973445191146,0.818125,0.994921875,0.7475,0.05529873528129089,20.1028125,13,1.0,49.13333333333333,7.6
20266001,markov_burst,pa16,16.0,2.0169399752475248,1.9871596534653466,4.004099628712871,7.0,12.0,12,520.4992651160134,493.63873763540056,0.863046875,0.995078125,0.33703125,0.02224354501046755,20.0875,11,0.9666666666666667,47.724137931034484,7.586206896551724
20266001,markov_burst,stopwait,1000000.0,2.0169399752475248,1.9871596534653466,4.004099628712871,7.0,12.0,12,1125.1228251682733,1047.5508069308926,0.892578125,0.995234375,0.06671875,0.003397804495556717,19.8409375,8,1.0,44.333333333333336,7.666666666666667
20266001,forward_heavy,true,,2.0071163366336635,2.0,4.007116336633663,13.0,13.0,13,535.7298013370296,521.8262367573788,0.8178125,0.995390625,0.623125,0.06520223152022316,20.0365625,7,nan,nan,nan
20266001,forward_heavy,sco,,2.0071163366336635,2.0,4.007116336633663,13.0,13.0,13,1956.521899214555,1913.843924622257,0.83171875,0.995390625,0.770078125,0.07005146994678531,20.080625,7,0.9333333333333333,45.17857142857143,7.428571428571429
20266001,forward_heavy,forced,,2.0071163366336635,2.0,4.007116336633663,13.0,13.0,13,1879.039722196698,1843.6549609125552,0.829140625,0.995078125,0.76375,0.07199581115280565,20.0853125,7,0.9666666666666667,45.275862068965516,7.413793103448276
20266001,forward_heavy,pa16,16.0,2.0071163366336635,2.0,4.007116336633663,13.0,13.0,13,452.1963956143576,453.51493540845854,0.816640625,0.99421875,0.3109375,0.06946504930622219,20.0409375,6,1.0,45.43333333333333,7.433333333333334
20266001,forward_heavy,stopwait,1000000.0,2.0071163366336635,2.0,4.007116336633663,13.0,13.0,13,923.8308614126706,959.4777094658076,0.877421875,0.994609375,0.07484375,0.016216216216216217,20.1175,5,0.9666666666666667,43.58620689655172,7.413793103448276
20266001,feedback_heavy,true,,2.0,1.9969059405940595,3.9969059405940595,13.0,13.0,13,1169.0832517250542,1120.5794766366669,0.896484375,0.995234375,0.718984375,0.0,20.13,5,nan,nan,nan
20266001,feedback_heavy,sco,,2.0,1.9969059405940595,3.9969059405940595,13.0,13.0,13,2285.029043912429,2252.6566976141444,0.895,0.995,0.76921875,0.0,20.1903125,7,1.0,42.7,7.566666666666666
20266001,feedback_heavy,forced,,2.0,1.9969059405940595,3.9969059405940595,13.0,13.0,13,2169.451683036528,2128.900988055348,0.8946875,0.99453125,0.763203125,0.00043641441913240813,20.1796875,8,1.0,42.46666666666667,7.4
20266001,feedback_heavy,pa16,16.0,2.0,1.9969059405940595,3.9969059405940595,13.0,13.0,13,448.8646748622683,454.5027720833568,0.8953125,0.994609375,0.3159375,0.0,20.190625,7,0.9333333333333333,46.5,7.464285714285714
20266001,feedback_heavy,stopwait,1000000.0,2.0,1.9969059405940595,3.9969059405940595,13.0,13.0,13,718.2405948580542,722.0399126893271,0.8959375,0.99453125,0.075546875,0.0,20.1259375,5,0.9666666666666667,44.48275862068966,7.310344827586207
20266002,fixed,true,,2.0,2.0,4.0,4.0,4.0,4,1426.4046249255466,1517.635093096581,0.89546875,0.995,0.6746875,0.0,19.95,5,nan,nan,nan
20266002,fixed,sco,,2.0,2.0,4.0,4.0,4.0,4,4025.391691572252,4249.775923370894,0.895546875,0.995,0.8003125,0.0,19.95,5,0.9,46.03703703703704,7.481481481481482
20266002,fixed,forced,,2.0,2.0,4.0,4.0,4.0,4,3713.953468511325,3987.2682795344367,0.895625,0.995,0.79109375,8.722197993894462e-05,19.95,5,1.0,49.03333333333333,7.533333333333333
20266002,fixed,pa16,16.0,2.0,2.0,4.0,4.0,4.0,4,509.0655757095448,547.9423265419822,0.895546875,0.995,0.274375,0.0,19.95,5,1.0,45.46666666666667,7.3
20266002,fixed,stopwait,1000000.0,2.0,2.0,4.0,4.0,4.0,4,574.2123859378474,643.8703138555242,0.89796875,0.995,0.0,0.0,19.95,1,1.0,41.43333333333333,7.133333333333334
20266002,light_iid,true,,2.005259900990099,2.0008044554455444,4.006064356435644,6.0,6.0,6,1205.2554440932709,1275.2449594279242,0.704609375,0.994921875,0.64796875,0.09076641381114309,20.01,6,nan,nan,nan
20266002,light_iid,sco,,2.005259900990099,2.0008044554455444,4.006064356435644,6.0,6.0,6,3130.419752690083,3363.8697994288777,0.681328125,0.9953125,0.77953125,0.11757522895769734,19.9784375,7,1.0,45.3,7.366666666666666
20266002,light_iid,forced,,2.005259900990099,2.0008044554455444,4.006064356435644,6.0,6.0,6,2914.3684437040865,3169.6817129867904,0.6871875,0.99484375,0.77125,0.11385663145027504,19.9784375,7,1.0,44.333333333333336,7.366666666666666
20266002,light_iid,pa16,16.0,2.005259900990099,2.0008044554455444,4.006064356435644,6.0,6.0,6,524.5699587094309,569.1543938463202,0.86125,0.995234375,0.341328125,0.01761576698351792,19.99,6,0.9666666666666667,46.89655172413793,7.379310344827586
20266002,light_iid,stopwait,1000000.0,2.005259900990099,2.0008044554455444,4.006064356435644,6.0,6.0,6,602.6323761761383,671.0760911644422,0.89109375,0.995,0.097265625,0.003480076561684357,19.975625,4,1.0,43.06666666666667,7.333333333333333
20266002,heavy_iid,true,,2.00572400990099,2.0068069306930694,4.0125309405940595,12.0,12.0,22,654.5773322683752,692.8258061896438,0.818515625,0.994765625,0.681171875,0.06331211301997035,20.0296875,7,nan,nan,nan
20266002,heavy_iid,sco,,2.00572400990099,2.0068069306930694,4.0125309405940595,12.0,12.0,22,1468.2587858215436,1574.8804064525812,0.8296875,0.99453125,0.744375,0.06462317701510785,20.0296875,8,0.9,45.333333333333336,7.222222222222222
20266002,heavy_iid,forced,,2.00572400990099,2.0068069306930694,4.0125309405940595,12.0,12.0,22,1393.5253336121773,1517.304618920281,0.829609375,0.994296875,0.74109375,0.06486250545613269,19.996875,8,0.9666666666666667,43.13793103448276,7.379310344827586
20266002,heavy_iid,pa16,16.0,2.00572400990099,2.0068069306930694,4.0125309405940595,12.0,12.0,22,552.7376074491524,594.5451542199447,0.817109375,0.995234375,0.39390625,0.07499781983081887,20.0165625,7,0.9666666666666667,47.241379310344826,7.413793103448276
20266002,heavy_iid,stopwait,1000000.0,2.00572400990099,2.0068069306930694,4.0125309405940595,12.0,12.0,22,1422.0508976920655,1584.5099349172294,0.882109375,0.995390625,0.0953125,0.013749891219215039,19.9859375,5,1.0,45.766666666666666,7.433333333333334
20266002,lognormal,true,,2.3318842821782177,2.297478341584158,4.629362623762376,14.0,33.0,91,845.2919437934014,894.5243378015851,0.75484375,0.994375,0.69921875,0.08374771002355404,22.3196875,7,nan,nan,nan
20266002,lognormal,sco,,2.3318842821782177,2.297478341584158,4.629362623762376,14.0,33.0,91,2120.7667455545034,2207.3635863627746,0.73328125,0.994375,0.7846875,0.08882296483727424,22.214375,9,0.9666666666666667,47.172413793103445,7.344827586206897
20266002,lognormal,forced,,2.3318842821782177,2.297478341584158,4.629362623762376,14.0,33.0,91,2023.1650301624354,2113.3257620946342,0.73515625,0.99421875,0.77828125,0.08732443513914333,22.2378125,9,1.0,47.6,7.566666666666666
20266002,lognormal,pa16,16.0,2.3318842821782177,2.297478341584158,4.629362623762376,14.0,33.0,91,642.651733365198,685.9334278752577,0.813671875,0.993828125,0.44203125,0.05465339619346953,22.22875,9,0.8333333333333334,49.96,7.44
20266002,lognormal,stopwait,1000000.0,2.3318842821782177,2.297478341584158,4.629362623762376,14.0,33.0,91,1089.7292509530212,1179.514909949121,0.8603125,0.994609375,0.19484375,0.029191355873126525,22.2228125,7,0.9333333333333333,42.142857142857146,7.321428571428571
20266002,markov_burst,true,,1.9891707920792079,2.015238242574257,4.004409034653466,7.0,12.0,12,906.6110607102776,994.1810822793376,0.807265625,0.9959375,0.626328125,0.07983962346378454,20.106875,10,nan,nan,nan
20266002,markov_burst,sco,,1.9891707920792079,2.015238242574257,4.004409034653466,7.0,12.0,12,2338.5123802344433,2662.871381804489,0.81203125,0.994921875,0.75296875,0.05849533606485921,20.0990625,13,1.0,49.13333333333333,7.433333333333334
20266002,markov_burst,forced,,1.9891707920792079,2.015238242574257,4.004409034653466,7.0,12.0,12,2273.7117239995855,2551.325554758656,0.812421875,0.995546875,0.745078125,0.05913088914046852,20.0896875,13,1.0,47.666666666666664,7.266666666666667
20266002,markov_burst,pa16,16.0,1.9891707920792079,2.015238242574257,4.004409034653466,7.0,12.0,12,592.591425316548,661.8355888639371,0.86046875,0.9953125,0.3421875,0.025473261798831023,20.096875,11,0.9666666666666667,47.93103448275862,7.448275862068965
20266002,markov_burst,stopwait,1000000.0,1.9891707920792079,2.015238242574257,4.004409034653466,7.0,12.0,12,1249.0629513573958,1429.8387665944974,0.89078125,0.9953125,0.07375,0.0037511995114716916,19.925,6,0.9666666666666667,47.0,7.275862068965517
20266002,forward_heavy,true,,2.00572400990099,2.0,4.00572400990099,13.0,13.0,13,654.5773322683752,692.8258061896438,0.818515625,0.99515625,0.624140625,0.06331211301997035,19.96625,7,nan,nan,nan
20266002,forward_heavy,sco,,2.00572400990099,2.0,4.00572400990099,13.0,13.0,13,2293.8914238543184,2442.667876926753,0.833671875,0.995,0.76921875,0.06821353803210049,19.9075,6,0.9666666666666667,45.62068965517241,7.310344827586207
20266002,forward_heavy,forced,,2.00572400990099,2.0,4.00572400990099,13.0,13.0,13,2196.4402031093687,2313.213789690595,0.83078125,0.994765625,0.76234375,0.07048765593649133,19.93125,7,0.9666666666666667,46.03448275862069,7.448275862068965
20266002,forward_heavy,pa16,16.0,2.00572400990099,2.0,4.00572400990099,13.0,13.0,13,535.0282454358602,571.0263602281805,0.818203125,0.995390625,0.31,0.06975324788560468,19.906875,6,0.8666666666666667,45.73076923076923,7.1923076923076925
20266002,forward_heavy,stopwait,1000000.0,2.00572400990099,2.0,4.00572400990099,13.0,13.0,13,1055.2922003462977,1182.1205441533841,0.8809375,0.9953125,0.062890625,0.013224290934400557,19.8934375,5,0.9666666666666667,46.03448275862069,7.344827586206897
20266002,feedback_heavy,true,,2.0,2.0068069306930694,4.006806930693069,13.0,13.0,13,1426.4046249255466,1517.635093096581,0.89546875,0.994921875,0.721953125,0.0,20.02875,6,nan,nan,nan
20266002,feedback_heavy,sco,,2.0,2.0068069306930694,4.006806930693069,13.0,13.0,13,2728.106867993908,2915.440388834358,0.89578125,0.994921875,0.770546875,0.0,20.014375,8,0.9666666666666667,43.51724137931034,7.379310344827586
20266002,feedback_heavy,forced,,2.0,2.0068069306930694,4.006806930693069,13.0,13.0,13,2617.1686500403807,2754.786134792528,0.895625,0.995078125,0.763671875,8.722197993894462e-05,20.015625,7,0.9666666666666667,44.37931034482759,7.310344827586207
20266002,feedback_heavy,pa16,16.0,2.0,2.0068069306930694,4.006806930693069,13.0,13.0,13,546.2445377485474,587.5749157546497,0.8953125,0.995234375,0.311796875,0.0,20.0234375,7,0.9666666666666667,49.44827586206897,7.586206896551724
20266002,feedback_heavy,stopwait,1000000.0,2.0,2.0068069306930694,4.006806930693069,13.0,13.0,13,888.9775730414839,978.9631343305418,0.897421875,0.994921875,0.072265625,0.0,20.0215625,5,0.9666666666666667,44.793103448275865,7.137931034482759
20266003,fixed,true,,2.0,2.0,4.0,4.0,4.0,4,1017.2631371571903,1092.0143743957847,0.895859375,0.995,0.674140625,0.0,19.95,5,nan,nan,nan
20266003,fixed,sco,,2.0,2.0,4.0,4.0,4.0,4,2939.920117537206,3128.1238756038138,0.897109375,0.995,0.8009375,0.0,19.95,5,0.9142857142857143,44.1875,7.5625
20266003,fixed,forced,,2.0,2.0,4.0,4.0,4.0,4,2742.2655742505976,2923.286529133001,0.896953125,0.995,0.79140625,0.0,19.95,5,0.8857142857142857,41.25806451612903,7.354838709677419
20266003,fixed,pa16,16.0,2.0,2.0,4.0,4.0,4.0,4,369.31604463578026,411.2739311018994,0.89703125,0.995,0.28515625,0.0,19.95,5,0.9714285714285714,45.529411764705884,7.647058823529412
20266003,fixed,stopwait,1000000.0,2.0,2.0,4.0,4.0,4.0,4,420.54825818035073,482.60517249157317,0.8971875,0.995,0.0,0.0,19.95,1,0.9428571428571428,43.42424242424242,7.666666666666667
20266003,light_iid,true,,2.000928217821782,2.0070544554455445,4.0079826732673265,6.0,6.0,6,874.4085800950926,923.8404348825386,0.706015625,0.995234375,0.650234375,0.08847862056953758,19.9371875,6,nan,nan,nan
20266003,light_iid,sco,,2.000928217821782,2.0070544554455445,4.0079826732673265,6.0,6.0,6,2390.9006039251412,2516.342904810158,0.676640625,0.994453125,0.781171875,0.11929641239986068,19.9509375,7,0.9714285714285714,44.94117647058823,7.529411764705882
20266003,light_iid,forced,,2.000928217821782,2.0070544554455445,4.0079826732673265,6.0,6.0,6,2168.649716322342,2323.473358527256,0.68125,0.995078125,0.770625,0.11732427488894695,19.94875,7,1.0,44.885714285714286,7.628571428571429
20266003,light_iid,pa16,16.0,2.000928217821782,2.0070544554455445,4.0079826732673265,6.0,6.0,6,388.5887183678289,427.8360263589103,0.858515625,0.995,0.344921875,0.02029439944255727,19.9409375,7,0.9428571428571428,44.93939393939394,7.454545454545454
20266003,light_iid,stopwait,1000000.0,2.000928217821782,2.0070544554455445,4.0079826732673265,6.0,6.0,6,444.31516540135203,502.3742498822056,0.8909375,0.994765625,0.098515625,0.0036594928988411607,19.96125,4,0.9142857142857143,41.65625,7.25
20266003,heavy_iid,true,,2.005259900990099,1.9777227722772277,3.9829826732673266,12.0,22.0,22,468.0298055104036,509.05619582185614,0.818125,0.995234375,0.67796875,0.06750871080139373,19.865625,8,nan,nan,nan
20266003,heavy_iid,sco,,2.005259900990099,1.9777227722772277,3.9829826732673266,12.0,22.0,22,1079.8436999613446,1148.5050240711244,0.83015625,0.995859375,0.74875,0.06703813337976668,19.955,8,0.8285714285714286,45.0,7.379310344827586
20266003,heavy_iid,forced,,2.005259900990099,1.9777227722772277,3.9829826732673266,12.0,22.0,22,1027.687700770969,1114.1107048487204,0.830234375,0.996015625,0.7421875,0.0673687875359039,19.9334375,8,0.8857142857142857,43.74193548387097,7.387096774193548
20266003,heavy_iid,pa16,16.0,2.005259900990099,1.9777227722772277,3.9829826732673266,12.0,22.0,22,401.99392117904824,440.16524307767554,0.814140625,0.994453125,0.3928125,0.07770122961541816,19.9646875,7,0.8571428571428571,44.833333333333336,7.666666666666667
20266003,heavy_iid,stopwait,1000000.0,2.005259900990099,1.9777227722772277,3.9829826732673266,12.0,22.0,22,978.6737803167532,1136.7414609213035,0.87921875,0.9953125,0.0946875,0.01645481455685182,19.938125,5,0.8857142857142857,44.29032258064516,7.161290322580645
20266003,lognormal,true,,2.3176361386138615,2.333601485148515,4.651237623762376,14.0,33.0,109,603.8348854298157,649.9691341755414,0.755234375,0.9946875,0.70609375,0.07853905160390516,22.710625,7,nan,nan,nan
20266003,lognormal,sco,,2.3176361386138615,2.333601485148515,4.651237623762376,14.0,33.0,109,1531.375763333078,1619.772016523813,0.736796875,0.99390625,0.78953125,0.08719916288803628,22.6565625,9,0.9428571428571428,43.27272727272727,7.393939393939394
20266003,lognormal,forced,,2.3176361386138615,2.333601485148515,4.651237623762376,14.0,33.0,109,1441.441814899499,1562.7928197366546,0.739140625,0.99390625,0.783125,0.0860158771700253,22.645625,8,0.8285714285714286,44.51724137931034,7.620689655172414
20266003,lognormal,pa16,16.0,2.3176361386138615,2.333601485148515,4.651237623762376,14.0,33.0,109,476.63431470223213,511.3111126813262,0.8165625,0.99328125,0.455546875,0.05529391243676958,22.6515625,8,0.8285714285714286,46.55172413793103,7.482758620689655
20266003,lognormal,stopwait,1000000.0,2.3176361386138615,2.333601485148515,4.651237623762376,14.0,33.0,109,780.029799169242,878.7710583221498,0.8565625,0.99390625,0.209453125,0.029888462879051933,22.6759375,6,0.8285714285714286,44.86206896551724,7.586206896551724
20266003,markov_burst,true,,1.9883972772277227,2.0038675742574257,3.9922648514851486,7.0,12.0,12,653.0531057713155,695.9056114122213,0.809296875,0.99375,0.625390625,0.07998605907467109,20.09125,10,nan,nan,nan
20266003,markov_burst,sco,,1.9883972772277227,2.0038675742574257,3.9922648514851486,7.0,12.0,12,1776.099192532337,1937.6083696905143,0.810390625,0.9959375,0.7553125,0.061677846502308564,20.09125,13,0.8571428571428571,47.766666666666666,7.8
20266003,markov_burst,forced,,1.9883972772277227,2.0038675742574257,3.9922648514851486,7.0,12.0,12,1666.9435015343954,1835.4354340676666,0.81140625,0.994453125,0.7446875,0.0620479302832244,20.086875,13,0.9428571428571428,46.24242424242424,7.696969696969697
20266003,markov_burst,pa16,16.0,1.9883972772277227,2.0038675742574257,3.9922648514851486,7.0,12.0,12,433.098533728357,471.2958649738204,0.86265625,0.99453125,0.33734375,0.02509366559205367,20.0546875,12,0.9714285714285714,45.1764705882353,7.588235294117647
20266003,markov_burst,stopwait,1000000.0,1.9883972772277227,2.0038675742574257,3.9922648514851486,7.0,12.0,12,902.7304752481048,957.8740663636308,0.892265625,0.995,0.0825,0.004006619632436199,19.9978125,6,0.8571428571428571,40.5,7.366666666666666
20266003,forward_heavy,true,,2.005259900990099,2.0,4.005259900990099,13.0,13.0,13,468.0298055104036,509.05619582185614,0.818125,0.995234375,0.623359375,0.06750871080139373,19.9565625,7,nan,nan,nan
20266003,forward_heavy,sco,,2.005259900990099,2.0,4.005259900990099,13.0,13.0,13,1699.0748320485354,1813.9014576774575,0.831171875,0.99515625,0.770859375,0.07159655082309903,20.0121875,7,0.9142857142857143,42.78125,7.5
20266003,forward_heavy,forced,,2.005259900990099,2.0,4.005259900990099,13.0,13.0,13,1613.0135932035396,1721.912037055596,0.8309375,0.995078125,0.766015625,0.07197563098346388,20.0203125,7,0.8857142857142857,42.0,7.451612903225806
20266003,forward_heavy,pa16,16.0,2.005259900990099,2.0,4.005259900990099,13.0,13.0,13,394.3492040589115,430.56730845851763,0.816015625,0.99484375,0.317265625,0.07079337401918047,20.0184375,8,0.9714285714285714,46.94117647058823,7.676470588235294
20266003,forward_heavy,stopwait,1000000.0,2.005259900990099,2.0,4.005259900990099,13.0,13.0,13,747.2322775085559,875.7894927190408,0.877578125,0.994921875,0.070234375,0.01637345410207281,20.0175,5,0.9428571428571428,42.45454545454545,7.151515151515151
20266003,feedback_heavy,true,,2.0,1.9777227722772277,3.977722772277228,13.0,13.0,13,1017.2631371571903,1092.0143743957847,0.895859375,0.99515625,0.71984375,0.0,19.8378125,6,nan,nan,nan
20266003,feedback_heavy,sco,,2.0,1.9777227722772277,3.977722772277228,13.0,13.0,13,1993.4124049944046,2148.8864518583123,0.897265625,0.99515625,0.771796875,0.0,19.8890625,8,0.9428571428571428,45.93939393939394,7.484848484848484
20266003,feedback_heavy,forced,,2.0,1.9777227722772277,3.977722772277228,13.0,13.0,13,1880.7781751645562,2016.942038038324,0.896875,0.99515625,0.76609375,0.0,19.879375,7,0.9142857142857143,44.09375,7.6875
20266003,feedback_heavy,pa16,16.0,2.0,1.9777227722772277,3.977722772277228,13.0,13.0,13,391.19918722726266,433.5693165634531,0.897109375,0.994609375,0.314375,0.0,19.8790625,7,0.9142857142857143,45.34375,7.59375
20266003,feedback_heavy,stopwait,1000000.0,2.0,1.9777227722772277,3.977722772277228,13.0,13.0,13,672.3548625870393,751.2556253765408,0.8975,0.9946875,0.06484375,0.0,19.8603125,6,0.9714285714285714,42.55882352941177,7.5
20266004,fixed,true,,2.0,2.0,4.0,4.0,4.0,4,1197.199416520109,1116.15381919754,0.89546875,0.995,0.67359375,0.0,19.95,5,nan,nan,nan
20266004,fixed,sco,,2.0,2.0,4.0,4.0,4.0,4,3341.9471081887286,3157.5032017866406,0.894609375,0.995,0.799609375,0.0,19.95,5,0.918918918918919,44.588235294117645,7.5
20266004,fixed,forced,,2.0,2.0,4.0,4.0,4.0,4,3241.1193152523883,3006.2651069579515,0.89453125,0.995,0.79015625,0.00034922297887200976,19.95,5,0.8918918918918919,47.24242424242424,7.575757575757576
20266004,fixed,pa16,16.0,2.0,2.0,4.0,4.0,4.0,4,422.0733286369183,414.1487924489184,0.895,0.995,0.2865625,0.0,19.95,5,0.8918918918918919,48.63636363636363,7.484848484848484
20266004,fixed,stopwait,1000000.0,2.0,2.0,4.0,4.0,4.0,4,501.64602659843297,498.8385883887133,0.893046875,0.995,0.0,0.0,19.95,1,0.918918918918919,45.5,7.470588235294118
20266004,light_iid,true,,2.000711633663366,2.0031559405940595,4.003867574257426,6.0,6.0,6,969.5683552750263,936.8332851353398,0.711796875,0.994921875,0.647890625,0.08568433924360207,19.95625,6,nan,nan,nan
20266004,light_iid,sco,,2.000711633663366,2.0031559405940595,4.003867574257426,6.0,6.0,6,2700.9662898444535,2561.065753850263,0.67671875,0.9946875,0.78078125,0.11778593913955929,19.98875,7,0.8918918918918919,47.333333333333336,7.606060606060606
20266004,light_iid,forced,,2.000711633663366,2.0031559405940595,4.003867574257426,6.0,6.0,6,2592.750900072898,2438.4734842358994,0.682265625,0.995234375,0.770703125,0.11536783314425343,20.0028125,7,0.918918918918919,61.11764705882353,10.911764705882353
20266004,light_iid,pa16,16.0,2.000711633663366,2.0031559405940595,4.003867574257426,6.0,6.0,6,437.6188277121189,433.6479371069025,0.859765625,0.995078125,0.34390625,0.019804571627988134,19.9784375,7,0.9459459459459459,48.114285714285714,7.457142857142857
20266004,light_iid,stopwait,1000000.0,2.000711633663366,2.0031559405940595,4.003867574257426,6.0,6.0,6,523.644237665129,519.6060516038796,0.88921875,0.994921875,0.0990625,0.0029702105355114876,19.97625,4,0.9459459459459459,46.17142857142857,7.685714285714286
20266004,heavy_iid,true,,2.004950495049505,2.016398514851485,4.02134900990099,12.0,22.0,22,542.7572774634438,510.8497587832329,0.81890625,0.99421875,0.678203125,0.06424581005586592,20.051875,6,nan,nan,nan
20266004,heavy_iid,sco,,2.004950495049505,2.016398514851485,4.02134900990099,12.0,22.0,22,1260.7477575635821,1180.8334724696067,0.828515625,0.9946875,0.74984375,0.06311740536760206,20.0596875,9,0.8108108108108109,47.96666666666667,7.466666666666667
20266004,heavy_iid,forced,,2.004950495049505,2.016398514851485,4.02134900990099,12.0,22.0,22,1230.5460599723876,1143.297829881469,0.82625,0.994921875,0.744140625,0.0652743795875568,20.07125,9,0.8648648648648649,46.75,7.5
20266004,heavy_iid,pa16,16.0,2.004950495049505,2.016398514851485,4.02134900990099,12.0,22.0,22,469.34071257486585,450.7886650851834,0.814921875,0.99484375,0.3990625,0.07489525139664804,20.0490625,7,0.8918918918918919,49.484848484848484,7.424242424242424
20266004,heavy_iid,stopwait,1000000.0,2.004950495049505,2.016398514851485,4.02134900990099,12.0,22.0,22,1164.0325232149667,1163.5686013988113,0.875390625,0.994921875,0.099296875,0.016417780106540915,20.0265625,5,0.8648648648648649,47.21875,7.78125
20266004,lognormal,true,,2.337654702970297,2.3528774752475248,4.690532178217822,14.0,34.0,101,705.9521891450252,668.027300528827,0.750234375,0.99453125,0.7065625,0.08170391061452514,22.7778125,8,nan,nan,nan
20266004,lognormal,sco,,2.337654702970297,2.3528774752475248,4.690532178217822,14.0,34.0,101,1702.848034690963,1650.5120555658782,0.7328125,0.993515625,0.78984375,0.08878790526959714,22.77,10,0.8648648648648649,48.1875,7.625
20266004,lognormal,forced,,2.337654702970297,2.3528774752475248,4.690532178217822,14.0,34.0,101,1680.968776715587,1591.634800023208,0.736171875,0.99359375,0.785234375,0.08648554206342272,22.755625,10,0.8108108108108109,51.733333333333334,8.1
20266004,lognormal,pa16,16.0,2.337654702970297,2.3528774752475248,4.690532178217822,14.0,34.0,101,542.3977653185285,528.4704695509145,0.810546875,0.99421875,0.45453125,0.056171922774526074,22.7878125,10,0.8648648648648649,50.46875,7.5625
20266004,lognormal,stopwait,1000000.0,2.337654702970297,2.3528774752475248,4.690532178217822,14.0,34.0,101,876.2685617770643,939.2708653539423,0.852578125,0.993828125,0.21375,0.03216502054016257,22.76875,7,0.918918918918919,45.911764705882355,7.5
20266004,markov_burst,true,,2.0327196782178216,2.016862623762376,4.049582301980198,7.0,12.0,12,731.2025248328841,697.5359349647597,0.813828125,0.9953125,0.61859375,0.07513089005235601,19.7221875,13,nan,nan,nan
20266004,markov_burst,sco,,2.0327196782178216,2.016862623762376,4.049582301980198,7.0,12.0,12,1939.6445751031788,1913.9395329802232,0.8121875,0.995390625,0.750546875,0.06211830396091433,19.6940625,13,0.8378378378378378,49.645161290322584,7.451612903225806
20266004,markov_burst,forced,,2.0327196782178216,2.016862623762376,4.049582301980198,7.0,12.0,12,1907.0759903341377,1875.3789636139563,0.81375,0.99390625,0.74453125,0.05954771675543526,19.7521875,12,0.918918918918919,46.5,7.382352941176471
20266004,markov_burst,pa16,16.0,2.0327196782178216,2.016862623762376,4.049582301980198,7.0,12.0,12,474.14577327918084,481.275628598605,0.863828125,0.99515625,0.32765625,0.022872108249672632,19.6709375,12,0.8918918918918919,50.121212121212125,7.606060606060606
20266004,markov_burst,stopwait,1000000.0,2.0327196782178216,2.016862623762376,4.049582301980198,7.0,12.0,12,1030.5984176741447,1063.017871661612,0.889921875,0.995078125,0.0615625,0.0031474033922014337,19.6259375,6,0.8648648648648649,45.0625,7.5
20266004,forward_heavy,true,,2.004950495049505,2.0,4.0049504950495045,13.0,13.0,13,542.7572774634438,510.8497587832329,0.81890625,0.99453125,0.62234375,0.06424581005586592,19.908125,6,nan,nan,nan
20266004,forward_heavy,sco,,2.004950495049505,2.0,4.0049504950495045,13.0,13.0,13,1921.772377016858,1823.9456696049729,0.82890625,0.994765625,0.770546875,0.0709480122324159,19.925,7,0.8378378378378378,43.774193548387096,7.354838709677419
20266004,forward_heavy,forced,,2.004950495049505,2.0,4.0049504950495045,13.0,13.0,13,1855.1259991824918,1748.5138560389264,0.82609375,0.994765625,0.764765625,0.07107264621033307,19.905625,7,0.8918918918918919,48.484848484848484,7.454545454545454
20266004,forward_heavy,pa16,16.0,2.004950495049505,2.0,4.0049504950495045,13.0,13.0,13,460.08522515297875,439.781139598011,0.814765625,0.99484375,0.31875,0.07153463184557603,19.9396875,7,0.8918918918918919,49.93939393939394,7.606060606060606
20266004,forward_heavy,stopwait,1000000.0,2.004950495049505,2.0,4.0049504950495045,13.0,13.0,13,929.8904504049917,926.1849550513789,0.875546875,0.9953125,0.065546875,0.01562772830452244,19.955625,5,0.8648648648648649,46.34375,7.5
20266004,feedback_heavy,true,,2.0,2.016398514851485,4.016398514851486,13.0,13.0,13,1197.199416520109,1116.15381919754,0.89546875,0.995234375,0.7196875,0.0,20.08375,6,nan,nan,nan
20266004,feedback_heavy,sco,,2.0,2.016398514851485,4.016398514851486,13.0,13.0,13,2320.3940784142737,2197.8874879074115,0.89421875,0.9946875,0.772265625,0.0,20.0878125,7,0.8918918918918919,43.96969696969697,7.484848484848484
20266004,feedback_heavy,forced,,2.0,2.016398514851485,4.016398514851486,13.0,13.0,13,2191.5334253582323,2077.2386485316133,0.89421875,0.995078125,0.76515625,0.00034934497816593884,20.0959375,8,0.8378378378378378,49.16129032258065,7.612903225806452
20266004,feedback_heavy,pa16,16.0,2.0,2.016398514851485,4.016398514851486,13.0,13.0,13,463.29827259327175,448.3166670367274,0.894921875,0.995234375,0.32390625,0.0,20.0765625,7,0.8648648648648649,50.3125,7.59375
20266004,feedback_heavy,stopwait,1000000.0,2.0,2.016398514851485,4.016398514851486,13.0,13.0,13,737.6575517839206,742.628827899193,0.894296875,0.995,0.073828125,0.0,20.0834375,5,0.8648648648648649,45.65625,7.40625
20266005,fixed,true,,2.0,2.0,4.0,4.0,4.0,4,1248.4243542002048,1265.4555800174408,0.899609375,0.995,0.67453125,0.0,19.95,5,nan,nan,nan
20266005,fixed,sco,,2.0,2.0,4.0,4.0,4.0,4,3615.6452324463085,3647.9770966908313,0.8996875,0.995,0.801328125,0.0,19.95,5,0.9714285714285714,42.76470588235294,7.411764705882353
20266005,fixed,forced,,2.0,2.0,4.0,4.0,4.0,4,3306.0466673441724,3360.0273888838146,0.89953125,0.995,0.789765625,0.0001736714136853074,19.95,5,0.9714285714285714,45.44117647058823,7.352941176470588
20266005,fixed,pa16,16.0,2.0,2.0,4.0,4.0,4.0,4,427.908516858867,451.0926794258513,0.9,0.995,0.255703125,0.0,19.95,5,0.9714285714285714,44.294117647058826,7.382352941176471
20266005,fixed,stopwait,1000000.0,2.0,2.0,4.0,4.0,4.0,4,456.51643563991024,507.580853111943,0.898828125,0.995,0.0,0.0,19.95,1,0.9714285714285714,43.23529411764706,7.5
20266005,light_iid,true,,2.0016398514851486,2.004238861386139,4.005878712871287,6.0,6.0,6,1097.3607053956962,1092.8321223454661,0.7071875,0.995703125,0.65203125,0.08811031133466309,19.9996875,5,nan,nan,nan
20266005,light_iid,sco,,2.0016398514851486,2.004238861386139,4.005878712871287,6.0,6.0,6,2956.431558307717,2984.8916803749507,0.680859375,0.995,0.781875,0.11483669214732453,19.996875,7,0.9142857142857143,47.46875,7.59375
20266005,light_iid,forced,,2.0016398514851486,2.004238861386139,4.005878712871287,6.0,6.0,6,2688.8693802112093,2767.007511768119,0.685546875,0.99453125,0.77203125,0.11289622231871473,20.0028125,7,0.9714285714285714,43.88235294117647,7.4411764705882355
20266005,light_iid,pa16,16.0,2.0016398514851486,2.004238861386139,4.005878712871287,6.0,6.0,6,450.68324347292116,470.8842613560256,0.86921875,0.9953125,0.326171875,0.01606181628754992,20.01,7,0.9428571428571428,53.90909090909091,9.606060606060606
20266005,light_iid,stopwait,1000000.0,2.0016398514851486,2.004238861386139,4.005878712871287,6.0,6.0,6,501.71036877204426,548.8946833194774,0.89390625,0.995,0.09953125,0.0032148753149708925,19.985625,4,1.0,43.885714285714286,7.457142857142857
20266005,heavy_iid,true,,2.0091274752475248,1.9972153465346534,4.006342821782178,12.0,12.0,22,563.7448973829169,586.7475973119634,0.82046875,0.9946875,0.68015625,0.0671875,20.15,6,nan,nan,nan
20266005,heavy_iid,sco,,2.0091274752475248,1.9972153465346534,4.006342821782178,12.0,12.0,22,1306.9854636934565,1334.6948199803603,0.83171875,0.994453125,0.742890625,0.06766851980542044,20.1153125,8,0.9714285714285714,44.26470588235294,7.352941176470588
20266005,heavy_iid,forced,,2.0091274752475248,1.9972153465346534,4.006342821782178,12.0,12.0,22,1252.8715333297669,1280.0570745630298,0.832109375,0.995,0.73953125,0.06684608038892265,20.12875,8,0.9142857142857143,43.5625,7.34375
20266005,heavy_iid,pa16,16.0,2.0091274752475248,1.9972153465346534,4.006342821782178,12.0,12.0,22,469.4509970310871,499.40107627491886,0.816953125,0.994921875,0.391484375,0.07783755640402638,20.17375,7,0.8857142857142857,53.67741935483871,9.516129032258064
20266005,heavy_iid,stopwait,1000000.0,2.0091274752475248,1.9972153465346534,4.006342821782178,12.0,12.0,22,1325.5563896427884,1319.6394782194798,0.8790625,0.994453125,0.100625,0.017553006604101494,20.064375,6,0.9428571428571428,47.303030303030305,7.424242424242424
20266005,lognormal,true,,2.3218595297029703,2.3590346534653466,4.680894183168316,14.0,34.0,125,739.2771405776834,755.046374323467,0.75875,0.994609375,0.69921875,0.07801911381407471,22.475,7,nan,nan,nan
20266005,lognormal,sco,,2.3218595297029703,2.3590346534653466,4.680894183168316,14.0,34.0,125,1789.5891804042915,1848.4099612070463,0.738046875,0.9940625,0.78453125,0.09096432601336689,22.558125,9,0.8857142857142857,47.87096774193548,7.516129032258065
20266005,lognormal,forced,,2.3218595297029703,2.3590346534653466,4.680894183168316,14.0,34.0,125,1722.1550040549575,1771.201644706989,0.74125,0.993671875,0.779765625,0.089504297248025,22.55875,9,0.8857142857142857,49.74193548387097,7.548387096774194
20266005,lognormal,pa16,16.0,2.3218595297029703,2.3590346534653466,4.680894183168316,14.0,34.0,125,546.0803114417556,561.5510996717439,0.82140625,0.994375,0.444921875,0.052928416485900215,22.5634375,8,0.8857142857142857,55.483870967741936,9.709677419354838
20266005,lognormal,stopwait,1000000.0,2.3218595297029703,2.3590346534653466,4.680894183168316,14.0,34.0,125,873.1556339608259,936.9462103302465,0.861015625,0.9946875,0.206484375,0.03005820519503084,22.5459375,7,0.8857142857142857,45.225806451612904,7.354838709677419
20266005,markov_burst,true,,2.0199566831683167,2.0091274752475248,4.029084158415841,7.0,12.0,12,735.6722539124224,796.3380564376652,0.813671875,0.99421875,0.61921875,0.0791004601892854,20.1865625,13,nan,nan,nan
20266005,markov_burst,sco,,2.0199566831683167,2.0091274752475248,4.029084158415841,7.0,12.0,12,2160.023794777309,2224.298609972091,0.815859375,0.994296875,0.753828125,0.06200676437429538,20.174375,13,0.9142857142857143,42.75,7.1875
20266005,markov_burst,forced,,2.0199566831683167,2.0091274752475248,4.029084158415841,7.0,12.0,12,2044.6831074152387,2120.809031990687,0.815234375,0.99359375,0.7459375,0.0626411815812337,20.161875,13,0.9428571428571428,44.21212121212121,7.090909090909091
20266005,markov_burst,pa16,16.0,2.0199566831683167,2.0091274752475248,4.029084158415841,7.0,12.0,12,475.6706516208182,523.3825233600495,0.865390625,0.994921875,0.3365625,0.024299227631693135,20.164375,12,0.9714285714285714,52.61764705882353,9.5
20266005,markov_burst,stopwait,1000000.0,2.0199566831683167,2.0091274752475248,4.029084158415841,7.0,12.0,12,1024.3348384139633,1094.5929009206332,0.89296875,0.995390625,0.077421875,0.00521331132157442,20.0640625,7,0.9714285714285714,46.76470588235294,7.5
20266005,forward_heavy,true,,2.0091274752475248,2.0,4.009127475247524,13.0,13.0,13,563.7448973829169,586.7475973119634,0.82046875,0.9946875,0.623515625,0.0671875,20.0496875,6,nan,nan,nan
20266005,forward_heavy,sco,,2.0091274752475248,2.0,4.009127475247524,13.0,13.0,13,2035.8091718886885,2070.5446252260645,0.834921875,0.994765625,0.769296875,0.07072111207645526,20.0453125,8,0.9428571428571428,44.0,7.303030303030303
20266005,forward_heavy,forced,,2.0091274752475248,2.0,4.009127475247524,13.0,13.0,13,1923.7920859273238,1976.0807876343667,0.83109375,0.994453125,0.761875,0.073278859527121,20.0653125,8,1.0,44.114285714285714,7.228571428571429
20266005,forward_heavy,pa16,16.0,2.0091274752475248,2.0,4.009127475247524,13.0,13.0,13,460.59588835371716,491.1405050766488,0.81671875,0.9946875,0.30453125,0.07202432667245873,20.07125,8,0.9428571428571428,52.72727272727273,9.333333333333334
20266005,forward_heavy,stopwait,1000000.0,2.0091274752475248,2.0,4.009127475247524,13.0,13.0,13,929.1759316881428,984.3824068087408,0.879375,0.994609375,0.072890625,0.015906127770534552,20.0096875,5,0.9714285714285714,44.0,7.411764705882353
20266005,feedback_heavy,true,,2.0,1.9972153465346534,3.9972153465346536,13.0,13.0,13,1248.4243542002048,1265.4555800174408,0.899609375,0.995,0.720078125,0.0,20.0378125,6,nan,nan,nan
20266005,feedback_heavy,sco,,2.0,1.9972153465346534,3.9972153465346536,13.0,13.0,13,2394.0460524741356,2446.3524093420638,0.89984375,0.994921875,0.768515625,0.0,20.010625,7,0.9714285714285714,42.205882352941174,7.264705882352941
20266005,feedback_heavy,forced,,2.0,1.9972153465346534,3.9972153465346536,13.0,13.0,13,2250.8133792060466,2315.4901599004884,0.89953125,0.995234375,0.76296875,0.0001736714136853074,20.021875,7,0.9714285714285714,44.14705882352941,7.647058823529412
20266005,feedback_heavy,pa16,16.0,2.0,1.9972153465346534,3.9972153465346536,13.0,13.0,13,456.9614421111469,480.41795289421384,0.899765625,0.995390625,0.30453125,0.0,20.0275,7,0.9428571428571428,44.121212121212125,7.484848484848484
20266005,feedback_heavy,stopwait,1000000.0,2.0,1.9972153465346534,3.9972153465346536,13.0,13.0,13,778.677673676149,816.3447517868863,0.898984375,0.995234375,0.068125,0.0,19.9771875,6,0.9714285714285714,44.6764705882353,7.470588235294118
20266006,fixed,true,,2.0,2.0,4.0,4.0,4.0,4,1215.9539930374951,1225.2238880726338,0.896328125,0.995,0.674375,0.0,19.95,5,nan,nan,nan
20266006,fixed,sco,,2.0,2.0,4.0,4.0,4.0,4,3478.3751809448236,3542.4478734148724,0.8959375,0.995,0.8009375,0.0,19.95,5,1.0,45.60606060606061,7.2727272727272725
20266006,fixed,forced,,2.0,2.0,4.0,4.0,4.0,4,3263.5303007019406,3306.7235242273646,0.895859375,0.995,0.7903125,0.0,19.95,5,0.9696969696969697,43.4375,7.21875
20266006,fixed,pa16,16.0,2.0,2.0,4.0,4.0,4.0,4,434.05140511493175,451.7881894135629,0.89546875,0.995,0.25359375,0.0,19.95,5,1.0,46.696969696969695,7.393939393939394
20266006,fixed,stopwait,1000000.0,2.0,2.0,4.0,4.0,4.0,4,464.7379072734742,501.6906671506475,0.897109375,0.995,0.0,0.0,19.95,1,0.9090909090909091,42.8,7.3
20266006,light_iid,true,,2.0016089108910893,1.9978032178217822,3.9994121287128714,6.0,6.0,6,1028.8721760475519,1025.358147804368,0.709765625,0.994765625,0.64734375,0.09025900409871807,19.864375,6,nan,nan,nan
20266006,light_iid,sco,,2.0016089108910893,1.9978032178217822,3.9994121287128714,6.0,6.0,6,2724.502882334219,2820.6996857335344,0.681328125,0.99484375,0.77984375,0.11786243570743614,19.8628125,7,0.9696969696969697,45.40625,7.375
20266006,light_iid,forced,,2.0016089108910893,1.9978032178217822,3.9994121287128714,6.0,6.0,6,2496.795741064877,2637.586903496788,0.688828125,0.99484375,0.771796875,0.11450248539286649,19.8603125,7,1.0,47.21212121212121,7.454545454545454
20266006,light_iid,pa16,16.0,2.0016089108910893,1.9978032178217822,3.9994121287128714,6.0,6.0,6,446.1720876692088,466.98436435804354,0.864921875,0.9946875,0.323828125,0.015447722115552452,19.876875,6,0.9696969696969697,45.84375,7.1875
20266006,light_iid,stopwait,1000000.0,2.0016089108910893,1.9978032178217822,3.9994121287128714,6.0,6.0,6,505.04920825097315,538.875650630655,0.891796875,0.995078125,0.09203125,0.0036566254570781823,19.8771875,5,0.9393939393939394,44.903225806451616,7.548387096774194
20266006,heavy_iid,true,,2.0083539603960396,1.994430693069307,4.002784653465347,12.0,22.0,22,559.7631132030936,563.8700295576318,0.822109375,0.995078125,0.670625,0.0581151832460733,19.668125,7,nan,nan,nan
20266006,heavy_iid,sco,,2.0083539603960396,1.994430693069307,4.002784653465347,12.0,22.0,22,1239.5516359723947,1284.8182310069878,0.834453125,0.995,0.741953125,0.062385640846911214,19.6321875,8,0.8484848484848485,44.892857142857146,7.535714285714286
20266006,heavy_iid,forced,,2.0083539603960396,1.994430693069307,4.002784653465347,12.0,22.0,22,1202.6488193794776,1252.897331846008,0.83421875,0.994921875,0.739921875,0.060090702947845805,19.616875,8,0.8787878787878788,47.6551724137931,7.586206896551724
20266006,heavy_iid,pa16,16.0,2.0083539603960396,1.994430693069307,4.002784653465347,12.0,22.0,22,470.11564048538924,492.4296338579677,0.818046875,0.9946875,0.3725,0.07191481934019898,19.6546875,7,0.9393939393939394,47.096774193548384,7.483870967741935
20266006,heavy_iid,stopwait,1000000.0,2.0083539603960396,1.994430693069307,4.002784653465347,12.0,22.0,22,1273.6813026262994,1358.8383195161748,0.88359375,0.99453125,0.080703125,0.011495253853522599,19.6346875,5,0.9393939393939394,44.774193548387096,7.387096774193548
20266006,lognormal,true,,2.331048886138614,2.3291460396039603,4.660194925742574,14.0,33.0,121,721.3156771004559,722.3779182944518,0.757421875,0.99375,0.6940625,0.08164689462665736,22.251875,7,nan,nan,nan
20266006,lognormal,sco,,2.331048886138614,2.3291460396039603,4.660194925742574,14.0,33.0,121,1819.1994098869022,1850.9386305695123,0.74015625,0.994609375,0.7825,0.08622796299528714,22.280625,9,0.9090909090909091,40.733333333333334,7.2
20266006,lognormal,forced,,2.331048886138614,2.3291460396039603,4.660194925742574,14.0,33.0,121,1744.8481373448567,1781.1249635858917,0.742109375,0.995078125,0.77796875,0.08540521678443688,22.3,9,0.9090909090909091,45.233333333333334,7.4
20266006,lognormal,pa16,16.0,2.331048886138614,2.3291460396039603,4.660194925742574,14.0,33.0,121,535.2866185043508,555.635251125529,0.818046875,0.994375,0.433359375,0.05408706272354532,22.2715625,8,0.8787878787878788,44.03448275862069,7.0344827586206895
20266006,lognormal,stopwait,1000000.0,2.331048886138614,2.3291460396039603,4.660194925742574,14.0,33.0,121,904.2459545729332,949.4023350509037,0.859140625,0.994453125,0.2021875,0.031353422748650064,22.3915625,6,0.8787878787878788,43.793103448275865,7.310344827586207
20266006,markov_burst,true,,2.025371287128713,2.0215810643564356,4.046952351485149,7.0,12.0,12,822.4146243812553,794.737535387193,0.809921875,0.9953125,0.62265625,0.07920446615491974,19.9878125,11,nan,nan,nan
20266006,markov_burst,sco,,2.025371287128713,2.0215810643564356,4.046952351485149,7.0,12.0,12,2213.7469250874365,2181.7794695106422,0.808125,0.99390625,0.753203125,0.0631661715883278,20.15625,13,0.8787878787878788,53.13793103448276,7.517241379310345
20266006,markov_burst,forced,,2.025371287128713,2.0215810643564356,4.046952351485149,7.0,12.0,12,2106.0218611655628,2090.76895426932,0.814921875,0.99484375,0.745078125,0.058084772370486655,20.1578125,13,0.9393939393939394,48.41935483870968,7.419354838709677
20266006,markov_burst,pa16,16.0,2.025371287128713,2.0215810643564356,4.046952351485149,7.0,12.0,12,527.9250909952577,528.6981154854731,0.860703125,0.99390625,0.334453125,0.023751309814879495,20.0696875,11,0.9696969696969697,46.96875,7.40625
20266006,markov_burst,stopwait,1000000.0,2.025371287128713,2.0215810643564356,4.046952351485149,7.0,12.0,12,1022.4965416892724,1080.846737791706,0.891171875,0.994453125,0.0796875,0.004183006535947713,20.0134375,7,0.9696969696969697,45.1875,7.53125
20266006,forward_heavy,true,,2.0083539603960396,2.0,4.00835396039604,13.0,13.0,13,559.7631132030936,563.8700295576318,0.822109375,0.995078125,0.61734375,0.0581151832460733,19.7559375,7,nan,nan,nan
20266006,forward_heavy,sco,,2.0083539603960396,2.0,4.00835396039604,13.0,13.0,13,1970.0214447076028,2004.9965335327024,0.8371875,0.995,0.7671875,0.06488183483038283,19.7628125,8,0.9090909090909091,42.53333333333333,7.366666666666666
20266006,forward_heavy,forced,,2.0083539603960396,2.0,4.00835396039604,13.0,13.0,13,1889.0456708390739,1935.5740584235145,0.834609375,0.99484375,0.76078125,0.06725401256106071,19.7540625,7,0.9393939393939394,42.483870967741936,7.096774193548387
20266006,forward_heavy,pa16,16.0,2.0083539603960396,2.0,4.00835396039604,13.0,13.0,13,473.90119174016013,487.3743168650193,0.819609375,0.994921875,0.29484375,0.06818578662475991,19.820625,7,0.9393939393939394,46.225806451612904,7.290322580645161
20266006,forward_heavy,stopwait,1000000.0,2.0083539603960396,2.0,4.00835396039604,13.0,13.0,13,969.2280092590358,1002.9189409365995,0.881171875,0.99484375,0.057421875,0.013239264872397875,19.75375,5,0.9696969696969697,44.46875,7.3125
20266006,feedback_heavy,true,,2.0,1.994430693069307,3.9944306930693068,13.0,13.0,13,1215.9539930374951,1225.2238880726338,0.896328125,0.994609375,0.72265625,0.0,19.86375,6,nan,nan,nan
20266006,feedback_heavy,sco,,2.0,1.994430693069307,3.9944306930693068,13.0,13.0,13,2302.831551276371,2385.6831239238163,0.896015625,0.995625,0.7671875,0.0,19.815625,8,0.9696969696969697,43.84375,7.375
20266006,feedback_heavy,forced,,2.0,1.994430693069307,3.9944306930693068,13.0,13.0,13,2196.5123562262456,2285.8005850646605,0.89609375,0.99515625,0.76265625,0.0,19.81625,7,0.9696969696969697,43.1875,7.375
20266006,feedback_heavy,pa16,16.0,2.0,1.994430693069307,3.9944306930693068,13.0,13.0,13,450.8328435454322,474.8870175493309,0.895703125,0.994921875,0.2934375,0.0,19.81625,9,0.9090909090909091,45.46666666666667,7.4
20266006,feedback_heavy,stopwait,1000000.0,2.0,1.994430693069307,3.9944306930693068,13.0,13.0,13,749.3359602640925,804.8522124361151,0.896953125,0.995390625,0.0628125,0.0,19.853125,4,0.9090909090909091,41.9,7.333333333333333
20266007,fixed,true,,2.0,2.0,4.0,4.0,4.0,4,1436.4329029834837,1489.8756615386483,0.89859375,0.995,0.674296875,0.0,19.95,5,nan,nan,nan
20266007,fixed,sco,,2.0,2.0,4.0,4.0,4.0,4,4181.883776270505,4287.270385413596,0.89953125,0.995,0.80109375,0.0,19.95,5,0.9428571428571428,47.39393939393939,7.424242424242424
20266007,fixed,forced,,2.0,2.0,4.0,4.0,4.0,4,3841.3663747333744,3998.0897330660227,0.899140625,0.995,0.79203125,0.00017374685083832854,19.95,5,0.9714285714285714,44.970588235294116,7.4411764705882355
20266007,fixed,pa16,16.0,2.0,2.0,4.0,4.0,4.0,4,487.0169901697794,523.2726049315131,0.898515625,0.995,0.262890625,0.0,19.95,5,0.9428571428571428,47.18181818181818,7.454545454545454
20266007,fixed,stopwait,1000000.0,2.0,2.0,4.0,4.0,4.0,4,539.9245484092326,607.5356479171905,0.8975,0.995,0.0,0.0,19.95,1,0.9714285714285714,42.64705882352941,7.205882352941177
20266007,light_iid,true,,2.0010829207920793,1.9996596534653466,4.000742574257425,6.0,6.0,6,1222.1449525174207,1258.6293701995648,0.709140625,0.99484375,0.6484375,0.08972352634324465,19.9634375,6,nan,nan,nan
20266007,light_iid,sco,,2.0010829207920793,1.9996596534653466,4.000742574257425,6.0,6.0,6,3338.846090195614,3486.0768694453486,0.67234375,0.994765625,0.78265625,0.12204450625869263,19.9625,7,0.8571428571428571,48.56666666666667,7.433333333333334
20266007,light_iid,forced,,2.0010829207920793,1.9996596534653466,4.000742574257425,6.0,6.0,6,3122.9818493062626,3236.813838649391,0.681328125,0.99515625,0.772265625,0.11618617575547065,19.9678125,7,0.8857142857142857,50.74193548387097,7.419354838709677
20266007,light_iid,pa16,16.0,2.0010829207920793,1.9996596534653466,4.000742574257425,6.0,6.0,6,511.6235275153676,549.9481529549116,0.86453125,0.99484375,0.327265625,0.01782918768481475,19.9584375,7,0.9714285714285714,47.85294117647059,7.588235294117647
20266007,light_iid,stopwait,1000000.0,2.0010829207920793,1.9996596534653466,4.000742574257425,6.0,6.0,6,582.1821373089012,634.9259744758986,0.8928125,0.995078125,0.095703125,0.0035667681600695953,19.9625,4,1.0,41.885714285714286,7.285714285714286
20266007,heavy_iid,true,,2.004641089108911,2.00990099009901,4.014542079207921,12.0,22.0,22,648.7286793748356,684.6175285972649,0.82125,0.995,0.67875,0.0637391304347826,19.949375,7,nan,nan,nan
20266007,heavy_iid,sco,,2.004641089108911,2.00990099009901,4.014542079207921,12.0,22.0,22,1471.0773708060003,1539.9836311488286,0.837421875,0.994921875,0.743359375,0.061712299000434595,19.955625,7,0.9142857142857143,48.3125,7.53125
20266007,heavy_iid,forced,,2.004641089108911,2.00990099009901,4.014542079207921,12.0,22.0,22,1435.4197137215226,1499.3840340401837,0.836015625,0.995625,0.741171875,0.06393328700486449,19.979375,7,0.9142857142857143,43.40625,7.4375
20266007,heavy_iid,pa16,16.0,2.004641089108911,2.00990099009901,4.014542079207921,12.0,22.0,22,528.1576461082295,577.8944350151492,0.82078125,0.995703125,0.38671875,0.07214254671881791,19.9475,7,0.8285714285714286,50.689655172413794,7.379310344827586
20266007,heavy_iid,stopwait,1000000.0,2.004641089108911,2.00990099009901,4.014542079207921,12.0,22.0,22,1306.361106661,1362.453848155851,0.880703125,0.994765625,0.095625,0.015316334522669915,19.96,7,0.9428571428571428,43.666666666666664,7.393939393939394
20266007,lognormal,true,,2.318579826732673,2.3462407178217823,4.6648205445544555,14.0,33.0,83,848.501755924886,889.3532700314455,0.75453125,0.993984375,0.694609375,0.08310875423802486,22.1853125,7,nan,nan,nan
20266007,lognormal,sco,,2.318579826732673,2.3462407178217823,4.6648205445544555,14.0,33.0,83,2106.359096876081,2168.703792828546,0.741640625,0.993125,0.782578125,0.08651421615511695,22.09375,8,0.9142857142857143,47.8125,7.4375
20266007,lognormal,forced,,2.318579826732673,2.3462407178217823,4.6648205445544555,14.0,33.0,83,2003.7277689982925,2078.2677691985336,0.739609375,0.9934375,0.77703125,0.08794363256784969,22.1096875,8,0.9142857142857143,46.40625,7.28125
20266007,lognormal,pa16,16.0,2.318579826732673,2.3462407178217823,4.6648205445544555,14.0,33.0,83,621.6316836582904,649.7817252525657,0.82046875,0.9940625,0.4315625,0.05596107055961071,22.1009375,8,0.8285714285714286,52.13793103448276,7.379310344827586
20266007,lognormal,stopwait,1000000.0,2.318579826732673,2.3462407178217823,4.6648205445544555,14.0,33.0,83,1008.481357725791,1128.6467122203685,0.8625,0.99375,0.188125,0.0285490469144399,22.1171875,7,0.9142857142857143,44.09375,7.375
20266007,markov_burst,true,,2.0244430693069306,1.981512995049505,4.005956064356436,7.0,12.0,12,914.0618644807641,945.9078713033357,0.812265625,0.995390625,0.621953125,0.08153164886689242,19.8778125,11,nan,nan,nan
20266007,markov_burst,sco,,2.0244430693069306,1.981512995049505,4.005956064356436,7.0,12.0,12,2411.1349615742797,2532.782100015743,0.81390625,0.994375,0.7509375,0.061153578874218205,19.85625,13,0.9428571428571428,49.696969696969695,7.2727272727272725
20266007,markov_burst,forced,,2.0244430693069306,1.981512995049505,4.005956064356436,7.0,12.0,12,2301.0496575686166,2419.728862697987,0.814375,0.99546875,0.743984375,0.06048492222125663,19.83125,13,0.9714285714285714,43.794117647058826,7.0588235294117645
20266007,markov_burst,pa16,16.0,2.0244430693069306,1.981512995049505,4.005956064356436,7.0,12.0,12,564.9817995517526,617.2683750201021,0.866328125,0.995,0.329609375,0.02285962624945676,19.77125,11,0.9428571428571428,48.93939393939394,7.333333333333333
20266007,markov_burst,stopwait,1000000.0,2.0244430693069306,1.981512995049505,4.005956064356436,7.0,12.0,12,1172.830927389697,1259.9179948339772,0.893359375,0.995078125,0.071796875,0.0036543983294179067,19.7971875,7,0.9714285714285714,50.794117647058826,7.205882352941177
20266007,forward_heavy,true,,2.004641089108911,2.0,4.004641089108911,13.0,13.0,13,648.7286793748356,684.6175285972649,0.82125,0.99484375,0.622734375,0.0637391304347826,19.839375,6,nan,nan,nan
20266007,forward_heavy,sco,,2.004641089108911,2.0,4.004641089108911,13.0,13.0,13,2333.082103890192,2428.8811505720137,0.8340625,0.995078125,0.767578125,0.07127955493741307,19.84125,7,0.9428571428571428,44.96969696969697,7.393939393939394
20266007,forward_heavy,forced,,2.004641089108911,2.0,4.004641089108911,13.0,13.0,13,2217.967462961948,2315.490978385078,0.834375,0.99515625,0.761796875,0.07039193534370383,19.8540625,7,0.9142857142857143,44.15625,7.34375
20266007,forward_heavy,pa16,16.0,2.004641089108911,2.0,4.004641089108911,13.0,13.0,13,515.3766384492183,559.836138816823,0.8221875,0.99546875,0.297890625,0.06771557719054241,19.8225,7,0.8857142857142857,47.29032258064516,7.419354838709677
20266007,forward_heavy,stopwait,1000000.0,2.004641089108911,2.0,4.004641089108911,13.0,13.0,13,1090.7656745202528,1144.935089237984,0.880859375,0.995078125,0.064375,0.014351569974776029,19.815625,5,0.9714285714285714,43.88235294117647,7.382352941176471
20266007,feedback_heavy,true,,2.0,2.00990099009901,4.00990099009901,13.0,13.0,13,1436.4329029834837,1489.8756615386483,0.89859375,0.99515625,0.7184375,0.0,20.084375,6,nan,nan,nan
20266007,feedback_heavy,sco,,2.0,2.00990099009901,4.00990099009901,13.0,13.0,13,2740.6146849299494,2872.001252912965,0.899609375,0.994921875,0.7684375,0.0,20.088125,7,0.9428571428571428,47.93939393939394,7.424242424242424
20266007,feedback_heavy,forced,,2.0,2.00990099009901,4.00990099009901,13.0,13.0,13,2640.476332897728,2716.0978732980643,0.89953125,0.995234375,0.76296875,0.0001736714136853074,20.0959375,7,0.9142857142857143,44.0625,7.34375
20266007,feedback_heavy,pa16,16.0,2.0,2.00990099009901,4.00990099009901,13.0,13.0,13,520.5802197447892,563.0587665867644,0.89875,0.994921875,0.30890625,0.0,20.0865625,7,0.9428571428571428,48.81818181818182,7.393939393939394
20266007,feedback_heavy,stopwait,1000000.0,2.0,2.00990099009901,4.00990099009901,13.0,13.0,13,818.3856407046668,899.6602075490806,0.897890625,0.995234375,0.07328125,0.0,20.09875,5,0.9428571428571428,42.24242424242424,7.424242424242424
20266008,fixed,true,,2.0,2.0,4.0,4.0,4.0,4,1027.3059508724411,1119.2096586000478,0.8953125,0.995,0.674296875,0.0,19.95,5,nan,nan,nan
20266008,fixed,sco,,2.0,2.0,4.0,4.0,4.0,4,2859.3937592052307,3163.2068004955404,0.894609375,0.995,0.800078125,0.0,19.95,5,0.95,43.1578947368421,7.5
20266008,fixed,forced,,2.0,2.0,4.0,4.0,4.0,4,2685.382261328228,2967.210562649058,0.89484375,0.995,0.789921875,8.729812309035356e-05,19.95,5,0.9,42.47222222222222,7.472222222222222
20266008,fixed,pa16,16.0,2.0,2.0,4.0,4.0,4.0,4,361.4821991000804,418.44020085578904,0.89421875,0.995,0.268203125,0.0,19.95,5,0.925,43.648648648648646,7.45945945945946
20266008,fixed,stopwait,1000000.0,2.0,2.0,4.0,4.0,4.0,4,407.37846598595615,495.2814828762981,0.895078125,0.995,0.0,0.0,19.95,1,1.0,44.15,7.625
20266008,light_iid,true,,2.001237623762376,1.9999071782178217,4.001144801980198,6.0,6.0,6,891.0336006871887,957.59555314172,0.70234375,0.994921875,0.651484375,0.08799650807507639,19.9771875,5,nan,nan,nan
20266008,light_iid,sco,,2.001237623762376,1.9999071782178217,4.001144801980198,6.0,6.0,6,2384.9010217504238,2593.434029517004,0.674453125,0.995390625,0.78203125,0.11929089162518558,19.960625,7,1.0,43.85,7.3
20266008,light_iid,forced,,2.001237623762376,1.9999071782178217,4.001144801980198,6.0,6.0,6,2243.051406385738,2457.574368753241,0.68125,0.9946875,0.77359375,0.11617749825296995,19.965625,7,0.95,44.23684210526316,7.342105263157895
20266008,light_iid,pa16,16.0,2.001237623762376,1.9999071782178217,4.001144801980198,6.0,6.0,6,376.5275270752053,440.3323581000076,0.8571875,0.99484375,0.33640625,0.018951965065502185,19.9528125,7,0.95,41.921052631578945,7.2894736842105265
20266008,light_iid,stopwait,1000000.0,2.001237623762376,1.9999071782178217,4.001144801980198,6.0,6.0,6,421.69540773880044,510.43175439951267,0.889375,0.994921875,0.096171875,0.002881844380403458,19.9503125,5,0.95,41.44736842105263,7.315789473684211
20266008,heavy_iid,true,,1.994740099009901,1.9952042079207921,3.9899443069306932,12.0,22.0,22,474.84396772531784,519.884689786948,0.818828125,0.9946875,0.67515625,0.06556661428321983,19.861875,7,nan,nan,nan
20266008,heavy_iid,sco,,1.994740099009901,1.9952042079207921,3.9899443069306932,12.0,22.0,22,1061.5685026345093,1177.2947488225018,0.8296875,0.995078125,0.74390625,0.06541484716157205,19.8571875,8,0.95,45.078947368421055,7.552631578947368
20266008,heavy_iid,forced,,1.994740099009901,1.9952042079207921,3.9899443069306932,12.0,22.0,22,1022.3956843593569,1131.06764080277,0.828359375,0.995078125,0.74125,0.06443726534532437,19.861875,7,0.9,44.888888888888886,7.472222222222222
20266008,heavy_iid,pa16,16.0,1.994740099009901,1.9952042079207921,3.9899443069306932,12.0,22.0,22,392.5371828467151,450.3459408361993,0.815234375,0.99453125,0.38546875,0.07604994324631101,19.83125,7,0.875,51.371428571428574,9.685714285714285
20266008,heavy_iid,stopwait,1000000.0,1.994740099009901,1.9952042079207921,3.9899443069306932,12.0,22.0,22,993.656606720094,1198.485928042258,0.877421875,0.99515625,0.095234375,0.014916259595254711,19.91,6,0.925,45.32432432432432,7.513513513513513
20266008,lognormal,true,,2.3247524752475246,2.328697400990099,4.653449876237624,14.0,33.0,125,608.8033040472534,671.1224482599592,0.7521875,0.993984375,0.704921875,0.08011532413070069,22.7478125,7,nan,nan,nan
20266008,lognormal,sco,,2.3247524752475246,2.328697400990099,4.653449876237624,14.0,33.0,125,1472.629483391581,1649.3137392115486,0.73390625,0.99375,0.788671875,0.08878790526959714,22.7684375,9,0.875,49.91428571428571,8.342857142857143
20266008,lognormal,forced,,2.3247524752475246,2.328697400990099,4.653449876237624,14.0,33.0,125,1426.563070854564,1583.6160814309671,0.733828125,0.993828125,0.783828125,0.08994755244755245,22.7121875,9,0.875,46.02857142857143,7.428571428571429
20266008,lognormal,pa16,16.0,2.3247524752475246,2.328697400990099,4.653449876237624,14.0,33.0,125,448.0457628580665,524.8371485241787,0.81171875,0.99390625,0.4525,0.05464719769170237,22.7215625,9,0.875,45.0,7.514285714285714
20266008,lognormal,stopwait,1000000.0,2.3247524752475246,2.328697400990099,4.653449876237624,14.0,33.0,125,794.3749581334657,893.8630083553414,0.855703125,0.9940625,0.213828125,0.03143006809848088,22.63375,7,0.9,45.638888888888886,7.527777777777778
20266008,markov_burst,true,,1.9964418316831682,2.0100556930693068,4.006497524752476,7.0,12.0,12,662.6970234662531,743.1344266858748,0.80484375,0.995390625,0.6275,0.0831297976273552,20.185,13,nan,nan,nan
20266008,markov_burst,sco,,1.9964418316831682,2.0100556930693068,4.006497524752476,7.0,12.0,12,1786.6508862011601,2010.142360269101,0.804140625,0.994921875,0.755234375,0.06677140612725845,20.256875,13,0.95,48.13157894736842,9.421052631578947
20266008,markov_burst,forced,,1.9964418316831682,2.0100556930693068,4.006497524752476,7.0,12.0,12,1724.6771322704385,1931.3764785242113,0.808359375,0.995390625,0.747265625,0.06474694589877836,20.2709375,13,0.925,42.432432432432435,7.513513513513513
20266008,markov_burst,pa16,16.0,1.9964418316831682,2.0100556930693068,4.006497524752476,7.0,12.0,12,431.3067331811999,504.2159047201459,0.8578125,0.995234375,0.337265625,0.024554351625305837,20.215625,13,0.875,43.114285714285714,7.428571428571429
20266008,markov_burst,stopwait,1000000.0,1.9964418316831682,2.0100556930693068,4.006497524752476,7.0,12.0,12,932.2996363119456,1075.503244638043,0.88875,0.995234375,0.0834375,0.004108391608391608,20.2009375,10,0.975,45.41025641025641,7.538461538461538
20266008,forward_heavy,true,,1.994740099009901,2.0,3.994740099009901,13.0,13.0,13,474.84396772531784,519.884689786948,0.818828125,0.995,0.625234375,0.06556661428321983,19.996875,6,nan,nan,nan
20266008,forward_heavy,sco,,1.994740099009901,2.0,3.994740099009901,13.0,13.0,13,1681.4116491392847,1845.6628748147298,0.828828125,0.994921875,0.769296875,0.07126637554585152,20.02,8,0.925,43.83783783783784,7.486486486486487
20266008,forward_heavy,forced,,1.994740099009901,2.0,3.994740099009901,13.0,13.0,13,1600.5504074803628,1777.5635671484065,0.82765625,0.995234375,0.76328125,0.07185262790291601,20.0278125,8,0.85,44.088235294117645,7.176470588235294
20266008,forward_heavy,pa16,16.0,1.994740099009901,2.0,3.994740099009901,13.0,13.0,13,379.71669845683283,440.5384205836482,0.8146875,0.99515625,0.3146875,0.07023060796645703,19.9896875,8,0.9,42.361111111111114,7.5
20266008,forward_heavy,stopwait,1000000.0,1.994740099009901,2.0,3.994740099009901,13.0,13.0,13,742.270897143897,890.9398940148797,0.8746875,0.995,0.0715625,0.017366262326555547,20.050625,5,0.95,44.1578947368421,7.552631578947368
20266008,feedback_heavy,true,,2.0,1.9952042079207921,3.995204207920792,13.0,13.0,13,1027.3059508724411,1119.2096586000478,0.8953125,0.99515625,0.714140625,0.0,19.8190625,6,nan,nan,nan
20266008,feedback_heavy,sco,,2.0,1.9952042079207921,3.995204207920792,13.0,13.0,13,1974.2589131122709,2173.5492739497877,0.89484375,0.995078125,0.7696875,0.0,19.7709375,7,0.95,45.73684210526316,7.552631578947368
20266008,feedback_heavy,forced,,2.0,1.9952042079207921,3.995204207920792,13.0,13.0,13,1865.1200156095128,2076.634461064705,0.89453125,0.994921875,0.763671875,8.732861758798358e-05,19.7825,7,0.9,42.388888888888886,7.361111111111111
20266008,feedback_heavy,pa16,16.0,2.0,1.9952042079207921,3.995204207920792,13.0,13.0,13,380.7826517244557,440.837648080518,0.895078125,0.9946875,0.3003125,0.0,19.75375,7,0.85,44.85294117647059,7.5
20266008,feedback_heavy,stopwait,1000000.0,2.0,1.9952042079207921,3.995204207920792,13.0,13.0,13,597.0405066986118,736.825944797815,0.894375,0.995234375,0.06234375,0.0,19.823125,5,0.95,43.526315789473685,7.473684210526316
20266009,fixed,true,,2.0,2.0,4.0,4.0,4.0,4,1455.4116096525813,1418.6504120150048,0.901328125,0.995,0.67421875,0.0,19.95,5,nan,nan,nan
20266009,fixed,sco,,2.0,2.0,4.0,4.0,4.0,4,4127.254222410045,4021.581982184972,0.900625,0.995,0.80078125,0.0,19.95,5,1.0,45.59375,7.4375
20266009,fixed,forced,,2.0,2.0,4.0,4.0,4.0,4,3763.7478097988796,3715.5301991132746,0.90015625,0.995,0.7896875,0.00034704147145583897,19.95,5,0.9375,46.166666666666664,7.433333333333334
20266009,fixed,pa16,16.0,2.0,2.0,4.0,4.0,4.0,4,491.20584933548906,496.17267537898124,0.899921875,0.995,0.25640625,0.0,19.95,5,1.0,46.4375,7.53125
20266009,fixed,stopwait,1000000.0,2.0,2.0,4.0,4.0,4.0,4,519.3356754213767,547.7084264841087,0.89921875,0.995,0.0,0.0,19.95,1,0.96875,42.774193548387096,7.516129032258065
20266009,light_iid,true,,1.994430693069307,2.0020111386138613,3.9964418316831685,6.0,6.0,6,1234.4476204840466,1204.8097435324516,0.706328125,0.995,0.649453125,0.08931820150740709,19.943125,6,nan,nan,nan
20266009,light_iid,sco,,1.994430693069307,2.0020111386138613,3.9964418316831685,6.0,6.0,6,3376.4049134529832,3247.409792227898,0.679609375,0.995078125,0.7815625,0.12114117238987167,19.9675,7,0.84375,47.370370370370374,7.37037037037037
20266009,light_iid,forced,,1.994430693069307,2.0020111386138613,3.9964418316831685,6.0,6.0,6,3222.4830206521356,3089.127459693609,0.6834375,0.99515625,0.7740625,0.11989242647696711,19.9521875,7,0.9375,42.266666666666666,7.233333333333333
20266009,light_iid,pa16,16.0,1.994430693069307,2.0020111386138613,3.9964418316831685,6.0,6.0,6,509.0408778057931,510.94523004956557,0.865390625,0.99515625,0.328203125,0.01685051680708764,19.9509375,7,1.0,47.34375,7.59375
20266009,light_iid,stopwait,1000000.0,1.994430693069307,2.0020111386138613,3.9964418316831685,6.0,6.0,6,558.4621532981902,578.0720626707388,0.895546875,0.994921875,0.09734375,0.002345175019543125,19.9578125,4,0.90625,43.41379310344828,7.551724137931035
20266009,heavy_iid,true,,2.000773514851485,1.984839108910891,3.985612623762376,12.0,22.0,22,664.5698435141859,645.6526785777545,0.823359375,0.99515625,0.674453125,0.06574154379878577,19.916875,7,nan,nan,nan
20266009,heavy_iid,sco,,2.000773514851485,1.984839108910891,3.985612623762376,12.0,22.0,22,1470.977242676861,1432.4904932259383,0.835,0.995703125,0.742109375,0.06586254772648387,19.888125,8,0.90625,45.58620689655172,7.379310344827586
20266009,heavy_iid,forced,,2.000773514851485,1.984839108910891,3.985612623762376,12.0,22.0,22,1439.7076455674155,1395.511170215804,0.833203125,0.995859375,0.736640625,0.06722761970853573,19.9140625,8,0.875,45.714285714285715,7.285714285714286
20266009,heavy_iid,pa16,16.0,2.000773514851485,1.984839108910891,3.985612623762376,12.0,22.0,22,557.1078142591543,538.5857968400452,0.818515625,0.995390625,0.381953125,0.07572073636679402,19.9121875,8,0.875,45.92857142857143,7.535714285714286
20266009,heavy_iid,stopwait,1000000.0,2.000773514851485,1.984839108910891,3.985612623762376,12.0,22.0,22,1409.5007072374963,1395.5689902940596,0.88375,0.99515625,0.09203125,0.013547546678245766,19.8971875,6,0.90625,47.0,7.689655172413793
20266009,lognormal,true,,2.333818069306931,2.3445080445544555,4.678326113861386,14.0,34.0,78,828.6792886241827,825.1090482145707,0.763984375,0.99375,0.695703125,0.0764496836265927,22.3321875,7,nan,nan,nan
20266009,lognormal,sco,,2.333818069306931,2.3445080445544555,4.678326113861386,14.0,34.0,78,2080.942483961519,2047.731367397618,0.743515625,0.9940625,0.784453125,0.08731466227347612,22.3328125,9,0.90625,45.758620689655174,7.482758620689655
20266009,lognormal,forced,,2.333818069306931,2.3445080445544555,4.678326113861386,14.0,34.0,78,2031.0330179707644,1990.527331045259,0.746953125,0.9934375,0.7796875,0.08581603404846695,22.300625,9,0.90625,45.03448275862069,7.310344827586207
20266009,lognormal,pa16,16.0,2.333818069306931,2.3445080445544555,4.678326113861386,14.0,34.0,78,624.295543908964,611.594291461101,0.821640625,0.995,0.438359375,0.053399322740296955,22.313125,8,1.0,48.125,7.46875
20266009,lognormal,stopwait,1000000.0,2.333818069306931,2.3445080445544555,4.678326113861386,14.0,34.0,78,1122.8791880655995,1074.382407358576,0.861796875,0.994609375,0.20421875,0.031087183049670026,22.409375,7,0.84375,46.2962962962963,7.407407407407407
20266009,markov_burst,true,,1.9860767326732673,2.010210396039604,3.996287128712871,7.0,12.0,12,970.5056237561747,937.5191360816342,0.815546875,0.995234375,0.623671875,0.07614257219668719,20.2834375,10,nan,nan,nan
20266009,markov_burst,sco,,1.9860767326732673,2.010210396039604,3.996287128712871,7.0,12.0,12,2573.114969827709,2470.172830733367,0.81625,0.9946875,0.754765625,0.06015102855654891,20.30375,13,1.0,45.3125,7.3125
20266009,markov_burst,forced,,1.9860767326732673,2.010210396039604,3.996287128712871,7.0,12.0,12,2412.3297405800645,2364.4185891974157,0.81859375,0.99609375,0.745859375,0.058782729322004505,20.290625,13,0.96875,46.83870967741935,7.483870967741935
20266009,markov_burst,pa16,16.0,1.9860767326732673,2.010210396039604,3.996287128712871,7.0,12.0,12,593.775588710381,595.352865966023,0.866484375,0.995,0.334296875,0.023790917773725797,20.1559375,13,0.96875,47.25806451612903,7.67741935483871
20266009,markov_burst,stopwait,1000000.0,1.9860767326732673,2.010210396039604,3.996287128712871,7.0,12.0,12,1305.990250448811,1315.5018787338954,0.894921875,0.995,0.072578125,0.00425531914893617,19.9596875,7,0.96875,47.483870967741936,7.193548387096774
20266009,forward_heavy,true,,2.000773514851485,2.0,4.000773514851486,13.0,13.0,13,664.5698435141859,645.6526785777545,0.823359375,0.995,0.623046875,0.06574154379878577,20.065,7,nan,nan,nan
20266009,forward_heavy,sco,,2.000773514851485,2.0,4.000773514851486,13.0,13.0,13,2353.7453155919256,2302.088218526795,0.835,0.995,0.7678125,0.07160215240409651,20.051875,9,0.9375,43.46666666666667,7.4
20266009,forward_heavy,forced,,2.000773514851485,2.0,4.000773514851486,13.0,13.0,13,2215.7260010485093,2172.9025048395224,0.8334375,0.99484375,0.76015625,0.07217836384141581,20.0690625,8,0.90625,43.10344827586207,7.482758620689655
20266009,forward_heavy,pa16,16.0,2.000773514851485,2.0,4.000773514851486,13.0,13.0,13,541.9288439135466,527.1135453483109,0.81796875,0.995,0.3078125,0.07025618758141554,20.0675,8,0.90625,47.206896551724135,7.551724137931035
20266009,forward_heavy,stopwait,1000000.0,2.000773514851485,2.0,4.000773514851486,13.0,13.0,13,1123.164664636903,1090.7784779890078,0.8803125,0.994609375,0.07375,0.014322916666666666,20.046875,7,0.8125,44.19230769230769,7.1923076923076925
20266009,feedback_heavy,true,,2.0,1.984839108910891,3.984839108910891,13.0,13.0,13,1455.4116096525813,1418.6504120150048,0.901328125,0.995078125,0.718125,0.0,19.7703125,6,nan,nan,nan
20266009,feedback_heavy,sco,,2.0,1.984839108910891,3.984839108910891,13.0,13.0,13,2695.5979049213947,2688.252751812013,0.90078125,0.995078125,0.767265625,0.0,19.8040625,7,0.96875,40.096774193548384,7.258064516129032
20266009,feedback_heavy,forced,,2.0,1.984839108910891,3.984839108910891,13.0,13.0,13,2615.4996922269092,2587.2136371871543,0.90046875,0.995,0.760234375,0.0003469210754553339,19.81,7,0.90625,43.0,7.344827586206897
20266009,feedback_heavy,pa16,16.0,2.0,1.984839108910891,3.984839108910891,13.0,13.0,13,517.3868677867022,527.7213257646623,0.89984375,0.9953125,0.295234375,0.0,19.8109375,7,0.96875,44.935483870967744,7.354838709677419
20266009,feedback_heavy,stopwait,1000000.0,2.0,1.984839108910891,3.984839108910891,13.0,13.0,13,827.2241216440183,874.0369802331481,0.89953125,0.994609375,0.057578125,0.0,19.7421875,5,0.9375,45.86666666666667,7.5
20266010,fixed,true,,2.0,2.0,4.0,4.0,4.0,4,1111.4987550040523,1121.7836839602885,0.903359375,0.995,0.673359375,0.0,19.95,5,nan,nan,nan
20266010,fixed,sco,,2.0,2.0,4.0,4.0,4.0,4,3241.78509955634,3299.6984956399506,0.901640625,0.995,0.8003125,0.0,19.95,5,0.972972972972973,43.19444444444444,7.305555555555555
20266010,fixed,forced,,2.0,2.0,4.0,4.0,4.0,4,3042.2440798697844,3103.348149942575,0.9015625,0.995,0.789609375,0.0003465003465003465,19.95,5,0.972972972972973,45.44444444444444,7.444444444444445
20266010,fixed,pa16,16.0,2.0,2.0,4.0,4.0,4.0,4,393.2751493364927,412.3284527030495,0.90203125,0.995,0.2534375,0.0,19.95,5,0.8918918918918919,44.84848484848485,7.363636363636363
20266010,fixed,stopwait,1000000.0,2.0,2.0,4.0,4.0,4.0,4,433.98646641362086,462.83529417281176,0.900546875,0.995,0.0,0.0,19.95,1,0.972972972972973,42.77777777777778,7.555555555555555
20266010,light_iid,true,,1.9956373762376238,2.0030012376237623,3.9986386138613863,6.0,6.0,6,957.5568281657773,958.119894873934,0.706328125,0.995390625,0.6484375,0.08962713037459988,19.880625,6,nan,nan,nan
20266010,light_iid,sco,,1.9956373762376238,2.0030012376237623,3.9986386138613863,6.0,6.0,6,2550.2496157643072,2598.8634073533576,0.68171875,0.994921875,0.778203125,0.11909917713295799,19.851875,7,0.972972972972973,42.861111111111114,7.444444444444445
20266010,light_iid,forced,,1.9956373762376238,2.0030012376237623,3.9986386138613863,6.0,6.0,6,2349.75142018442,2427.9044978072247,0.688671875,0.994609375,0.7684375,0.1158578856152513,19.8478125,7,1.0,44.891891891891895,7.513513513513513
20266010,light_iid,pa16,16.0,1.9956373762376238,2.0030012376237623,3.9986386138613863,6.0,6.0,6,412.3472972461527,433.19344958944623,0.869140625,0.9953125,0.325,0.017066620462618035,19.846875,6,0.918918918918919,45.529411764705884,7.5
20266010,light_iid,stopwait,1000000.0,1.9956373762376238,2.0030012376237623,3.9986386138613863,6.0,6.0,6,475.7189598261263,500.085563859339,0.895390625,0.995078125,0.09171875,0.0032092982912655045,19.870625,5,0.972972972972973,42.75,7.527777777777778
20266010,heavy_iid,true,,1.989789603960396,2.0021658415841586,3.9919554455445545,12.0,22.0,22,512.1866520644741,514.8511597333415,0.8278125,0.99546875,0.668984375,0.06154910096818811,19.4840625,7,nan,nan,nan
20266010,heavy_iid,sco,,1.989789603960396,2.0021658415841586,3.9919554455445545,12.0,22.0,22,1177.25169381577,1190.1553665419208,0.84,0.994375,0.738203125,0.06282495667244367,19.451875,8,1.0,45.24324324324324,7.405405405405405
20266010,heavy_iid,forced,,1.989789603960396,2.0021658415841586,3.9919554455445545,12.0,22.0,22,1133.8439588457845,1153.5102373661857,0.837265625,0.99515625,0.735234375,0.06422813556383809,19.4465625,8,0.918918918918919,45.205882352941174,7.470588235294118
20266010,heavy_iid,pa16,16.0,1.989789603960396,2.0021658415841586,3.9919554455445545,12.0,22.0,22,435.35362204172316,439.97438680300365,0.823984375,0.99578125,0.3621875,0.0717628705148206,19.480625,7,0.8648648648648649,43.25,7.09375
20266010,heavy_iid,stopwait,1000000.0,1.989789603960396,2.0021658415841586,3.9919554455445545,12.0,22.0,22,1137.3445627355773,1159.3995569114,0.887578125,0.995234375,0.071953125,0.010760152724748352,19.4359375,6,0.918918918918919,44.64705882352941,7.294117647058823
20266010,lognormal,true,,2.326825495049505,2.3261293316831684,4.652954826732674,14.0,33.0,125,659.4622523819612,669.8766112555235,0.760859375,0.994453125,0.690546875,0.08171037825672986,22.1084375,8,nan,nan,nan
20266010,lognormal,sco,,2.326825495049505,2.3261293316831684,4.652954826732674,14.0,33.0,125,1645.3120404591573,1684.9894217135754,0.741796875,0.994375,0.779921875,0.0921291886743441,22.1215625,10,0.8918918918918919,42.18181818181818,7.121212121212121
20266010,lognormal,forced,,2.326825495049505,2.3261293316831684,4.652954826732674,14.0,33.0,125,1549.1580152520223,1611.9200944229706,0.74703125,0.994375,0.776015625,0.08684347373894956,22.0778125,10,0.7837837837837838,43.41379310344828,7.310344827586207
20266010,lognormal,pa16,16.0,2.326825495049505,2.3261293316831684,4.652954826732674,14.0,33.0,125,494.7966411267182,509.4701721787687,0.825703125,0.994765625,0.431484375,0.052613331021929444,22.15375,10,0.9459459459459459,44.57142857142857,7.4
20266010,lognormal,stopwait,1000000.0,2.326825495049505,2.3261293316831684,4.652954826732674,14.0,33.0,125,876.5468462088782,889.7581502449904,0.86578125,0.99453125,0.183125,0.026984815618221258,22.0709375,7,0.9459459459459459,44.34285714285714,7.4
20266010,markov_burst,true,,1.9988397277227723,1.9959777227722773,3.9948174504950495,7.0,12.0,12,723.0259979964687,746.914204111296,0.81171875,0.99421875,0.62328125,0.08347750865051903,20.130625,11,nan,nan,nan
20266010,markov_burst,sco,,1.9988397277227723,1.9959777227722773,3.9948174504950495,7.0,12.0,12,2086.830227154882,2113.5116381612866,0.80953125,0.9946875,0.7540625,0.06646447140381283,20.0903125,13,0.8918918918918919,46.878787878787875,7.363636363636363
20266010,markov_burst,forced,,1.9988397277227723,1.9959777227722773,3.9948174504950495,7.0,12.0,12,1984.796714080494,1993.7034342293546,0.810390625,0.99546875,0.744921875,0.06615864218912365,20.1434375,13,0.918918918918919,46.23529411764706,7.323529411764706
20266010,markov_burst,pa16,16.0,1.9988397277227723,1.9959777227722773,3.9948174504950495,7.0,12.0,12,492.87298013937067,513.3600499353128,0.8653125,0.995234375,0.3359375,0.027277450640803603,20.1065625,11,0.9459459459459459,47.17142857142857,7.4
20266010,markov_burst,stopwait,1000000.0,1.9988397277227723,1.9959777227722773,3.9948174504950495,7.0,12.0,12,936.4085706009266,1065.9418622930602,0.896796875,0.9946875,0.07546875,0.003295464400312202,19.9909375,8,1.0,44.75675675675676,7.081081081081081
20266010,forward_heavy,true,,1.989789603960396,2.0,3.989789603960396,13.0,13.0,13,512.1866520644741,514.8511597333415,0.8278125,0.995703125,0.618515625,0.06154910096818811,19.8325,7,nan,nan,nan
20266010,forward_heavy,sco,,1.989789603960396,2.0,3.989789603960396,13.0,13.0,13,1899.5091341039672,1909.9579539966792,0.8403125,0.994609375,0.7675,0.0672560235742763,19.795625,9,0.918918918918919,44.294117647058826,7.470588235294118
20266010,forward_heavy,forced,,1.989789603960396,2.0,3.989789603960396,13.0,13.0,13,1801.832349723246,1816.4903391620173,0.840625,0.995,0.7609375,0.06660315260696345,19.80125,9,0.918918918918919,43.23529411764706,7.617647058823529
20266010,forward_heavy,pa16,16.0,1.989789603960396,2.0,3.989789603960396,13.0,13.0,13,430.1559835530299,432.759932453061,0.8259375,0.995546875,0.28953125,0.06815623105568545,19.8196875,7,0.9459459459459459,45.714285714285715,7.257142857142857
20266010,forward_heavy,stopwait,1000000.0,1.989789603960396,2.0,3.989789603960396,13.0,13.0,13,896.2336036861485,927.8509400678931,0.884765625,0.994765625,0.058984375,0.012579161967554438,19.791875,5,0.972972972972973,43.25,7.444444444444445
20266010,feedback_heavy,true,,2.0,2.0021658415841586,4.002165841584159,13.0,13.0,13,1111.4987550040523,1121.7836839602885,0.903359375,0.99484375,0.7175,0.0,19.600625,5,nan,nan,nan
20266010,feedback_heavy,sco,,2.0,2.0021658415841586,4.002165841584159,13.0,13.0,13,2184.5805943916057,2228.5318617290804,0.90203125,0.9953125,0.765390625,0.0,19.6134375,7,1.0,45.432432432432435,7.648648648648648
20266010,feedback_heavy,forced,,2.0,2.0021658415841586,4.002165841584159,13.0,13.0,13,2119.3926740264383,2123.2455969888147,0.901875,0.99515625,0.758515625,0.00034638032559750607,19.6034375,7,0.918918918918919,45.470588235294116,7.5
20266010,feedback_heavy,pa16,16.0,2.0,2.0021658415841586,4.002165841584159,13.0,13.0,13,409.48085459389597,430.3820190379163,0.9025,0.994296875,0.280390625,0.0,19.6221875,6,0.8918918918918919,45.24242424242424,7.2727272727272725
20266010,feedback_heavy,stopwait,1000000.0,2.0,2.0021658415841586,4.002165841584159,13.0,13.0,13,668.3875477339488,716.9111475556355,0.901328125,0.995,0.04953125,0.0,19.6309375,4,0.9459459459459459,41.34285714285714,7.228571428571429
20266011,fixed,true,,2.0,2.0,4.0,4.0,4.0,4,1110.0646924900577,1165.332504754371,0.90203125,0.995,0.672578125,0.0,19.95,5,nan,nan,nan
20266011,fixed,sco,,2.0,2.0,4.0,4.0,4.0,4,3206.2083998532407,3401.386869548121,0.901015625,0.995,0.80046875,0.0,19.95,5,0.9117647058823529,43.58064516129032,7.354838709677419
20266011,fixed,forced,,2.0,2.0,4.0,4.0,4.0,4,2935.221123554929,3154.1829098527587,0.900546875,0.995,0.79109375,0.0,19.95,5,0.9117647058823529,41.806451612903224,7.354838709677419
20266011,fixed,pa16,16.0,2.0,2.0,4.0,4.0,4.0,4,378.4608380752951,422.6704292811353,0.9015625,0.995,0.270234375,0.0,19.95,5,0.9411764705882353,42.90625,7.53125
20266011,fixed,stopwait,1000000.0,2.0,2.0,4.0,4.0,4.0,4,413.3657774579317,479.2031204913477,0.90203125,0.995,0.0,0.0,19.95,1,0.9411764705882353,44.59375,7.46875
20266011,light_iid,true,,1.999009900990099,2.0000928217821783,3.9991027227722773,6.0,6.0,6,957.6036029866315,1025.0952832109092,0.705703125,0.99484375,0.6521875,0.09010570091838503,19.9540625,6,nan,nan,nan
20266011,light_iid,sco,,1.999009900990099,2.0000928217821783,3.9991027227722773,6.0,6.0,6,2577.8940652590854,2689.1486313670093,0.68234375,0.99484375,0.780546875,0.1135083614938047,19.96875,7,0.9411764705882353,43.34375,7.46875
20266011,light_iid,forced,,1.999009900990099,2.0000928217821783,3.9991027227722773,6.0,6.0,6,2395.8638126842698,2522.1298499110685,0.688359375,0.994921875,0.76953125,0.11047519944502254,19.95875,7,0.9411764705882353,40.5625,7.4375
20266011,light_iid,pa16,16.0,1.999009900990099,2.0000928217821783,3.9991027227722773,6.0,6.0,6,408.0368636510277,452.936733863609,0.864921875,0.995,0.336875,0.018715882505848713,19.96875,7,0.8823529411764706,42.03333333333333,7.4
20266011,light_iid,stopwait,1000000.0,1.999009900990099,2.0000928217821783,3.9991027227722773,6.0,6.0,6,448.28053776931665,513.8374022656722,0.8953125,0.99515625,0.09984375,0.004330504070673827,19.9571875,5,0.9117647058823529,40.25806451612903,7.258064516129032
20266011,heavy_iid,true,,1.9989170792079207,1.9970606435643565,3.995977722772277,12.0,12.0,22,506.3221906566573,538.8198632320655,0.82203125,0.995,0.68390625,0.06890581717451523,20.2065625,7,nan,nan,nan
20266011,heavy_iid,sco,,1.9989170792079207,1.9970606435643565,3.995977722772277,12.0,12.0,22,1150.2864376846733,1234.4770402793397,0.83421875,0.994921875,0.74546875,0.06639507670971656,20.1640625,8,0.8823529411764706,42.43333333333333,7.466666666666667
20266011,heavy_iid,forced,,1.9989170792079207,1.9970606435643565,3.995977722772277,12.0,12.0,22,1105.2909486187416,1184.6021159247232,0.833984375,0.9946875,0.74171875,0.06502514305531472,20.16125,7,0.9117647058823529,42.645161290322584,7.612903225806452
20266011,heavy_iid,pa16,16.0,1.9989170792079207,1.9970606435643565,3.995977722772277,12.0,12.0,22,430.02068421887776,469.10580176147073,0.81796875,0.99484375,0.4009375,0.07778258986574274,20.234375,7,0.7941176470588235,42.55555555555556,7.333333333333333
20266011,heavy_iid,stopwait,1000000.0,1.9989170792079207,1.9970606435643565,3.995977722772277,12.0,12.0,22,1035.6556010780068,1196.388017358741,0.881875,0.99453125,0.099921875,0.015524718126626192,20.1196875,6,0.8529411764705882,40.793103448275865,7.310344827586207
20266011,lognormal,true,,2.334792698019802,2.363907797029703,4.698700495049505,14.0,34.0,104,658.4416137998543,694.0560602616033,0.75875,0.99421875,0.70265625,0.08444482937813962,22.83875,7,nan,nan,nan
20266011,lognormal,sco,,2.334792698019802,2.363907797029703,4.698700495049505,14.0,34.0,104,1569.0388783063795,1712.1617713199712,0.745546875,0.994375,0.786953125,0.08759313810431468,22.7703125,9,0.9117647058823529,45.516129032258064,7.709677419354839
20266011,lognormal,forced,,2.334792698019802,2.363907797029703,4.698700495049505,14.0,34.0,104,1521.4098260179585,1636.0687339251704,0.74625,0.993203125,0.781171875,0.08775279923617742,22.763125,9,0.8823529411764706,43.3,7.6
20266011,lognormal,pa16,16.0,2.334792698019802,2.363907797029703,4.698700495049505,14.0,34.0,104,501.52787286515945,542.7277628804832,0.819609375,0.994140625,0.45203125,0.05570475612925583,22.7515625,9,0.8235294117647058,41.142857142857146,7.214285714285714
20266011,lognormal,stopwait,1000000.0,2.334792698019802,2.363907797029703,4.698700495049505,14.0,34.0,104,885.5013644458099,960.204155435582,0.859375,0.99375,0.2153125,0.03130419701699618,22.71125,6,0.9117647058823529,43.32258064516129,7.225806451612903
20266011,markov_burst,true,,1.9808168316831682,2.023050742574257,4.003867574257426,7.0,12.0,12,707.0368141436527,745.8324456870762,0.81546875,0.99609375,0.62578125,0.07876741971782221,20.1896875,11,nan,nan,nan
20266011,markov_burst,sco,,1.9808168316831682,2.023050742574257,4.003867574257426,7.0,12.0,12,1946.1698579386098,2057.5541224876642,0.815390625,0.99578125,0.752890625,0.06272743025472188,20.271875,13,0.9117647058823529,46.225806451612904,7.258064516129032
20266011,markov_burst,forced,,1.9808168316831682,2.023050742574257,4.003867574257426,7.0,12.0,12,1871.2274569405422,1997.3402541671423,0.81484375,0.99625,0.746015625,0.06352370222722939,20.2784375,13,0.9411764705882353,42.96875,7.21875
20266011,markov_burst,pa16,16.0,1.9808168316831682,2.023050742574257,4.003867574257426,7.0,12.0,12,455.07707396160345,493.1878418707979,0.867265625,0.995859375,0.333046875,0.02658468998960859,20.265625,12,0.9411764705882353,40.46875,6.90625
20266011,markov_burst,stopwait,1000000.0,1.9808168316831682,2.023050742574257,4.003867574257426,7.0,12.0,12,962.9178609976163,1049.086494314904,0.897421875,0.9953125,0.0796875,0.005108667417092389,20.1175,7,0.9411764705882353,43.3125,7.4375
20266011,forward_heavy,true,,1.9989170792079207,2.0,3.9989170792079207,13.0,13.0,13,506.3221906566573,538.8198632320655,0.82203125,0.995078125,0.62734375,0.06890581717451523,20.06625,6,nan,nan,nan
20266011,forward_heavy,sco,,1.9989170792079207,2.0,3.9989170792079207,13.0,13.0,13,1841.9255169706419,1932.034192286459,0.83375,0.995,0.77,0.0732680135264025,20.059375,7,0.9117647058823529,42.25806451612903,7.516129032258065
20266011,forward_heavy,forced,,1.9989170792079207,2.0,3.9989170792079207,13.0,13.0,13,1730.5769895407357,1836.817249463574,0.833046875,0.9953125,0.76390625,0.07289590014735199,20.051875,7,0.8823529411764706,42.93333333333333,7.3
20266011,forward_heavy,pa16,16.0,1.9989170792079207,2.0,3.9989170792079207,13.0,13.0,13,410.71269862376084,451.09860595903257,0.818515625,0.994765625,0.312421875,0.07502382396257472,20.0796875,7,0.7941176470588235,42.925925925925924,7.333333333333333
20266011,forward_heavy,stopwait,1000000.0,1.9989170792079207,2.0,3.9989170792079207,13.0,13.0,13,827.7360421290834,951.0788418683928,0.881796875,0.994921875,0.07015625,0.01524997833809895,20.0375,5,0.9411764705882353,41.28125,7.375
20266011,feedback_heavy,true,,2.0,1.9970606435643565,3.9970606435643563,13.0,13.0,13,1110.0646924900577,1165.332504754371,0.90203125,0.99546875,0.72078125,0.0,20.0975,6,nan,nan,nan
20266011,feedback_heavy,sco,,2.0,1.9970606435643565,3.9970606435643563,13.0,13.0,13,2149.521209544,2285.5096477803386,0.900546875,0.994921875,0.76890625,0.0,20.07875,8,0.9411764705882353,39.6875,7.5
20266011,feedback_heavy,forced,,2.0,1.9970606435643565,3.9970606435643563,13.0,13.0,13,2008.2764279808534,2168.709258835361,0.901015625,0.994765625,0.76265625,0.0,20.0609375,8,0.9411764705882353,42.71875,7.5
20266011,feedback_heavy,pa16,16.0,2.0,1.9970606435643565,3.9970606435643563,13.0,13.0,13,414.3901551707097,456.1939831026482,0.901328125,0.9946875,0.315234375,0.0,20.073125,7,0.8529411764705882,43.172413793103445,7.310344827586207
20266011,feedback_heavy,stopwait,1000000.0,2.0,1.9970606435643565,3.9970606435643563,13.0,13.0,13,640.8557001843936,741.7852183762684,0.901796875,0.995234375,0.07453125,0.0,20.074375,4,0.9117647058823529,42.03225806451613,7.354838709677419
