profile,method,seeds,post_cost_mean,post_cost_ci_low,post_cost_ci_high,total_cost_mean,total_cost_ci_low,total_cost_ci_high,delivery_rate_mean,delivery_rate_ci_low,delivery_rate_ci_high,ack_rate_mean,ack_rate_ci_low,ack_rate_ci_high,redundant_attempt_rate_mean,redundant_attempt_rate_ci_low,redundant_attempt_rate_ci_high,stale_arrival_rate_mean,stale_arrival_rate_ci_low,stale_arrival_rate_ci_high,mean_inflight_per_slot_mean,mean_inflight_per_slot_ci_low,mean_inflight_per_slot_ci_high,max_inflight_count_mean,max_inflight_count_ci_low,max_inflight_count_ci_high,detected_fraction_mean,detected_fraction_ci_low,detected_fraction_ci_high,calendar_delay_mean,calendar_delay_ci_low,calendar_delay_ci_high,observation_delay_mean,observation_delay_ci_low,observation_delay_ci_high
fixed,true,12,1218.849744316419,1133.3888800312188,1304.3106086016192,1236.9281347910858,1149.906258909502,1323.9500106726696,0.8981054687500002,0.8964969244878617,0.8997140130121387,0.9949999999999998,0.9949999999999997,0.9949999999999999,0.6738541666666666,0.673464076439289,0.6742442568940443,0.0,0.0,0.0,19.949999999999996,19.949999999999992,19.95,5.0,5.0,5.0,nan,nan,nan,nan,nan,nan,nan,nan,nan
fixed,sco,12,3486.4406227579652,3241.2805743161293,3731.600671199801,3548.838431688287,3312.388610422707,3785.288252953867,0.8977083333333332,0.8961950142339443,0.8992216524327221,0.9949999999999998,0.9949999999999997,0.9949999999999999,0.8005924479166667,0.8003183621163898,0.8008665337169436,0.0,0.0,0.0,19.949999999999996,19.949999999999992,19.95,5.0,5.0,5.0,0.947664301340772,0.9280801904032449,0.967248412278299,44.64573738095084,43.867275210636805,45.42419955126488,7.4320431829619595,7.382588667535132,7.481497698388787
fixed,forced,12,3237.530919568791,3023.9981888479088,3451.063650289673,3313.199715959827,3097.1789901484117,3529.220441771242,0.897578125,0.8961426747980783,0.8990135752019217,0.9949999999999998,0.9949999999999997,0.9949999999999999,0.7904492187500001,0.7900087448671116,0.7908896926328886,0.0001667661483194081,7.413576259273728e-05,0.0002593965340460789,19.949999999999996,19.949999999999992,19.95,5.0,5.0,5.0,0.9439818820333526,0.922534011755491,0.9654297523112143,44.78066102681873,43.50023369245859,46.06108836117886,7.425978207651166,7.368580552435735,7.483375862866597
fixed,pa16,12,426.02436417220366,398.61872910674896,453.42999923765836,450.1279549543729,423.6003759159864,476.65553399275944,0.8978125000000001,0.8962868283427678,0.8993381716572324,0.9949999999999998,0.9949999999999997,0.9949999999999999,0.26720703124999995,0.2605548564664512,0.2738592060335487,0.0,0.0,0.0,19.949999999999996,19.949999999999992,19.95,5.0,5.0,5.0,0.9521181774858246,0.9299576605828317,0.9742786943888175,45.624893459347696,44.7321136435002,46.51767327519519,7.453421768970703,7.401978969440632,7.504864568500773
fixed,stopwait,12,472.5286277468288,442.70976757098515,502.3474879226725,517.6131152999191,486.413682993422,548.812547606416,0.8977929687499998,0.8964685930749098,0.8991173444250898,0.9949999999999998,0.9949999999999997,0.9949999999999999,0.0,0.0,0.0,0.0,0.0,0.0,19.949999999999996,19.949999999999992,19.95,1.0,1.0,1.0,0.9586929887481358,0.942038692850463,0.9753472846458086,43.220326725134065,42.59577069047688,43.84488275979125,7.428272799758463,7.332819259976899,7.523726339540026
light_iid,true,12,1042.8373413024644,972.4710808098007,1113.2036017951282,1056.6234654170655,986.00290800366,1127.244022830471,0.7068294270833332,0.7051207133389785,0.7085381408276878,0.9950585937499999,0.9949053238138577,0.9952118636861422,0.64994140625,0.6488506196038731,0.6510321928961268,0.08863869340237217,0.08763673122807869,0.08964065557666565,19.944375,19.91857244959348,19.97017755040652,5.833333333333333,5.61309471159534,6.053571955071326,nan,nan,nan,nan,nan,nan,nan,nan,nan
light_iid,sco,12,2797.9291280013167,2608.184442265541,2987.6738137370926,2850.702034808716,2659.2652816768336,3042.138787940598,0.6789778645833334,0.6771607338389581,0.6807949953277087,0.9949283854166665,0.9947794255312712,0.9950773453020618,0.7808203125,0.7801235593321437,0.7815170656678562,0.11741176023232607,0.11557972928785577,0.11924379117679636,19.94559895833333,19.9171434694984,19.974054447168264,7.0,7.0,7.0,0.9447253685305156,0.9133728683089142,0.976077868752117,45.71193019483622,44.703087125857685,46.720773263814756,7.478806826868617,7.412920952662283,7.5446927010749505
light_iid,forced,12,2617.4670206342416,2431.128586551274,2803.805454717209,2684.1493011409193,2507.307894996997,2860.9907072848414,0.684609375,0.6829107182606096,0.6863080317393904,0.99498046875,0.994807591966909,0.995153345533091,0.7716471354166666,0.7707171517804905,0.7725771190528428,0.11458936971276901,0.11298992457414436,0.11618881485139365,19.945208333333337,19.91517014987831,19.975246516788363,7.0,7.0,7.0,0.9550957085883556,0.933193527493473,0.9769978896832382,47.291671049825766,44.032623165091145,50.550718934560386,7.875869703072777,7.269590659581174,8.482148746564379
light_iid,pa16,12,446.51981864430394,419.4172998875991,473.6223374010088,471.5525067857505,444.99722525118915,498.10778832031184,0.8633333333333334,0.8611574807401687,0.8655091859264981,0.9950716145833334,0.9949578066493079,0.9951854225173589,0.33264322916666667,0.3282916260281987,0.3369948323051346,0.01781120370487799,0.016998168671921266,0.018624238737834715,19.94354166666667,19.915440366621365,19.971642966711972,6.666666666666667,6.388084397295336,6.945248936037998,0.9483723241076182,0.9310953901956412,0.9656492580195951,46.4241249908596,44.66001707827354,48.188232903445666,7.63035464906645,7.269922406710001,7.990786891422899
light_iid,stopwait,12,506.60374191612976,475.42409997672405,537.7833838555355,547.2640240541978,516.4265406031091,578.1015075052865,0.8923632812499999,0.89106792610708,0.8936586363929198,0.99498046875,0.994917601546275,0.9950433359537251,0.09612630208333334,0.09430049200980771,0.09795211215685896,0.003342196423819976,0.0030467674374663103,0.003637625410173642,19.94700520833333,19.923821302019356,19.970189114647305,4.333333333333333,4.054751063962002,4.611915602704664,0.9540254655144361,0.9342150951023315,0.9738358359265408,43.12925063429105,42.11984477558158,44.13865649300051,7.429144832480408,7.346063888005427,7.512225776955389
heavy_iid,true,12,557.7786382587168,519.8327641491475,595.7245123682861,570.3898918760626,532.043010090766,608.7367736613593,0.8208854166666667,0.8192821587026217,0.8224886746307117,0.9949153645833332,0.994725511350883,0.9951052178157833,0.6767643229166667,0.6742620652813882,0.6792665805519451,0.06479138901341928,0.06314564095735802,0.06643713706948055,19.934322916666666,19.810440485214414,20.058205348118918,6.833333333333333,6.506666666666666,7.16,nan,nan,nan,nan,nan,nan,nan,nan,nan
heavy_iid,sco,12,1261.2886689190962,1179.7623756052496,1342.8149622329427,1295.1239933198387,1212.8301713018193,1377.4178153378582,0.8328255208333334,0.8308470837980182,0.8348039578686486,0.9949609374999998,0.9947028453651506,0.995219029634849,0.7444075520833334,0.7425510619504461,0.7462640422162208,0.06468930460901107,0.06358769612541137,0.06579091309261076,19.930494791666668,19.795933599709922,20.065055983623413,8.0,7.758740677680508,8.241259322319491,0.9099897185375126,0.876166055864911,0.9438133812101143,45.595938962580824,44.67762626457884,46.51425166058281,7.467325680452716,7.3853289248895075,7.549322436015925
heavy_iid,forced,12,1221.6612536992461,1141.0727129998902,1302.249794398602,1254.69767147965,1174.7183340123659,1334.677008946934,0.8316927083333335,0.8297480031740444,0.8336374134926227,0.9950781249999999,0.9947843077627724,0.9953719422372275,0.7405273437500001,0.7390826270615364,0.7419720604384638,0.06518439842505984,0.06402432502506121,0.06634447182505847,19.929739583333333,19.792553425078754,20.066925741587912,7.833333333333333,7.506666666666666,8.16,0.902310387236858,0.8872389433445237,0.9173818311291922,44.659176965058464,43.74997256333781,45.568381366779114,7.4480732738497695,7.3952342404680715,7.500912307231467
heavy_iid,pa16,12,470.23062358837814,440.06302769541077,500.3982194813455,490.4536533342279,460.52051298141214,520.3867936870437,0.8173958333333334,0.8156796640270954,0.8191120026395715,0.9950325520833333,0.9947923121876148,0.9952727919790518,0.3868424479166667,0.38049436185215874,0.3931905339811747,0.07509003737276912,0.07376585691275378,0.07641421783278446,19.941354166666667,19.80808431368817,20.074624019645164,7.166666666666667,6.946428044928674,7.38690528840466,0.8798208967326615,0.8523000699258171,0.9073417235395059,47.363290407116885,45.460145247951615,49.266435566282155,7.778233458351992,7.289865311161059,8.266601605542926
heavy_iid,stopwait,12,1204.469631331104,1119.252711611418,1289.68655105079,1276.460005945129,1201.6911228924018,1351.2288889978563,0.880559895833333,0.8784430927354255,0.8826766989312406,0.9949479166666668,0.9947553923124338,0.9951404410208998,0.09304687499999999,0.08765653359057332,0.09843721640942665,0.014830095190905121,0.013615768307501712,0.01604442207430853,19.914401041666665,19.790585856704855,20.038216226628474,5.833333333333333,5.427233380468066,6.2394332861986,0.9245151738717916,0.9006888216452463,0.9483415260983369,45.06114918110569,44.04299597223567,46.07930238997571,7.447744998268763,7.351696586414527,7.543793410122999
lognormal,true,12,721.4724705643597,673.8514276924452,769.0935134362742,735.2776853973759,685.739633320159,784.8157374745928,0.7564583333333333,0.754278565670485,0.7586381009961817,0.9941471354166667,0.9939245501730269,0.9943697206603064,0.7001041666666666,0.6970576978142362,0.7031506355190971,0.08133172515176115,0.07985377799379148,0.08280967230973083,22.521067708333334,22.36700353640914,22.675131880257528,7.333333333333333,7.054751063962002,7.611915602704664,nan,nan,nan,nan,nan,nan,nan,nan,nan
lognormal,sco,12,1784.043945248651,1658.2601089370155,1909.8277815602864,1827.1112352330365,1710.8448940172232,1943.3775764488498,0.7385677083333334,0.7361063277264802,0.7410290889401866,0.9939973958333334,0.9937628615335136,0.9942319301331531,0.7859049479166668,0.7840643128497821,0.7877455829835515,0.08884409091946743,0.0873729711625879,0.09031521067634697,22.513880208333333,22.351348797758536,22.67641161890813,9.166666666666666,8.84,9.493333333333332,0.904844147583118,0.8875837811409064,0.9221045140253297,45.99389216796058,44.43981511972171,47.547969216199455,7.521970408855142,7.345407844782447,7.698532972927837
lognormal,forced,12,1706.5209897317472,1584.859686958946,1828.1822925045485,1752.6518847282312,1639.8719282636528,1865.4318411928095,0.7404296874999999,0.7376555471974547,0.7432038278025451,0.9939518229166667,0.9936464684218042,0.9942571774115293,0.7809505208333333,0.7791011846776872,0.7827998569889794,0.08768591357636764,0.08625140239313474,0.08912042475960054,22.503463541666665,22.344796779909213,22.662130303424117,9.083333333333334,8.705061078218186,9.461605588448482,0.8870481518459461,0.8536227700665429,0.9204735336253493,46.3716159392449,44.89257490833905,47.850656970150744,7.504762116104,7.375242174878732,7.634282057329267
lognormal,pa16,12,544.2879268621199,509.928834418873,578.6470193053667,563.4205866763373,531.6137423579383,595.2274309947362,0.8169205729166668,0.8140307118009144,0.8198104340324192,0.9941666666666665,0.9939156692089095,0.9944176641244236,0.44511067708333335,0.4397645940950973,0.4504567600715694,0.05530010991268045,0.053919284606069935,0.05668093521929097,22.508515624999998,22.35293799210166,22.664093257898337,8.666666666666666,8.22618942319068,9.107143910142652,0.8767274028303441,0.8454573448160698,0.9079974608446184,47.84059631034776,45.61938912870688,50.06180349198865,7.5970782884127575,7.209815245060319,7.984341331765196
lognormal,stopwait,12,917.9889561997129,858.3687514953252,977.6091609041006,971.4550326546768,914.4570663973464,1028.4529989120072,0.8587890625,0.8565117985250666,0.8610663264749333,0.9941210937499999,0.9938774278004638,0.994364759699536,0.20525390624999998,0.19865998471916121,0.21184782778083874,0.030457269177010277,0.029436890965753304,0.03147764738826725,22.499635416666667,22.354310976950007,22.644959856383327,6.833333333333333,6.506666666666666,7.16,0.9020978979618685,0.8796978432930229,0.924497952630714,44.670396001039364,43.921689970254604,45.419102031824124,7.4256931692670465,7.352879257663852,7.498507080870241
markov_burst,true,12,776.2206717260452,717.755262263348,834.6860811887425,797.4428421600629,738.8083722643952,856.0773120557307,0.8123372395833334,0.8101095025872037,0.814564976579463,0.9950390625000001,0.9946372336839948,0.9954408913160053,0.6235481770833333,0.6219731852350756,0.625123168931591,0.07864312513668184,0.0767331824226927,0.08055306785067098,20.089375,20.000482373527422,20.17826762647258,11.5,10.796614248686032,12.203385751313968,nan,nan,nan,nan,nan,nan,nan,nan,nan
markov_burst,sco,12,2116.241906624064,1979.196448878467,2253.287364369661,2192.626036158072,2056.963795390876,2328.2882769252683,0.8128450520833331,0.8104258813222512,0.815264222844415,0.9947786458333332,0.9944098559437234,0.995147435722943,0.7536588541666666,0.7527303280798749,0.7545873802534582,0.061564568493811776,0.059767358414561364,0.06336177857306219,20.10760416666667,20.008719474250427,20.20648885908291,13.0,13.0,13.0,0.9243550280314986,0.8946017037775715,0.9541083522854257,48.33068408197957,46.706718536541004,49.954649627418135,7.601253068416145,7.260429407646999,7.94207672918529
markov_burst,forced,12,2014.1698197849992,1884.955775565966,2143.3838640040326,2094.6867070873127,1965.1526142374491,2224.2207999371763,0.8144401041666667,0.8124201734079317,0.8164600349254016,0.9950455729166667,0.994585248311568,0.9955058975217654,0.7455338541666667,0.7449360799954998,0.7461316283378336,0.06054459364935591,0.058643013861398724,0.062446173437313096,20.112161458333336,20.018013599494157,20.206309317172515,12.916666666666666,12.753333333333332,13.08,0.9536383399434872,0.9373692426181777,0.9699074372687968,46.20360034731774,44.82823804676574,47.57896264786974,7.3949125985982755,7.274563438605767,7.515261758590784
markov_burst,pa16,12,503.07515947009284,470.78461861292936,535.3657003272564,531.2969790345542,497.1045045722543,565.489453496854,0.8637434895833334,0.8621060152701632,0.8653809638965035,0.9950260416666667,0.9947619399926704,0.9952901433406631,0.33440755208333334,0.33193910023321954,0.33687600393344713,0.024184017738087343,0.023200152110885518,0.02516788336528917,20.069687499999997,19.970454222544095,20.1689207774559,11.75,11.32350974290854,12.17649025709146,0.9466855704907174,0.9286071021381028,0.9647640388433321,47.08372403640123,45.31239605341806,48.855052019384395,7.604915096160066,7.249209638119584,7.960620554200547
markov_burst,stopwait,12,1059.6798848411543,986.7842345753643,1132.5755351069442,1128.5307510271625,1052.216046259827,1204.845455794498,0.8928645833333334,0.8913942482494704,0.8943349184171964,0.99505859375,0.9949030231983979,0.9952141643016023,0.07514973958333333,0.0715355915385847,0.07876388762808197,0.003981199581462033,0.0036115405145834114,0.0043508586483406555,19.961119791666665,19.875138643887986,20.047100939445343,7.083333333333333,6.424455346130693,7.742211320535973,0.9550428288479759,0.9287261079847204,0.9813595497112313,45.55046174979168,44.14339915543697,46.95752434414639,7.388778317875915,7.291234309492499,7.486322326259331
forward_heavy,true,12,557.7786382587168,519.8327641491475,595.7245123682861,570.3898918760626,532.043010090766,608.7367736613593,0.8208854166666667,0.8192821587026217,0.8224886746307117,0.9950325520833333,0.9948483981252724,0.9952167060413942,0.6224609374999999,0.6208237841339227,0.624098090866077,0.06479138901341928,0.06314564095735802,0.06643713706948055,19.943880208333336,19.884536563194075,20.003223853472598,6.5,6.204518882313792,6.795481117686208,nan,nan,nan,nan,nan,nan,nan,nan,nan
forward_heavy,sco,12,1997.317530189902,1869.6487251914104,2124.9863351883937,2036.5829061793836,1907.5437051782344,2165.6221071805326,0.8338411458333334,0.8319399955730995,0.8357422960935672,0.9949934895833331,0.9948721283298416,0.9951148508368246,0.7691080729166666,0.7683860399562076,0.7698301058771256,0.06986721233273112,0.0684988745217449,0.07123555014371734,19.9428125,19.877015232668768,20.00860976733123,7.5,6.988211691490248,8.011788308509752,0.9219324412339119,0.9043125558650983,0.9395523266027256,44.008609207645215,43.37022552120058,44.64699289408985,7.421531071773988,7.376993541581879,7.466068601966098
forward_heavy,forced,12,1899.9845707068969,1779.0275952045304,2020.9415462092634,1941.3461248065817,1821.6805032011328,2061.011746412031,0.8321809895833333,0.8300189674501401,0.8343430117165265,0.9949544270833334,0.9948192192068882,0.9950896349597785,0.76265625,0.7616732385285357,0.7636392614714643,0.07062313916456993,0.06933001249971062,0.07191626582942924,19.94799479166667,19.88002257418357,20.01596700914977,7.416666666666667,7.038394411551519,7.794938921781815,0.9247083332561274,0.8992178735086281,0.9501987930036268,44.148194339004505,43.146098684763494,45.150289993245515,7.378376250219206,7.2918608315355975,7.464891668902814
forward_heavy,pa16,12,458.48082872525515,429.00124085515966,487.96041659535064,478.0398347519156,449.90554852313915,506.174120980692,0.8184895833333333,0.8166497325380397,0.8203294341286269,0.9950130208333331,0.9947966061365511,0.9952294355301151,0.30694661458333333,0.3018161667665928,0.3120770624000739,0.07029627143500838,0.06916702529941002,0.07142551757060675,19.95114583333333,19.890932854319683,20.01135881234698,7.166666666666667,6.7605667138014,7.572766619531934,0.9139452511695159,0.8837003079528978,0.9441901943861339,46.55293191046261,44.98613403325984,48.119729787665385,7.581856015826767,7.259322770126849,7.904389261526685
forward_heavy,stopwait,12,933.8440283602896,865.1365111491683,1002.5515455714109,992.0263685642602,936.7602965870011,1047.2924405415195,0.8795182291666667,0.8779246951352633,0.88111176319807,0.9949283854166665,0.9947842743447273,0.9950724964886057,0.06716145833333333,0.06384283994124967,0.07048007672541698,0.01503819690826145,0.014198622738824941,0.015877771077697958,19.947135416666665,19.88028005759902,20.01399077573431,5.166666666666667,4.84,5.493333333333334,0.9420514892941364,0.9132475201702419,0.9708554584180309,44.17929504000367,43.30432227922722,45.054267800780124,7.381761433660721,7.313923769395402,7.44959909792604
feedback_heavy,true,12,1218.849744316419,1133.3888800312188,1304.3106086016192,1236.9281347910858,1149.906258909502,1323.9500106726696,0.8981054687500002,0.8964969244878617,0.8997140130121387,0.9950520833333333,0.9949183616052844,0.9951858050613822,0.71912109375,0.7178287589671049,0.7204134285328951,0.0,0.0,0.0,19.939296875,19.846608679568945,20.031985070431055,5.833333333333333,5.61309471159534,6.053571955071326,nan,nan,nan,nan,nan,nan,nan,nan,nan
feedback_heavy,sco,12,2339.0881423472733,2190.2542338895832,2487.9220508049634,2407.6199876280743,2254.7207177467208,2560.519257509428,0.8978190104166667,0.8963052072092857,0.8993328136240476,0.9950455729166666,0.9949103650402213,0.9951807807931119,0.7690885416666667,0.767984287967088,0.7701927953662455,0.0,0.0,0.0,19.936744791666666,19.84149698472885,20.031992598604482,7.333333333333333,7.054751063962002,7.611915602704664,0.9535633961185431,0.9343809633939099,0.9727458288431764,43.79859941885551,42.44317742290785,45.15402141480317,7.454437728816447,7.387297937466741,7.5215775201661526
feedback_heavy,forced,12,2229.434873401306,2077.690902556455,2381.178844246157,2286.687943511091,2140.886353377851,2432.489533644331,0.8976757812499999,0.8961348033317182,0.8992167591682816,0.9950065104166667,0.9948822563340384,0.9951307644992949,0.7629296874999998,0.7618080106491459,0.7640513643508536,0.00016674618527072745,7.412977958537653e-05,0.00025936259095607836,19.933932291666668,19.838099409580384,20.029765173752953,7.25,6.994105845745124,7.505894154254876,0.9324387343688815,0.908004083037042,0.9568733857007209,43.87347572393273,42.7448549978728,45.002096449992656,7.44381156812361,7.3625417641271715,7.525081372120048
feedback_heavy,pa16,12,455.31974073181055,425.760521274667,484.8789601889541,480.6196845689037,451.4468579868416,509.7925111509658,0.8978320312500001,0.8963377543124544,0.8993263081875458,0.9949218750000001,0.9947259968418484,0.9951177531581518,0.30593750000000003,0.2991515580137244,0.31272344198627566,0.0,0.0,0.0,19.935885416666665,19.84070696947044,20.03106386386289,7.083333333333333,6.705061078218186,7.46160558844848,0.9155213992530169,0.8915530789300502,0.9394897195759836,46.407460435564275,45.09586128687286,47.71905958425569,7.460188238931981,7.395901994894582,7.524474482969381
feedback_heavy,stopwait,12,737.5783407226228,689.902878743771,785.2538027014746,795.6496326263594,748.9484020360153,842.3508632167036,0.8978645833333334,0.8965265692733019,0.8992025973933649,0.9950195312500001,0.9948605721944954,0.9951784903055048,0.06616536458333334,0.06154472401884475,0.07078600514782195,0.0,0.0,0.0,19.92713541666667,19.837227560718713,20.017043272614625,4.833333333333333,4.427233380468066,5.2394332861986,0.9405776661291366,0.9226712580835442,0.958484074174729,43.64162914284768,42.7531296118024,44.53012867389295,7.385522557516708,7.3197614639600195,7.451283651073397
